FirstName,LastName,Username,Email,Password,DateOfBirth,PhoneNumber,Address,City,AcademicProgram
Chi,Nguyen,chi.nguyen1,chi.nguyen1@student.sims.edu,,2003-02-14,555-2143,779 Hai Ba Trung,Ha Noi,Computer Science
Dung,Huynh,dung.huynh2,dung.huynh2@student.sims.edu,,2004-03-23,555-9250,532 Nguyen Hue,Ho Chi Minh,Information Technology
Duc,Pham,duc.pham3,duc.pham3@student.sims.edu,,2005-10-02,555-5840,990 Le Loi,Nha Trang,Mathematics
Nga,Dang,nga.dang4,nga.dang4@student.sims.edu,,2005-01-24,555-4403,700 Nguyen Hue,Nha Trang,Electronics
Trang,Dang,trang.dang5,trang.dang5@student.sims.edu,,2004-12-25,555-3622,640 Hai Ba Trung,Can Tho,Computer Science
Giang,Vu,giang.vu6,giang.vu6@student.sims.edu,,2001-06-04,555-3026,223 Le Loi,Ha Noi,Mathematics
Minh,Huynh,minh.huynh7,minh.huynh7@student.sims.edu,,2002-06-08,555-2678,650 Nguyen Hue,Nha Trang,Mathematics
Tuan,Dang,tuan.dang8,tuan.dang8@student.sims.edu,,2005-12-28,555-2067,200 Hai Ba Trung,Da Nang,Information Technology
Hai,Dang,hai.dang9,hai.dang9@student.sims.edu,,2001-04-07,555-8419,123 Hai Ba Trung,Hai Phong,Mathematics
Quang,Ly,quang.ly10,quang.ly10@student.sims.edu,,2002-12-13,555-2003,686 Tran Phu,Can Tho,Physics
Yen,Nguyen,yen.nguyen11,yen.nguyen11@student.sims.edu,,2002-11-08,555-3111,112 Nguyen Hue,Hai Phong,Electronics
Ha,Ly,ha.ly12,ha.ly12@student.sims.edu,,2004-09-22,555-9808,212 Hai Ba Trung,Hue,Physics
Dung,Duong,dung.duong13,dung.duong13@student.sims.edu,,2001-06-21,555-3833,855 Nguyen Hue,Can Tho,Physics
Minh,Tran,minh.tran14,minh.tran14@student.sims.edu,,2003-03-11,555-4811,266 Nguyen Hue,Can Tho,Business
Ha,Pham,ha.pham15,ha.pham15@student.sims.edu,,2003-03-09,555-1307,312 Nguyen Hue,Ho Chi Minh,Computer Science
Thu,Ho,thu.ho16,thu.ho16@student.sims.edu,,2003-07-07,555-4997,52 Tran Phu,Hai Phong,Information Technology
Hung,Vu,hung.vu17,hung.vu17@student.sims.edu,,2002-04-27,555-9395,986 Hai Ba Trung,Ho Chi Minh,Mathematics
Hoa,Vu,hoa.vu18,hoa.vu18@student.sims.edu,,2003-10-08,555-4540,586 Nguyen Hue,Nha Trang,Mathematics
Linh,Tran,linh.tran19,linh.tran19@student.sims.edu,,2001-09-02,555-6349,805 Tran Phu,Ha Noi,Computer Science
Chi,Vo,chi.vo20,chi.vo20@student.sims.edu,,2002-05-11,555-3382,785 Le Loi,Ha Noi,Information Technology
Trang,Ho,trang.ho21,trang.ho21@student.sims.edu,,2003-10-11,555-2743,370 Le Loi,Ho Chi Minh,Mathematics
Mai,Duong,mai.duong22,mai.duong22@student.sims.edu,,2003-03-03,555-8244,160 Le Loi,Ha Noi,Mathematics
Yen,Ho,yen.ho23,yen.ho23@student.sims.edu,,2005-08-21,555-5908,883 Nguyen Hue,Nha Trang,Information Technology
Yen,Do,yen.do24,yen.do24@student.sims.edu,,2002-03-06,555-7628,370 Tran Phu,Can Tho,Mathematics
Quyen,Le,quyen.le25,quyen.le25@student.sims.edu,,2001-03-21,555-6936,18 Le Loi,Ho Chi Minh,Electronics
An,Ly,an.ly26,an.ly26@student.sims.edu,,2001-01-09,555-9087,388 Nguyen Hue,Ho Chi Minh,Business
Son,Nguyen,son.nguyen27,son.nguyen27@student.sims.edu,,2003-09-09,555-2515,554 Hai Ba Trung,Ho Chi Minh,Business
Chi,Huynh,chi.huynh28,chi.huynh28@student.sims.edu,,2004-04-22,555-5356,913 Nguyen Hue,Can Tho,Information Technology
Khanh,Bui,khanh.bui29,khanh.bui29@student.sims.edu,,2001-11-16,555-4031,721 Hai Ba Trung,Da Nang,Electronics
Khanh,Ly,khanh.ly30,khanh.ly30@student.sims.edu,,2005-02-13,555-8234,176 Nguyen Hue,Can Tho,Business
Duc,Nguyen,duc.nguyen31,duc.nguyen31@student.sims.edu,,2001-01-10,555-7722,906 Hai Ba Trung,Nha Trang,Information Technology
Khanh,Duong,khanh.duong32,khanh.duong32@student.sims.edu,,2004-03-19,555-7668,193 Nguyen Hue,Ha Noi,Electronics
Hai,Nguyen,hai.nguyen33,hai.nguyen33@student.sims.edu,,2005-01-03,555-1360,471 Tran Phu,Ha Noi,Mathematics
Lan,Hoang,lan.hoang34,lan.hoang34@student.sims.edu,,2001-12-21,555-9621,456 Hai Ba Trung,Hue,Mathematics
Tam,Pham,tam.pham35,tam.pham35@student.sims.edu,,2005-01-22,555-4509,43 Nguyen Hue,Ho Chi Minh,Business
Trang,Dang,trang.dang36,trang.dang36@student.sims.edu,,2004-12-05,555-9736,318 Nguyen Hue,Hai Phong,Information Technology
Trang,Do,trang.do37,trang.do37@student.sims.edu,,2001-02-05,555-6808,398 Hai Ba Trung,Ho Chi Minh,Mathematics
Khanh,Tran,khanh.tran38,khanh.tran38@student.sims.edu,,2003-08-07,555-8310,320 Tran Phu,Can Tho,Physics
Giang,Vu,giang.vu39,giang.vu39@student.sims.edu,,2002-02-23,555-9134,45 Tran Phu,Ha Noi,Business
Mai,Nguyen,mai.nguyen40,mai.nguyen40@student.sims.edu,,2001-02-21,555-2579,288 Le Loi,Can Tho,Information Technology
Bao,Do,bao.do41,bao.do41@student.sims.edu,,2003-02-20,555-3310,446 Tran Phu,Hai Phong,Physics
Ha,Bui,ha.bui42,ha.bui42@student.sims.edu,,2004-04-07,555-6441,972 Hai Ba Trung,Can Tho,Electronics
Binh,Le,binh.le43,binh.le43@student.sims.edu,,2004-09-14,555-1180,153 Le Loi,Hue,Physics
Ngoc,Dang,ngoc.dang44,ngoc.dang44@student.sims.edu,,2005-10-22,555-2186,575 Nguyen Hue,Can Tho,Computer Science
Mai,Bui,mai.bui45,mai.bui45@student.sims.edu,,2003-11-10,555-3116,963 Le Loi,Hue,Computer Science
Hung,Ngo,hung.ngo46,hung.ngo46@student.sims.edu,,2003-02-04,555-2005,985 Le Loi,Ho Chi Minh,Mathematics
Mai,Dang,mai.dang47,mai.dang47@student.sims.edu,,2005-10-16,555-8331,218 Le Loi,Ha Noi,Business
Ngoc,Do,ngoc.do48,ngoc.do48@student.sims.edu,,2003-01-15,555-7587,478 Hai Ba Trung,Da Nang,Physics
Nam,Hoang,nam.hoang49,nam.hoang49@student.sims.edu,,2004-08-24,555-2390,513 Tran Phu,Hai Phong,Electronics
Ngoc,Dang,ngoc.dang50,ngoc.dang50@student.sims.edu,,2005-08-24,555-5765,740 Tran Phu,Nha Trang,Physics
Ha,Ngo,ha.ngo51,ha.ngo51@student.sims.edu,,2002-04-13,555-7878,477 Hai Ba Trung,Hue,Information Technology
Quang,Ngo,quang.ngo52,quang.ngo52@student.sims.edu,,2003-10-17,555-1181,28 Hai Ba Trung,Can Tho,Physics
Minh,Huynh,minh.huynh53,minh.huynh53@student.sims.edu,,2005-03-24,555-9622,243 Hai Ba Trung,Nha Trang,Electronics
Chi,Do,chi.do54,chi.do54@student.sims.edu,,2002-03-01,555-3476,384 Tran Phu,Ho Chi Minh,Mathematics
Phong,Huynh,phong.huynh55,phong.huynh55@student.sims.edu,,2004-11-18,555-3772,594 Hai Ba Trung,Ha Noi,Business
Bao,Bui,bao.bui56,bao.bui56@student.sims.edu,,2001-08-02,555-5297,673 Tran Phu,Hai Phong,Mathematics
Quyen,Ly,quyen.ly57,quyen.ly57@student.sims.edu,,2004-06-18,555-7075,465 Le Loi,Da Nang,Computer Science
Bao,Pham,bao.pham58,bao.pham58@student.sims.edu,,2005-02-14,555-7344,741 Tran Phu,Nha Trang,Information Technology
Binh,Ho,binh.ho59,binh.ho59@student.sims.edu,,2002-11-24,555-6804,229 Le Loi,Can Tho,Physics
Hung,Tran,hung.tran60,hung.tran60@student.sims.edu,,2005-02-18,555-8494,740 Le Loi,Ha Noi,Physics
Mai,Pham,mai.pham61,mai.pham61@student.sims.edu,,2003-10-23,555-4513,624 Hai Ba Trung,Can Tho,Physics
Binh,Vu,binh.vu62,binh.vu62@student.sims.edu,,2004-04-24,555-9464,501 Tran Phu,Ha Noi,Information Technology
Hai,Ly,hai.ly63,hai.ly63@student.sims.edu,,2002-03-19,555-6717,507 Tran Phu,Hai Phong,Physics
Tam,Ho,tam.ho64,tam.ho64@student.sims.edu,,2001-01-15,555-1616,95 Le Loi,Da Nang,Business
Mai,Duong,mai.duong65,mai.duong65@student.sims.edu,,2001-12-06,555-4276,393 Tran Phu,Ha Noi,Computer Science
Mai,Pham,mai.pham66,mai.pham66@student.sims.edu,,2001-11-12,555-5835,955 Le Loi,Ho Chi Minh,Business
Tam,Bui,tam.bui67,tam.bui67@student.sims.edu,,2001-03-28,555-3562,112 Le Loi,Ha Noi,Electronics
Nga,Dang,nga.dang68,nga.dang68@student.sims.edu,,2002-05-07,555-7799,727 Tran Phu,Can Tho,Mathematics
Ngoc,Huynh,ngoc.huynh69,ngoc.huynh69@student.sims.edu,,2005-09-15,555-6308,911 Nguyen Hue,Can Tho,Computer Science
Lan,Ly,lan.ly70,lan.ly70@student.sims.edu,,2002-08-23,555-3608,227 Le Loi,Ha Noi,Information Technology
An,Ho,an.ho71,an.ho71@student.sims.edu,,2002-10-18,555-2103,74 Tran Phu,Ha Noi,Mathematics
Binh,Ly,binh.ly72,binh.ly72@student.sims.edu,,2004-12-13,555-6301,823 Le Loi,Ha Noi,Mathematics
Tuan,Vo,tuan.vo73,tuan.vo73@student.sims.edu,,2003-09-02,555-4356,716 Le Loi,Da Nang,Mathematics
Son,Nguyen,son.nguyen74,son.nguyen74@student.sims.edu,,2004-08-28,555-1742,132 Nguyen Hue,Da Nang,Business
Phong,Vo,phong.vo75,phong.vo75@student.sims.edu,,2003-12-26,555-7565,439 Tran Phu,Ha Noi,Electronics
Khanh,Pham,khanh.pham76,khanh.pham76@student.sims.edu,,2005-08-02,555-9081,956 Hai Ba Trung,Hue,Information Technology
Tuan,Pham,tuan.pham77,tuan.pham77@student.sims.edu,,2005-11-06,555-4910,207 Tran Phu,Ha Noi,Physics
Binh,Tran,binh.tran78,binh.tran78@student.sims.edu,,2002-09-05,555-9047,610 Le Loi,Hai Phong,Electronics
Son,Le,son.le79,son.le79@student.sims.edu,,2001-10-13,555-2228,854 Nguyen Hue,Ha Noi,Business
Tam,Vo,tam.vo80,tam.vo80@student.sims.edu,,2001-07-21,555-6546,460 Hai Ba Trung,Hue,Mathematics
Thu,Duong,thu.duong81,thu.duong81@student.sims.edu,,2003-07-06,555-9633,600 Hai Ba Trung,Hue,Business
Nam,Vu,nam.vu82,nam.vu82@student.sims.edu,,2001-08-17,555-4372,998 Hai Ba Trung,Ho Chi Minh,Electronics
Chi,Huynh,chi.huynh83,chi.huynh83@student.sims.edu,,2004-02-28,555-1367,329 Le Loi,Can Tho,Computer Science
An,Nguyen,an.nguyen84,an.nguyen84@student.sims.edu,,2001-01-25,555-4172,110 Nguyen Hue,Hue,Electronics
Dung,Ho,dung.ho85,dung.ho85@student.sims.edu,,2004-06-06,555-2229,702 Le Loi,Nha Trang,Business
Lan,Duong,lan.duong86,lan.duong86@student.sims.edu,,2003-04-21,555-4732,685 Tran Phu,Hue,Physics
An,Ly,an.ly87,an.ly87@student.sims.edu,,2001-01-18,555-9788,617 Hai Ba Trung,Hue,Mathematics
Hoa,Bui,hoa.bui88,hoa.bui88@student.sims.edu,,2001-06-22,555-5719,775 Hai Ba Trung,Hue,Physics
Chi,Do,chi.do89,chi.do89@student.sims.edu,,2004-07-24,555-2165,586 Hai Ba Trung,Hai Phong,Physics
Thu,Vo,thu.vo90,thu.vo90@student.sims.edu,,2004-10-15,555-3526,214 Le Loi,Ha Noi,Information Technology
Dung,Bui,dung.bui91,dung.bui91@student.sims.edu,,2003-12-23,555-5451,91 Nguyen Hue,Ho Chi Minh,Mathematics
Tam,Nguyen,tam.nguyen92,tam.nguyen92@student.sims.edu,,2003-08-12,555-9441,361 Le Loi,Ha Noi,Information Technology
Trang,Dang,trang.dang93,trang.dang93@student.sims.edu,,2005-07-05,555-8787,514 Tran Phu,Nha Trang,Business
Chi,Do,chi.do94,chi.do94@student.sims.edu,,2004-12-03,555-1460,919 Tran Phu,Hai Phong,Physics
Ha,Duong,ha.duong95,ha.duong95@student.sims.edu,,2005-02-08,555-4002,262 Tran Phu,Ha Noi,Physics
Trang,Duong,trang.duong96,trang.duong96@student.sims.edu,,2005-09-13,555-2116,897 Nguyen Hue,Da Nang,Electronics
Linh,Huynh,linh.huynh97,linh.huynh97@student.sims.edu,,2005-02-22,555-3515,707 Le Loi,Hue,Electronics
Binh,Ly,binh.ly98,binh.ly98@student.sims.edu,,2001-07-19,555-3731,514 Tran Phu,Ho Chi Minh,Physics
An,Hoang,an.hoang99,an.hoang99@student.sims.edu,,2001-03-15,555-9022,231 Le Loi,Hue,Electronics
Quang,Dang,quang.dang100,quang.dang100@student.sims.edu,,2002-02-07,555-9915,716 Nguyen Hue,Ha Noi,Electronics
Minh,Bui,minh.bui101,minh.bui101@student.sims.edu,,2003-12-23,555-9491,327 Le Loi,Ho Chi Minh,Computer Science
Son,Ngo,son.ngo102,son.ngo102@student.sims.edu,,2004-04-08,555-4684,551 Tran Phu,Ha Noi,Electronics
Thu,Vu,thu.vu103,thu.vu103@student.sims.edu,,2005-01-10,555-9393,669 Nguyen Hue,Hai Phong,Computer Science
Mai,Bui,mai.bui104,mai.bui104@student.sims.edu,,2002-10-12,555-8146,154 Nguyen Hue,Ho Chi Minh,Physics
Son,Ly,son.ly105,son.ly105@student.sims.edu,,2003-11-22,555-6494,707 Nguyen Hue,Hue,Information Technology
Dung,Tran,dung.tran106,dung.tran106@student.sims.edu,,2002-08-14,555-6402,375 Le Loi,Can Tho,Computer Science
Hung,Nguyen,hung.nguyen107,hung.nguyen107@student.sims.edu,,2002-09-25,555-5207,340 Tran Phu,Ha Noi,Electronics
Vy,Dang,vy.dang108,vy.dang108@student.sims.edu,,2001-12-24,555-7401,926 Nguyen Hue,Hai Phong,Business
Dung,Do,dung.do109,dung.do109@student.sims.edu,,2002-12-22,555-8977,298 Nguyen Hue,Can Tho,Business
Bao,Vo,bao.vo110,bao.vo110@student.sims.edu,,2003-01-09,555-7018,370 Nguyen Hue,Can Tho,Information Technology
Yen,Le,yen.le111,yen.le111@student.sims.edu,,2004-12-27,555-7004,961 Hai Ba Trung,Ha Noi,Mathematics
Mai,Pham,mai.pham112,mai.pham112@student.sims.edu,,2001-04-02,555-5477,411 Nguyen Hue,Da Nang,Physics
Duc,Le,duc.le113,duc.le113@student.sims.edu,,2005-08-09,555-6136,254 Nguyen Hue,Ho Chi Minh,Physics
Quang,Bui,quang.bui114,quang.bui114@student.sims.edu,,2004-08-19,555-2501,636 Hai Ba Trung,Can Tho,Electronics
Yen,Le,yen.le115,yen.le115@student.sims.edu,,2004-05-26,555-8263,369 Tran Phu,Nha Trang,Computer Science
Nam,Dang,nam.dang116,nam.dang116@student.sims.edu,,2005-08-03,555-4507,38 Hai Ba Trung,Ha Noi,Computer Science
Quang,Hoang,quang.hoang117,quang.hoang117@student.sims.edu,,2001-11-28,555-8145,762 Le Loi,Nha Trang,Mathematics
Ha,Le,ha.le118,ha.le118@student.sims.edu,,2004-07-18,555-3854,581 Tran Phu,Da Nang,Electronics
Chi,Le,chi.le119,chi.le119@student.sims.edu,,2001-05-18,555-9694,399 Tran Phu,Can Tho,Business
Khanh,Ho,khanh.ho120,khanh.ho120@student.sims.edu,,2003-03-19,555-4717,108 Tran Phu,Da Nang,Mathematics
Tuan,Bui,tuan.bui121,tuan.bui121@student.sims.edu,,2002-07-02,555-6228,172 Hai Ba Trung,Hue,Mathematics
Nam,Le,nam.le122,nam.le122@student.sims.edu,,2003-07-09,555-2877,586 Hai Ba Trung,Ha Noi,Mathematics
Khanh,Vu,khanh.vu123,khanh.vu123@student.sims.edu,,2001-05-02,555-4503,284 Le Loi,Can Tho,Business
Ha,Bui,ha.bui124,ha.bui124@student.sims.edu,,2004-09-28,555-4107,46 Nguyen Hue,Can Tho,Information Technology
Khanh,Pham,khanh.pham125,khanh.pham125@student.sims.edu,,2004-09-01,555-2529,674 Tran Phu,Ha Noi,Mathematics
Phong,Nguyen,phong.nguyen126,phong.nguyen126@student.sims.edu,,2002-04-24,555-2532,279 Hai Ba Trung,Ho Chi Minh,Information Technology
Binh,Pham,binh.pham127,binh.pham127@student.sims.edu,,2003-12-28,555-3037,613 Hai Ba Trung,Nha Trang,Computer Science
Hoa,Tran,hoa.tran128,hoa.tran128@student.sims.edu,,2002-10-20,555-3442,292 Tran Phu,Ho Chi Minh,Mathematics
Binh,Pham,binh.pham129,binh.pham129@student.sims.edu,,2001-07-10,555-8185,720 Tran Phu,Ha Noi,Computer Science
Mai,Do,mai.do130,mai.do130@student.sims.edu,,2002-03-25,555-9670,222 Hai Ba Trung,Ha Noi,Computer Science
Chi,Hoang,chi.hoang131,chi.hoang131@student.sims.edu,,2005-06-12,555-2641,632 Le Loi,Ho Chi Minh,Electronics
Hung,Pham,hung.pham132,hung.pham132@student.sims.edu,,2004-07-14,555-3325,426 Nguyen Hue,Ho Chi Minh,Electronics
Yen,Do,yen.do133,yen.do133@student.sims.edu,,2002-12-06,555-4780,670 Le Loi,Hue,Physics
Bao,Duong,bao.duong134,bao.duong134@student.sims.edu,,2003-05-15,555-2192,934 Tran Phu,Hai Phong,Computer Science
Nga,Hoang,nga.hoang135,nga.hoang135@student.sims.edu,,2004-03-12,555-9210,625 Nguyen Hue,Ho Chi Minh,Mathematics
Duc,Pham,duc.pham136,duc.pham136@student.sims.edu,,2002-06-09,555-8254,784 Hai Ba Trung,Can Tho,Information Technology
Hoa,Ngo,hoa.ngo137,hoa.ngo137@student.sims.edu,,2001-08-13,555-7105,320 Hai Ba Trung,Hue,Information Technology
Quang,Vu,quang.vu138,quang.vu138@student.sims.edu,,2002-03-15,555-9814,612 Nguyen Hue,Can Tho,Information Technology
Tuan,Bui,tuan.bui139,tuan.bui139@student.sims.edu,,2001-01-23,555-5815,753 Nguyen Hue,Can Tho,Physics
Vy,Le,vy.le140,vy.le140@student.sims.edu,,2003-11-26,555-3346,757 Tran Phu,Nha Trang,Mathematics
Thu,Do,thu.do141,thu.do141@student.sims.edu,,2002-11-27,555-5184,297 Hai Ba Trung,Hai Phong,Electronics
Giang,Duong,giang.duong142,giang.duong142@student.sims.edu,,2003-08-27,555-8940,522 Nguyen Hue,Nha Trang,Business
Binh,Ly,binh.ly143,binh.ly143@student.sims.edu,,2002-01-12,555-9398,201 Hai Ba Trung,Hue,Business
Tuan,Ly,tuan.ly144,tuan.ly144@student.sims.edu,,2004-03-02,555-8090,944 Tran Phu,Nha Trang,Information Technology
Hoa,Ho,hoa.ho145,hoa.ho145@student.sims.edu,,2005-01-26,555-4644,737 Tran Phu,Ha Noi,Electronics
Bao,Pham,bao.pham146,bao.pham146@student.sims.edu,,2004-11-06,555-5358,922 Le Loi,Ha Noi,Business
Hung,Do,hung.do147,hung.do147@student.sims.edu,,2005-03-10,555-6943,889 Hai Ba Trung,Hai Phong,Mathematics
Dung,Bui,dung.bui148,dung.bui148@student.sims.edu,,2004-10-16,555-8133,744 Tran Phu,Hai Phong,Business
Linh,Dang,linh.dang149,linh.dang149@student.sims.edu,,2003-03-23,555-4059,118 Le Loi,Nha Trang,Electronics
Nga,Pham,nga.pham150,nga.pham150@student.sims.edu,,2002-08-26,555-2008,454 Le Loi,Hai Phong,Physics
Trang,Vo,trang.vo151,trang.vo151@student.sims.edu,,2001-06-26,555-8906,30 Nguyen Hue,Hue,Mathematics
Nga,Vu,nga.vu152,nga.vu152@student.sims.edu,,2004-02-25,555-2693,368 Le Loi,Hai Phong,Mathematics
Nga,Nguyen,nga.nguyen153,nga.nguyen153@student.sims.edu,,2001-04-07,555-7779,787 Hai Ba Trung,Da Nang,Business
Minh,Do,minh.do154,minh.do154@student.sims.edu,,2003-12-20,555-6039,368 Hai Ba Trung,Ho Chi Minh,Business
Binh,Vo,binh.vo155,binh.vo155@student.sims.edu,,2001-02-17,555-2499,513 Tran Phu,Da Nang,Business
Minh,Nguyen,minh.nguyen156,minh.nguyen156@student.sims.edu,,2002-05-26,555-8173,89 Nguyen Hue,Can Tho,Electronics
Minh,Tran,minh.tran157,minh.tran157@student.sims.edu,,2005-03-27,555-8577,486 Le Loi,Ha Noi,Business
Hung,Ly,hung.ly158,hung.ly158@student.sims.edu,,2001-11-26,555-7968,858 Hai Ba Trung,Ha Noi,Mathematics
Chi,Bui,chi.bui159,chi.bui159@student.sims.edu,,2005-11-04,555-6887,244 Le Loi,Ho Chi Minh,Mathematics
Thu,Ngo,thu.ngo160,thu.ngo160@student.sims.edu,,2004-11-21,555-2306,847 Tran Phu,Ho Chi Minh,Electronics
An,Ho,an.ho161,an.ho161@student.sims.edu,,2005-11-12,555-8683,767 Tran Phu,Da Nang,Business
Hoa,Ngo,hoa.ngo162,hoa.ngo162@student.sims.edu,,2001-12-16,555-2984,746 Tran Phu,Can Tho,Mathematics
Binh,Le,binh.le163,binh.le163@student.sims.edu,,2001-08-15,555-5912,348 Nguyen Hue,Can Tho,Physics
Dung,Dang,dung.dang164,dung.dang164@student.sims.edu,,2002-03-15,555-1919,232 Le Loi,Da Nang,Mathematics
Phong,Vu,phong.vu165,phong.vu165@student.sims.edu,,2001-04-13,555-8585,971 Le Loi,Nha Trang,Business
Quyen,Vo,quyen.vo166,quyen.vo166@student.sims.edu,,2002-06-24,555-9672,954 Nguyen Hue,Nha Trang,Computer Science
Minh,Pham,minh.pham167,minh.pham167@student.sims.edu,,2005-02-21,555-7564,619 Le Loi,Hue,Physics
Vy,Hoang,vy.hoang168,vy.hoang168@student.sims.edu,,2002-02-24,555-7703,888 Tran Phu,Ho Chi Minh,Physics
Minh,Pham,minh.pham169,minh.pham169@student.sims.edu,,2003-08-20,555-3187,85 Nguyen Hue,Can Tho,Computer Science
Lan,Duong,lan.duong170,lan.duong170@student.sims.edu,,2001-10-04,555-9730,670 Tran Phu,Da Nang,Business
Khanh,Vo,khanh.vo171,khanh.vo171@student.sims.edu,,2004-05-05,555-4896,178 Le Loi,Da Nang,Information Technology
Duc,Huynh,duc.huynh172,duc.huynh172@student.sims.edu,,2005-11-07,555-2532,471 Le Loi,Ho Chi Minh,Mathematics
Bao,Tran,bao.tran173,bao.tran173@student.sims.edu,,2001-01-12,555-2947,538 Nguyen Hue,Nha Trang,Computer Science
Hai,Dang,hai.dang174,hai.dang174@student.sims.edu,,2002-01-23,555-3194,743 Tran Phu,Da Nang,Business
Mai,Ly,mai.ly175,mai.ly175@student.sims.edu,,2001-03-10,555-9093,994 Tran Phu,Ho Chi Minh,Computer Science
An,Vo,an.vo176,an.vo176@student.sims.edu,,2001-12-21,555-9752,510 Tran Phu,Can Tho,Mathematics
Hoa,Ly,hoa.ly177,hoa.ly177@student.sims.edu,,2005-06-04,555-6756,544 Le Loi,Can Tho,Electronics
Hoa,Pham,hoa.pham178,hoa.pham178@student.sims.edu,,2004-01-03,555-8305,13 Hai Ba Trung,Can Tho,Physics
Nam,Vu,nam.vu179,nam.vu179@student.sims.edu,,2002-12-10,555-5100,711 Hai Ba Trung,Ha Noi,Business
Binh,Vu,binh.vu180,binh.vu180@student.sims.edu,,2005-04-04,555-8787,705 Tran Phu,Hai Phong,Information Technology
Vy,Vo,vy.vo181,vy.vo181@student.sims.edu,,2003-02-26,555-5731,593 Le Loi,Ho Chi Minh,Information Technology
Nam,Do,nam.do182,nam.do182@student.sims.edu,,2005-06-11,555-6279,534 Hai Ba Trung,Ho Chi Minh,Computer Science
Thu,Le,thu.le183,thu.le183@student.sims.edu,,2005-08-01,555-4136,844 Le Loi,Ho Chi Minh,Computer Science
Hoa,Vo,hoa.vo184,hoa.vo184@student.sims.edu,,2002-06-16,555-7374,265 Le Loi,Nha Trang,Mathematics
Binh,Vu,binh.vu185,binh.vu185@student.sims.edu,,2004-02-09,555-8660,207 Tran Phu,Nha Trang,Electronics
Tuan,Do,tuan.do186,tuan.do186@student.sims.edu,,2002-11-01,555-9510,949 Tran Phu,Da Nang,Mathematics
Ngoc,Duong,ngoc.duong187,ngoc.duong187@student.sims.edu,,2003-11-13,555-6854,311 Le Loi,Can Tho,Physics
Linh,Vu,linh.vu188,linh.vu188@student.sims.edu,,2005-11-10,555-2815,653 Le Loi,Ha Noi,Computer Science
Quyen,Huynh,quyen.huynh189,quyen.huynh189@student.sims.edu,,2003-11-06,555-5142,949 Tran Phu,Ho Chi Minh,Physics
Ha,Pham,ha.pham190,ha.pham190@student.sims.edu,,2002-06-12,555-9011,441 Nguyen Hue,Da Nang,Physics
Phong,Ho,phong.ho191,phong.ho191@student.sims.edu,,2004-01-19,555-1125,8 Nguyen Hue,Da Nang,Business
Ngoc,Tran,ngoc.tran192,ngoc.tran192@student.sims.edu,,2003-05-07,555-5820,141 Tran Phu,Da Nang,Information Technology
Ha,Huynh,ha.huynh193,ha.huynh193@student.sims.edu,,2004-01-16,555-7138,159 Hai Ba Trung,Nha Trang,Business
Trang,Bui,trang.bui194,trang.bui194@student.sims.edu,,2001-01-12,555-7941,101 Hai Ba Trung,Ha Noi,Information Technology
Hai,Bui,hai.bui195,hai.bui195@student.sims.edu,,2002-07-02,555-7956,557 Tran Phu,Ha Noi,Electronics
Bao,Ngo,bao.ngo196,bao.ngo196@student.sims.edu,,2001-09-07,555-9000,116 Nguyen Hue,Hue,Electronics
Quang,Tran,quang.tran197,quang.tran197@student.sims.edu,,2005-04-20,555-3714,476 Le Loi,Hue,Computer Science
Thu,Ho,thu.ho198,thu.ho198@student.sims.edu,,2002-09-02,555-6299,392 Hai Ba Trung,Ha Noi,Electronics
Mai,Pham,mai.pham199,mai.pham199@student.sims.edu,,2001-12-23,555-8882,16 Le Loi,Hue,Computer Science
Son,Le,son.le200,son.le200@student.sims.edu,,2005-10-12,555-6055,166 Hai Ba Trung,Hue,Information Technology
Tam,Pham,tam.pham201,tam.pham201@student.sims.edu,,2005-09-08,555-9393,546 Le Loi,Hue,Mathematics
Phong,Pham,phong.pham202,phong.pham202@student.sims.edu,,2001-04-13,555-6679,470 Hai Ba Trung,Hue,Electronics
Bao,Nguyen,bao.nguyen203,bao.nguyen203@student.sims.edu,,2005-01-18,555-1115,925 Hai Ba Trung,Ha Noi,Electronics
An,Ngo,an.ngo204,an.ngo204@student.sims.edu,,2004-08-04,555-9435,534 Nguyen Hue,Hue,Business
Thao,Ly,thao.ly205,thao.ly205@student.sims.edu,,2004-08-04,555-9022,165 Le Loi,Hai Phong,Mathematics
Dung,Ngo,dung.ngo206,dung.ngo206@student.sims.edu,,2004-03-16,555-8270,581 Tran Phu,Nha Trang,Information Technology
Dung,Bui,dung.bui207,dung.bui207@student.sims.edu,,2002-10-15,555-2461,973 Hai Ba Trung,Hai Phong,Business
Mai,Pham,mai.pham208,mai.pham208@student.sims.edu,,2002-06-20,555-9331,594 Tran Phu,Can Tho,Computer Science
Ngoc,Dang,ngoc.dang209,ngoc.dang209@student.sims.edu,,2001-04-03,555-5197,230 Le Loi,Da Nang,Computer Science
Ha,Nguyen,ha.nguyen210,ha.nguyen210@student.sims.edu,,2004-12-26,555-1464,144 Nguyen Hue,Da Nang,Electronics
Son,Pham,son.pham211,son.pham211@student.sims.edu,,2005-05-06,555-7891,80 Tran Phu,Ha Noi,Business
Nam,Le,nam.le212,nam.le212@student.sims.edu,,2003-12-23,555-7142,456 Hai Ba Trung,Can Tho,Electronics
Linh,Pham,linh.pham213,linh.pham213@student.sims.edu,,2003-01-19,555-3439,282 Hai Ba Trung,Can Tho,Computer Science
Vy,Dang,vy.dang214,vy.dang214@student.sims.edu,,2001-05-07,555-1813,833 Hai Ba Trung,Hai Phong,Physics
Bao,Huynh,bao.huynh215,bao.huynh215@student.sims.edu,,2001-02-06,555-1813,417 Nguyen Hue,Can Tho,Business
Hai,Ly,hai.ly216,hai.ly216@student.sims.edu,,2005-04-19,555-2336,420 Nguyen Hue,Hue,Information Technology
Mai,Nguyen,mai.nguyen217,mai.nguyen217@student.sims.edu,,2003-02-11,555-6578,141 Nguyen Hue,Ho Chi Minh,Electronics
Chi,Vo,chi.vo218,chi.vo218@student.sims.edu,,2004-08-05,555-4666,970 Hai Ba Trung,Ho Chi Minh,Computer Science
Bao,Tran,bao.tran219,bao.tran219@student.sims.edu,,2005-05-19,555-4169,326 Le Loi,Can Tho,Business
Mai,Vo,mai.vo220,mai.vo220@student.sims.edu,,2002-05-10,555-7695,640 Hai Ba Trung,Hue,Electronics
Giang,Bui,giang.bui221,giang.bui221@student.sims.edu,,2004-04-02,555-1792,814 Le Loi,Ho Chi Minh,Electronics
Ngoc,Ly,ngoc.ly222,ngoc.ly222@student.sims.edu,,2003-07-09,555-7401,389 Nguyen Hue,Ha Noi,Mathematics
Binh,Pham,binh.pham223,binh.pham223@student.sims.edu,,2002-08-02,555-3843,310 Hai Ba Trung,Hai Phong,Electronics
Binh,Nguyen,binh.nguyen224,binh.nguyen224@student.sims.edu,,2004-08-15,555-5269,755 Tran Phu,Da Nang,Business
Nga,Vo,nga.vo225,nga.vo225@student.sims.edu,,2005-06-07,555-8735,873 Tran Phu,Hai Phong,Electronics
Hoa,Tran,hoa.tran226,hoa.tran226@student.sims.edu,,2003-10-02,555-1135,536 Nguyen Hue,Ha Noi,Physics
Tam,Vo,tam.vo227,tam.vo227@student.sims.edu,,2003-09-26,555-2448,314 Tran Phu,Hai Phong,Information Technology
Linh,Tran,linh.tran228,linh.tran228@student.sims.edu,,2005-02-20,555-1587,282 Le Loi,Hai Phong,Business
Dung,Le,dung.le229,dung.le229@student.sims.edu,,2002-11-12,555-5812,387 Hai Ba Trung,Hue,Physics
Chi,Huynh,chi.huynh230,chi.huynh230@student.sims.edu,,2004-07-18,555-1871,242 Hai Ba Trung,Ha Noi,Physics
Son,Duong,son.duong231,son.duong231@student.sims.edu,,2004-09-09,555-2163,871 Le Loi,Da Nang,Electronics
Phong,Nguyen,phong.nguyen232,phong.nguyen232@student.sims.edu,,2002-09-27,555-1238,986 Le Loi,Hue,Information Technology
Bao,Vo,bao.vo233,bao.vo233@student.sims.edu,,2005-08-26,555-3624,735 Le Loi,Da Nang,Business
Tuan,Pham,tuan.pham234,tuan.pham234@student.sims.edu,,2005-09-02,555-6012,578 Le Loi,Can Tho,Physics
Son,Ho,son.ho235,son.ho235@student.sims.edu,,2004-09-01,555-4919,723 Tran Phu,Ha Noi,Information Technology
Hung,Hoang,hung.hoang236,hung.hoang236@student.sims.edu,,2001-12-28,555-6811,928 Le Loi,Hai Phong,Electronics
Duc,Bui,duc.bui237,duc.bui237@student.sims.edu,,2002-08-02,555-6129,543 Le Loi,Hai Phong,Computer Science
Tuan,Ly,tuan.ly238,tuan.ly238@student.sims.edu,,2003-07-03,555-8099,313 Le Loi,Da Nang,Mathematics
Vy,Le,vy.le239,vy.le239@student.sims.edu,,2003-09-26,555-4605,22 Le Loi,Can Tho,Computer Science
Quang,Duong,quang.duong240,quang.duong240@student.sims.edu,,2001-06-22,555-3192,306 Hai Ba Trung,Hue,Physics
Hoa,Huynh,hoa.huynh241,hoa.huynh241@student.sims.edu,,2001-07-18,555-3554,680 Tran Phu,Ha Noi,Physics
Nam,Ngo,nam.ngo242,nam.ngo242@student.sims.edu,,2001-09-07,555-9587,745 Le Loi,Hue,Mathematics
Son,Vo,son.vo243,son.vo243@student.sims.edu,,2001-09-14,555-1084,783 Hai Ba Trung,Nha Trang,Information Technology
Phong,Vu,phong.vu244,phong.vu244@student.sims.edu,,2001-03-20,555-4232,611 Le Loi,Ho Chi Minh,Business
Lan,Tran,lan.tran245,lan.tran245@student.sims.edu,,2004-09-25,555-8246,574 Le Loi,Da Nang,Computer Science
Mai,Pham,mai.pham246,mai.pham246@student.sims.edu,,2001-02-01,555-8888,754 Hai Ba Trung,Ha Noi,Physics
Nam,Duong,nam.duong247,nam.duong247@student.sims.edu,,2002-12-23,555-9328,592 Nguyen Hue,Ho Chi Minh,Business
Quyen,Tran,quyen.tran248,quyen.tran248@student.sims.edu,,2001-02-02,555-6886,924 Le Loi,Da Nang,Mathematics
Ha,Ly,ha.ly249,ha.ly249@student.sims.edu,,2004-03-18,555-8203,907 Le Loi,Can Tho,Physics
Mai,Vu,mai.vu250,mai.vu250@student.sims.edu,,2005-10-12,555-3077,779 Hai Ba Trung,Hue,Physics
Lan,Le,lan.le251,lan.le251@student.sims.edu,,2002-05-12,555-7114,851 Hai Ba Trung,Hai Phong,Information Technology
Bao,Duong,bao.duong252,bao.duong252@student.sims.edu,,2004-06-14,555-6266,544 Hai Ba Trung,Hai Phong,Electronics
Chi,Hoang,chi.hoang253,chi.hoang253@student.sims.edu,,2005-01-19,555-8599,723 Hai Ba Trung,Ha Noi,Information Technology
Nga,Ngo,nga.ngo254,nga.ngo254@student.sims.edu,,2001-04-11,555-6321,593 Tran Phu,Hai Phong,Physics
Thao,Vo,thao.vo255,thao.vo255@student.sims.edu,,2004-12-09,555-7495,266 Hai Ba Trung,Nha Trang,Mathematics
Tam,Le,tam.le256,tam.le256@student.sims.edu,,2002-02-27,555-8385,294 Hai Ba Trung,Can Tho,Mathematics
Bao,Nguyen,bao.nguyen257,bao.nguyen257@student.sims.edu,,2002-12-10,555-1105,683 Le Loi,Ho Chi Minh,Mathematics
Nam,Vu,nam.vu258,nam.vu258@student.sims.edu,,2005-04-08,555-9376,187 Hai Ba Trung,Ha Noi,Mathematics
Binh,Duong,binh.duong259,binh.duong259@student.sims.edu,,2004-02-10,555-3818,916 Le Loi,Ha Noi,Business
Nga,Nguyen,nga.nguyen260,nga.nguyen260@student.sims.edu,,2005-12-05,555-8747,246 Hai Ba Trung,Da Nang,Physics
Lan,Bui,lan.bui261,lan.bui261@student.sims.edu,,2004-10-16,555-6291,383 Tran Phu,Nha Trang,Physics
Bao,Vo,bao.vo262,bao.vo262@student.sims.edu,,2001-05-07,555-4764,711 Hai Ba Trung,Nha Trang,Computer Science
Duc,Ly,duc.ly263,duc.ly263@student.sims.edu,,2001-02-28,555-3991,280 Nguyen Hue,Ho Chi Minh,Mathematics
Yen,Do,yen.do264,yen.do264@student.sims.edu,,2003-04-16,555-7284,70 Hai Ba Trung,Ho Chi Minh,Physics
Mai,Ho,mai.ho265,mai.ho265@student.sims.edu,,2005-05-21,555-4931,224 Tran Phu,Hue,Information Technology
Lan,Ly,lan.ly266,lan.ly266@student.sims.edu,,2002-05-18,555-1332,996 Le Loi,Nha Trang,Physics
Vy,Do,vy.do267,vy.do267@student.sims.edu,,2002-01-17,555-7315,15 Nguyen Hue,Hue,Information Technology
Bao,Tran,bao.tran268,bao.tran268@student.sims.edu,,2001-05-08,555-3274,501 Nguyen Hue,Ha Noi,Computer Science
Bao,Do,bao.do269,bao.do269@student.sims.edu,,2005-08-11,555-4155,43 Le Loi,Hai Phong,Computer Science
Trang,Hoang,trang.hoang270,trang.hoang270@student.sims.edu,,2004-02-28,555-3929,347 Le Loi,Hai Phong,Computer Science
Yen,Bui,yen.bui271,yen.bui271@student.sims.edu,,2003-09-12,555-6094,340 Hai Ba Trung,Hue,Mathematics
Quyen,Vo,quyen.vo272,quyen.vo272@student.sims.edu,,2001-04-02,555-8679,899 Nguyen Hue,Ho Chi Minh,Physics
Hung,Duong,hung.duong273,hung.duong273@student.sims.edu,,2002-08-25,555-1078,396 Tran Phu,Can Tho,Electronics
Hoa,Le,hoa.le274,hoa.le274@student.sims.edu,,2002-01-04,555-1299,686 Tran Phu,Nha Trang,Mathematics
An,Hoang,an.hoang275,an.hoang275@student.sims.edu,,2005-11-01,555-9601,140 Tran Phu,Hai Phong,Physics
Duc,Bui,duc.bui276,duc.bui276@student.sims.edu,,2001-06-12,555-4434,77 Hai Ba Trung,Ho Chi Minh,Information Technology
Son,Do,son.do277,son.do277@student.sims.edu,,2004-06-18,555-8640,277 Hai Ba Trung,Ha Noi,Business
Duc,Ho,duc.ho278,duc.ho278@student.sims.edu,,2004-10-02,555-7293,893 Tran Phu,Da Nang,Physics
Tam,Duong,tam.duong279,tam.duong279@student.sims.edu,,2005-01-07,555-3716,718 Le Loi,Nha Trang,Information Technology
Quang,Pham,quang.pham280,quang.pham280@student.sims.edu,,2001-08-06,555-1065,506 Le Loi,Hai Phong,Information Technology
Yen,Hoang,yen.hoang281,yen.hoang281@student.sims.edu,,2003-12-18,555-2009,511 Le Loi,Ho Chi Minh,Electronics
Ngoc,Ho,ngoc.ho282,ngoc.ho282@student.sims.edu,,2003-07-03,555-2423,347 Hai Ba Trung,Ho Chi Minh,Information Technology
Giang,Pham,giang.pham283,giang.pham283@student.sims.edu,,2001-10-28,555-1410,798 Nguyen Hue,Ho Chi Minh,Electronics
Dung,Dang,dung.dang284,dung.dang284@student.sims.edu,,2005-12-16,555-3060,110 Tran Phu,Da Nang,Computer Science
Linh,Le,linh.le285,linh.le285@student.sims.edu,,2003-09-13,555-3773,67 Tran Phu,Hai Phong,Information Technology
Chi,Dang,chi.dang286,chi.dang286@student.sims.edu,,2004-02-13,555-2044,141 Tran Phu,Nha Trang,Business
Ngoc,Huynh,ngoc.huynh287,ngoc.huynh287@student.sims.edu,,2001-06-27,555-7561,874 Nguyen Hue,Nha Trang,Physics
Binh,Nguyen,binh.nguyen288,binh.nguyen288@student.sims.edu,,2005-04-26,555-9298,93 Tran Phu,Ho Chi Minh,Mathematics
Mai,Huynh,mai.huynh289,mai.huynh289@student.sims.edu,,2002-01-24,555-1347,961 Hai Ba Trung,Nha Trang,Computer Science
Minh,Pham,minh.pham290,minh.pham290@student.sims.edu,,2005-09-13,555-1440,186 Le Loi,Da Nang,Electronics
Phong,Nguyen,phong.nguyen291,phong.nguyen291@student.sims.edu,,2003-11-14,555-9316,957 Nguyen Hue,Ho Chi Minh,Mathematics
Thao,Huynh,thao.huynh292,thao.huynh292@student.sims.edu,,2005-12-07,555-2184,583 Nguyen Hue,Ha Noi,Mathematics
Hai,Dang,hai.dang293,hai.dang293@student.sims.edu,,2001-06-19,555-9147,132 Nguyen Hue,Hai Phong,Mathematics
Binh,Vo,binh.vo294,binh.vo294@student.sims.edu,,2003-08-08,555-6144,741 Hai Ba Trung,Nha Trang,Electronics
Son,Hoang,son.hoang295,son.hoang295@student.sims.edu,,2004-01-22,555-4276,683 Tran Phu,Can Tho,Physics
Chi,Pham,chi.pham296,chi.pham296@student.sims.edu,,2003-06-23,555-5507,181 Hai Ba Trung,Da Nang,Business
Linh,Vo,linh.vo297,linh.vo297@student.sims.edu,,2005-10-17,555-2109,333 Hai Ba Trung,Hai Phong,Electronics
Phong,Duong,phong.duong298,phong.duong298@student.sims.edu,,2005-11-20,555-2744,561 Tran Phu,Nha Trang,Physics
Vy,Le,vy.le299,vy.le299@student.sims.edu,,2002-08-27,555-7788,997 Hai Ba Trung,Hai Phong,Information Technology
Hung,Huynh,hung.huynh300,hung.huynh300@student.sims.edu,,2005-06-12,555-3603,432 Tran Phu,Hue,Computer Science
Linh,Bui,linh.bui301,linh.bui301@student.sims.edu,,2001-03-11,555-1076,731 Nguyen Hue,Da Nang,Computer Science
Yen,Duong,yen.duong302,yen.duong302@student.sims.edu,,2004-06-10,555-7097,361 Hai Ba Trung,Can Tho,Physics
Vy,Ngo,vy.ngo303,vy.ngo303@student.sims.edu,,2004-12-03,555-6961,367 Le Loi,Ho Chi Minh,Electronics
Giang,Ngo,giang.ngo304,giang.ngo304@student.sims.edu,,2005-01-05,555-8699,858 Tran Phu,Da Nang,Information Technology
Tuan,Vu,tuan.vu305,tuan.vu305@student.sims.edu,,2005-04-20,555-1839,145 Tran Phu,Ha Noi,Electronics
Nam,Ho,nam.ho306,nam.ho306@student.sims.edu,,2003-05-08,555-3978,9 Le Loi,Ha Noi,Physics
Thu,Ho,thu.ho307,thu.ho307@student.sims.edu,,2005-09-05,555-1635,837 Nguyen Hue,Nha Trang,Mathematics
Bao,Vu,bao.vu308,bao.vu308@student.sims.edu,,2005-08-07,555-6311,4 Nguyen Hue,Can Tho,Information Technology
Duc,Duong,duc.duong309,duc.duong309@student.sims.edu,,2002-08-07,555-6655,269 Tran Phu,Hue,Electronics
Trang,Le,trang.le310,trang.le310@student.sims.edu,,2005-07-06,555-8780,324 Nguyen Hue,Hai Phong,Physics
Bao,Dang,bao.dang311,bao.dang311@student.sims.edu,,2004-05-17,555-6117,558 Tran Phu,Can Tho,Physics
Giang,Le,giang.le312,giang.le312@student.sims.edu,,2003-05-23,555-4668,369 Nguyen Hue,Hai Phong,Physics
Trang,Nguyen,trang.nguyen313,trang.nguyen313@student.sims.edu,,2003-11-06,555-5559,618 Nguyen Hue,Nha Trang,Business
Hoa,Vo,hoa.vo314,hoa.vo314@student.sims.edu,,2001-10-12,555-5944,515 Le Loi,Can Tho,Information Technology
Ngoc,Hoang,ngoc.hoang315,ngoc.hoang315@student.sims.edu,,2002-08-24,555-3482,733 Hai Ba Trung,Nha Trang,Information Technology
Hai,Le,hai.le316,hai.le316@student.sims.edu,,2001-04-13,555-6783,350 Tran Phu,Nha Trang,Information Technology
Chi,Ngo,chi.ngo317,chi.ngo317@student.sims.edu,,2005-01-26,555-6215,412 Nguyen Hue,Ha Noi,Physics
Duc,Huynh,duc.huynh318,duc.huynh318@student.sims.edu,,2005-04-13,555-3568,197 Hai Ba Trung,Nha Trang,Computer Science
Nam,Duong,nam.duong319,nam.duong319@student.sims.edu,,2003-04-16,555-5729,605 Tran Phu,Ho Chi Minh,Mathematics
Minh,Ly,minh.ly320,minh.ly320@student.sims.edu,,2003-03-07,555-4827,451 Tran Phu,Da Nang,Business
Tuan,Duong,tuan.duong321,tuan.duong321@student.sims.edu,,2003-11-20,555-8690,362 Hai Ba Trung,Hai Phong,Business
Hai,Vo,hai.vo322,hai.vo322@student.sims.edu,,2003-02-06,555-3355,190 Tran Phu,Ha Noi,Business
An,Duong,an.duong323,an.duong323@student.sims.edu,,2003-01-21,555-8849,850 Hai Ba Trung,Da Nang,Information Technology
Quyen,Pham,quyen.pham324,quyen.pham324@student.sims.edu,,2003-11-17,555-5570,61 Le Loi,Ho Chi Minh,Computer Science
Duc,Huynh,duc.huynh325,duc.huynh325@student.sims.edu,,2003-12-26,555-1156,942 Le Loi,Ho Chi Minh,Information Technology
Nga,Vu,nga.vu326,nga.vu326@student.sims.edu,,2003-07-14,555-8757,23 Le Loi,Can Tho,Computer Science
Bao,Nguyen,bao.nguyen327,bao.nguyen327@student.sims.edu,,2003-11-15,555-1338,210 Hai Ba Trung,Ha Noi,Physics
Vy,Ho,vy.ho328,vy.ho328@student.sims.edu,,2001-10-22,555-8705,875 Tran Phu,Ha Noi,Physics
Minh,Pham,minh.pham329,minh.pham329@student.sims.edu,,2001-11-12,555-7153,979 Tran Phu,Ha Noi,Business
Hoa,Vu,hoa.vu330,hoa.vu330@student.sims.edu,,2004-11-21,555-4554,433 Nguyen Hue,Da Nang,Business
An,Nguyen,an.nguyen331,an.nguyen331@student.sims.edu,,2005-09-28,555-6713,82 Hai Ba Trung,Can Tho,Business
Chi,Nguyen,chi.nguyen332,chi.nguyen332@student.sims.edu,,2004-06-12,555-7509,903 Nguyen Hue,Hue,Computer Science
Nga,Dang,nga.dang333,nga.dang333@student.sims.edu,,2003-01-07,555-8297,213 Tran Phu,Hue,Information Technology
Yen,Le,yen.le334,yen.le334@student.sims.edu,,2002-06-04,555-6860,11 Tran Phu,Da Nang,Electronics
Quang,Ly,quang.ly335,quang.ly335@student.sims.edu,,2005-08-02,555-4504,260 Le Loi,Hue,Electronics
Trang,Nguyen,trang.nguyen336,trang.nguyen336@student.sims.edu,,2004-11-28,555-1994,618 Tran Phu,Hue,Information Technology
Yen,Dang,yen.dang337,yen.dang337@student.sims.edu,,2004-12-13,555-8044,605 Nguyen Hue,Da Nang,Mathematics
An,Vu,an.vu338,an.vu338@student.sims.edu,,2004-12-12,555-3119,881 Nguyen Hue,Can Tho,Business
Hung,Ho,hung.ho339,hung.ho339@student.sims.edu,,2005-11-18,555-6757,122 Tran Phu,Da Nang,Physics
Thu,Pham,thu.pham340,thu.pham340@student.sims.edu,,2003-03-06,555-9360,842 Hai Ba Trung,Can Tho,Physics
Dung,Do,dung.do341,dung.do341@student.sims.edu,,2003-12-20,555-4292,510 Nguyen Hue,Hai Phong,Information Technology
Giang,Tran,giang.tran342,giang.tran342@student.sims.edu,,2005-05-13,555-5717,644 Tran Phu,Can Tho,Computer Science
Hung,Hoang,hung.hoang343,hung.hoang343@student.sims.edu,,2003-11-26,555-4528,66 Le Loi,Da Nang,Computer Science
Lan,Ngo,lan.ngo344,lan.ngo344@student.sims.edu,,2002-12-11,555-6566,9 Le Loi,Hai Phong,Computer Science
Khanh,Ngo,khanh.ngo345,khanh.ngo345@student.sims.edu,,2003-07-27,555-3740,49 Nguyen Hue,Hai Phong,Mathematics
Khanh,Ngo,khanh.ngo346,khanh.ngo346@student.sims.edu,,2004-09-27,555-1311,742 Nguyen Hue,Hai Phong,Business
Hoa,Do,hoa.do347,hoa.do347@student.sims.edu,,2004-07-23,555-3157,557 Nguyen Hue,Nha Trang,Physics
Thao,Duong,thao.duong348,thao.duong348@student.sims.edu,,2001-03-04,555-5727,794 Tran Phu,Hue,Electronics
Tam,Do,tam.do349,tam.do349@student.sims.edu,,2002-02-09,555-4406,187 Le Loi,Can Tho,Business
Quyen,Dang,quyen.dang350,quyen.dang350@student.sims.edu,,2001-09-19,555-9681,720 Nguyen Hue,Ho Chi Minh,Physics
Dung,Ngo,dung.ngo351,dung.ngo351@student.sims.edu,,2003-03-08,555-4649,132 Hai Ba Trung,Can Tho,Information Technology
Duc,Dang,duc.dang352,duc.dang352@student.sims.edu,,2004-12-25,555-1824,326 Hai Ba Trung,Nha Trang,Physics
Linh,Bui,linh.bui353,linh.bui353@student.sims.edu,,2005-03-09,555-9420,556 Nguyen Hue,Da Nang,Information Technology
Hoa,Bui,hoa.bui354,hoa.bui354@student.sims.edu,,2004-08-25,555-4050,720 Hai Ba Trung,Can Tho,Computer Science
Hung,Ho,hung.ho355,hung.ho355@student.sims.edu,,2001-11-04,555-4802,553 Hai Ba Trung,Da Nang,Mathematics
Vy,Bui,vy.bui356,vy.bui356@student.sims.edu,,2002-04-14,555-8982,961 Tran Phu,Da Nang,Business
Minh,Huynh,minh.huynh357,minh.huynh357@student.sims.edu,,2005-03-22,555-4144,498 Le Loi,Ha Noi,Electronics
Ngoc,Le,ngoc.le358,ngoc.le358@student.sims.edu,,2003-04-20,555-9120,860 Le Loi,Can Tho,Information Technology
Son,Tran,son.tran359,son.tran359@student.sims.edu,,2001-01-25,555-8697,394 Tran Phu,Da Nang,Computer Science
Hai,Bui,hai.bui360,hai.bui360@student.sims.edu,,2003-07-18,555-3824,426 Tran Phu,Ha Noi,Business
Lan,Vu,lan.vu361,lan.vu361@student.sims.edu,,2001-08-01,555-4742,431 Hai Ba Trung,Ho Chi Minh,Electronics
Ngoc,Bui,ngoc.bui362,ngoc.bui362@student.sims.edu,,2004-07-21,555-1062,56 Le Loi,Can Tho,Physics
Vy,Huynh,vy.huynh363,vy.huynh363@student.sims.edu,,2004-09-22,555-9446,721 Hai Ba Trung,Ho Chi Minh,Physics
Ngoc,Dang,ngoc.dang364,ngoc.dang364@student.sims.edu,,2003-02-16,555-4534,671 Hai Ba Trung,Can Tho,Business
Lan,Huynh,lan.huynh365,lan.huynh365@student.sims.edu,,2002-05-19,555-4588,302 Le Loi,Hue,Physics
Thu,Nguyen,thu.nguyen366,thu.nguyen366@student.sims.edu,,2001-09-02,555-4441,612 Hai Ba Trung,Da Nang,Information Technology
Lan,Tran,lan.tran367,lan.tran367@student.sims.edu,,2005-11-04,555-3036,499 Hai Ba Trung,Nha Trang,Information Technology
Phong,Ly,phong.ly368,phong.ly368@student.sims.edu,,2004-11-21,555-1856,432 Le Loi,Can Tho,Mathematics
Tam,Duong,tam.duong369,tam.duong369@student.sims.edu,,2004-08-15,555-6904,546 Hai Ba Trung,Ho Chi Minh,Computer Science
Lan,Huynh,lan.huynh370,lan.huynh370@student.sims.edu,,2001-02-17,555-1751,116 Hai Ba Trung,Da Nang,Computer Science
Tuan,Ngo,tuan.ngo371,tuan.ngo371@student.sims.edu,,2001-08-09,555-4181,960 Le Loi,Ho Chi Minh,Information Technology
Duc,Huynh,duc.huynh372,duc.huynh372@student.sims.edu,,2003-11-19,555-3026,969 Nguyen Hue,Hue,Mathematics
Binh,Nguyen,binh.nguyen373,binh.nguyen373@student.sims.edu,,2004-07-09,555-7644,204 Hai Ba Trung,Da Nang,Electronics
Chi,Pham,chi.pham374,chi.pham374@student.sims.edu,,2004-01-22,555-9622,64 Le Loi,Hai Phong,Computer Science
Duc,Duong,duc.duong375,duc.duong375@student.sims.edu,,2001-10-26,555-2316,25 Tran Phu,Da Nang,Information Technology
Dung,Ly,dung.ly376,dung.ly376@student.sims.edu,,2003-12-17,555-8760,308 Hai Ba Trung,Da Nang,Information Technology
Nga,Hoang,nga.hoang377,nga.hoang377@student.sims.edu,,2002-10-13,555-1063,572 Nguyen Hue,Da Nang,Mathematics
Quyen,Ho,quyen.ho378,quyen.ho378@student.sims.edu,,2001-12-06,555-1526,57 Le Loi,Da Nang,Mathematics
Nam,Ho,nam.ho379,nam.ho379@student.sims.edu,,2004-06-19,555-7416,977 Le Loi,Ho Chi Minh,Mathematics
Yen,Ho,yen.ho380,yen.ho380@student.sims.edu,,2004-05-23,555-5254,347 Le Loi,Can Tho,Information Technology
Phong,Ho,phong.ho381,phong.ho381@student.sims.edu,,2004-04-24,555-5740,775 Hai Ba Trung,Ha Noi,Information Technology
Quang,Tran,quang.tran382,quang.tran382@student.sims.edu,,2004-03-06,555-2403,691 Le Loi,Hai Phong,Physics
An,Le,an.le383,an.le383@student.sims.edu,,2002-12-07,555-7049,488 Hai Ba Trung,Ho Chi Minh,Business
Linh,Nguyen,linh.nguyen384,linh.nguyen384@student.sims.edu,,2005-02-13,555-1388,384 Nguyen Hue,Nha Trang,Electronics
Mai,Bui,mai.bui385,mai.bui385@student.sims.edu,,2004-07-16,555-6469,686 Le Loi,Hai Phong,Computer Science
Tam,Vu,tam.vu386,tam.vu386@student.sims.edu,,2004-03-15,555-5273,372 Tran Phu,Can Tho,Mathematics
Nga,Huynh,nga.huynh387,nga.huynh387@student.sims.edu,,2003-10-20,555-7245,813 Nguyen Hue,Da Nang,Information Technology
Tam,Huynh,tam.huynh388,tam.huynh388@student.sims.edu,,2004-06-11,555-2353,911 Tran Phu,Nha Trang,Mathematics
Son,Ho,son.ho389,son.ho389@student.sims.edu,,2005-07-14,555-5201,301 Hai Ba Trung,Da Nang,Physics
Tuan,Bui,tuan.bui390,tuan.bui390@student.sims.edu,,2001-12-05,555-4908,461 Le Loi,Hai Phong,Information Technology
Hai,Dang,hai.dang391,hai.dang391@student.sims.edu,,2005-08-08,555-1625,933 Tran Phu,Hai Phong,Physics
An,Nguyen,an.nguyen392,an.nguyen392@student.sims.edu,,2004-02-24,555-6270,11 Hai Ba Trung,Can Tho,Computer Science
Mai,Ho,mai.ho393,mai.ho393@student.sims.edu,,2004-06-10,555-1782,209 Le Loi,Can Tho,Business
Son,Ho,son.ho394,son.ho394@student.sims.edu,,2005-01-01,555-2422,815 Nguyen Hue,Can Tho,Information Technology
Linh,Hoang,linh.hoang395,linh.hoang395@student.sims.edu,,2003-10-20,555-1198,927 Hai Ba Trung,Ho Chi Minh,Business
Hung,Hoang,hung.hoang396,hung.hoang396@student.sims.edu,,2001-01-05,555-3674,880 Hai Ba Trung,Can Tho,Electronics
Giang,Dang,giang.dang397,giang.dang397@student.sims.edu,,2001-12-04,555-6926,505 Hai Ba Trung,Ho Chi Minh,Mathematics
Mai,Tran,mai.tran398,mai.tran398@student.sims.edu,,2003-12-08,555-2752,940 Nguyen Hue,Da Nang,Business
Hai,Le,hai.le399,hai.le399@student.sims.edu,,2005-02-23,555-2639,733 Nguyen Hue,Ha Noi,Computer Science
Binh,Do,binh.do400,binh.do400@student.sims.edu,,2002-06-12,555-1247,38 Hai Ba Trung,Nha Trang,Physics
Ha,Huynh,ha.huynh401,ha.huynh401@student.sims.edu,,2004-07-03,555-9763,699 Nguyen Hue,Nha Trang,Physics
Linh,Huynh,linh.huynh402,linh.huynh402@student.sims.edu,,2001-04-21,555-5231,895 Tran Phu,Nha Trang,Computer Science
An,Vo,an.vo403,an.vo403@student.sims.edu,,2002-09-01,555-2814,894 Nguyen Hue,Da Nang,Electronics
Son,Ho,son.ho404,son.ho404@student.sims.edu,,2005-05-25,555-4946,660 Hai Ba Trung,Nha Trang,Computer Science
Son,Ho,son.ho405,son.ho405@student.sims.edu,,2004-12-23,555-2129,170 Hai Ba Trung,Da Nang,Electronics
Thu,Dang,thu.dang406,thu.dang406@student.sims.edu,,2004-12-05,555-5205,333 Nguyen Hue,Hai Phong,Mathematics
Chi,Ngo,chi.ngo407,chi.ngo407@student.sims.edu,,2003-02-06,555-4252,779 Tran Phu,Ho Chi Minh,Information Technology
Nam,Vo,nam.vo408,nam.vo408@student.sims.edu,,2002-09-12,555-9870,390 Tran Phu,Ha Noi,Computer Science
Hai,Huynh,hai.huynh409,hai.huynh409@student.sims.edu,,2004-02-17,555-3683,978 Nguyen Hue,Nha Trang,Information Technology
Dung,Do,dung.do410,dung.do410@student.sims.edu,,2005-07-19,555-4757,2 Nguyen Hue,Ho Chi Minh,Computer Science
Ngoc,Tran,ngoc.tran411,ngoc.tran411@student.sims.edu,,2005-03-18,555-3274,769 Le Loi,Da Nang,Computer Science
Son,Pham,son.pham412,son.pham412@student.sims.edu,,2003-03-11,555-2755,923 Tran Phu,Nha Trang,Mathematics
Linh,Ly,linh.ly413,linh.ly413@student.sims.edu,,2003-09-02,555-8906,215 Nguyen Hue,Can Tho,Business
Yen,Hoang,yen.hoang414,yen.hoang414@student.sims.edu,,2002-02-21,555-9304,230 Tran Phu,Hue,Business
Ngoc,Vo,ngoc.vo415,ngoc.vo415@student.sims.edu,,2003-08-15,555-7781,67 Hai Ba Trung,Da Nang,Electronics
Mai,Duong,mai.duong416,mai.duong416@student.sims.edu,,2005-06-25,555-4452,427 Le Loi,Da Nang,Mathematics
Dung,Nguyen,dung.nguyen417,dung.nguyen417@student.sims.edu,,2005-01-04,555-1385,974 Tran Phu,Ha Noi,Mathematics
Tam,Duong,tam.duong418,tam.duong418@student.sims.edu,,2003-04-19,555-4051,324 Le Loi,Hai Phong,Computer Science
Khanh,Ngo,khanh.ngo419,khanh.ngo419@student.sims.edu,,2002-05-18,555-6865,453 Hai Ba Trung,Ho Chi Minh,Physics
Lan,Pham,lan.pham420,lan.pham420@student.sims.edu,,2004-05-14,555-7485,869 Le Loi,Can Tho,Physics
Tam,Duong,tam.duong421,tam.duong421@student.sims.edu,,2005-05-28,555-2739,879 Hai Ba Trung,Nha Trang,Mathematics
Mai,Tran,mai.tran422,mai.tran422@student.sims.edu,,2001-09-08,555-2633,166 Hai Ba Trung,Hue,Mathematics
Dung,Do,dung.do423,dung.do423@student.sims.edu,,2003-06-16,555-9138,333 Hai Ba Trung,Can Tho,Physics
Duc,Le,duc.le424,duc.le424@student.sims.edu,,2003-10-24,555-3020,753 Le Loi,Hue,Business
Bao,Hoang,bao.hoang425,bao.hoang425@student.sims.edu,,2002-03-23,555-3908,362 Le Loi,Ha Noi,Mathematics
Quyen,Ho,quyen.ho426,quyen.ho426@student.sims.edu,,2001-05-03,555-8900,895 Nguyen Hue,Hue,Physics
Ha,Ngo,ha.ngo427,ha.ngo427@student.sims.edu,,2003-09-08,555-9781,892 Nguyen Hue,Ha Noi,Information Technology
Chi,Tran,chi.tran428,chi.tran428@student.sims.edu,,2003-09-01,555-9337,368 Nguyen Hue,Ho Chi Minh,Business
Linh,Pham,linh.pham429,linh.pham429@student.sims.edu,,2002-02-14,555-4595,706 Le Loi,Ha Noi,Mathematics
Nga,Pham,nga.pham430,nga.pham430@student.sims.edu,,2003-12-13,555-9404,731 Hai Ba Trung,Nha Trang,Electronics
An,Nguyen,an.nguyen431,an.nguyen431@student.sims.edu,,2003-03-23,555-3047,847 Hai Ba Trung,Da Nang,Electronics
Bao,Duong,bao.duong432,bao.duong432@student.sims.edu,,2003-04-10,555-6745,598 Tran Phu,Ho Chi Minh,Information Technology
Trang,Do,trang.do433,trang.do433@student.sims.edu,,2004-08-05,555-6510,754 Le Loi,Ha Noi,Computer Science
Ha,Dang,ha.dang434,ha.dang434@student.sims.edu,,2005-02-13,555-4798,285 Nguyen Hue,Hue,Mathematics
Phong,Ly,phong.ly435,phong.ly435@student.sims.edu,,2001-03-21,555-8627,545 Hai Ba Trung,Da Nang,Business
Tam,Bui,tam.bui436,tam.bui436@student.sims.edu,,2005-11-11,555-2149,378 Tran Phu,Hue,Physics
Duc,Duong,duc.duong437,duc.duong437@student.sims.edu,,2004-10-06,555-6234,547 Le Loi,Can Tho,Electronics
Ha,Nguyen,ha.nguyen438,ha.nguyen438@student.sims.edu,,2001-06-06,555-8493,449 Tran Phu,Ha Noi,Mathematics
Phong,Ho,phong.ho439,phong.ho439@student.sims.edu,,2004-03-13,555-4557,906 Le Loi,Ho Chi Minh,Electronics
Binh,Vo,binh.vo440,binh.vo440@student.sims.edu,,2001-11-06,555-5432,276 Hai Ba Trung,Nha Trang,Mathematics
Tuan,Huynh,tuan.huynh441,tuan.huynh441@student.sims.edu,,2005-07-15,555-5312,816 Le Loi,Ha Noi,Electronics
Dung,Duong,dung.duong442,dung.duong442@student.sims.edu,,2005-11-12,555-1845,828 Tran Phu,Ha Noi,Mathematics
Tuan,Dang,tuan.dang443,tuan.dang443@student.sims.edu,,2004-02-03,555-4841,187 Le Loi,Can Tho,Business
Binh,Ho,binh.ho444,binh.ho444@student.sims.edu,,2005-03-22,555-3765,177 Hai Ba Trung,Da Nang,Electronics
Ngoc,Bui,ngoc.bui445,ngoc.bui445@student.sims.edu,,2001-04-04,555-3518,469 Le Loi,Can Tho,Mathematics
Thao,Le,thao.le446,thao.le446@student.sims.edu,,2002-08-05,555-8150,652 Hai Ba Trung,Da Nang,Mathematics
Hoa,Le,hoa.le447,hoa.le447@student.sims.edu,,2005-11-07,555-3991,949 Hai Ba Trung,Hue,Information Technology
Ha,Ngo,ha.ngo448,ha.ngo448@student.sims.edu,,2004-06-17,555-1860,413 Tran Phu,Hue,Mathematics
Dung,Le,dung.le449,dung.le449@student.sims.edu,,2002-11-14,555-2395,958 Hai Ba Trung,Ha Noi,Physics
Lan,Dang,lan.dang450,lan.dang450@student.sims.edu,,2001-08-06,555-4733,810 Tran Phu,Ha Noi,Information Technology
Hung,Dang,hung.dang451,hung.dang451@student.sims.edu,,2002-07-09,555-9074,854 Nguyen Hue,Ha Noi,Electronics
Quang,Ho,quang.ho452,quang.ho452@student.sims.edu,,2002-02-15,555-8023,472 Tran Phu,Da Nang,Business
Linh,Huynh,linh.huynh453,linh.huynh453@student.sims.edu,,2004-01-10,555-8260,449 Nguyen Hue,Da Nang,Mathematics
Son,Bui,son.bui454,son.bui454@student.sims.edu,,2001-05-25,555-6537,102 Le Loi,Hue,Mathematics
Thao,Nguyen,thao.nguyen455,thao.nguyen455@student.sims.edu,,2002-01-28,555-9962,269 Tran Phu,Da Nang,Computer Science
Hung,Ngo,hung.ngo456,hung.ngo456@student.sims.edu,,2001-11-21,555-4101,978 Tran Phu,Hai Phong,Information Technology
Yen,Ho,yen.ho457,yen.ho457@student.sims.edu,,2001-08-09,555-3904,38 Le Loi,Hai Phong,Information Technology
Mai,Hoang,mai.hoang458,mai.hoang458@student.sims.edu,,2001-03-15,555-4051,577 Hai Ba Trung,Can Tho,Mathematics
Hung,Duong,hung.duong459,hung.duong459@student.sims.edu,,2001-05-20,555-5940,207 Le Loi,Nha Trang,Physics
Vy,Dang,vy.dang460,vy.dang460@student.sims.edu,,2002-12-13,555-4228,351 Tran Phu,Can Tho,Computer Science
Hoa,Bui,hoa.bui461,hoa.bui461@student.sims.edu,,2005-06-11,555-1433,595 Nguyen Hue,Hue,Mathematics
Tuan,Vo,tuan.vo462,tuan.vo462@student.sims.edu,,2002-12-16,555-7109,434 Tran Phu,Da Nang,Mathematics
Hai,Duong,hai.duong463,hai.duong463@student.sims.edu,,2004-09-28,555-4270,330 Nguyen Hue,Da Nang,Business
Hoa,Do,hoa.do464,hoa.do464@student.sims.edu,,2004-03-19,555-9252,828 Nguyen Hue,Ho Chi Minh,Mathematics
Ha,Bui,ha.bui465,ha.bui465@student.sims.edu,,2003-06-01,555-1134,647 Tran Phu,Da Nang,Computer Science
Binh,Ly,binh.ly466,binh.ly466@student.sims.edu,,2004-12-07,555-8170,157 Hai Ba Trung,Nha Trang,Physics
Thao,Ly,thao.ly467,thao.ly467@student.sims.edu,,2003-01-22,555-8101,103 Hai Ba Trung,Hue,Information Technology
Nga,Bui,nga.bui468,nga.bui468@student.sims.edu,,2004-08-09,555-6713,243 Nguyen Hue,Can Tho,Information Technology
Quang,Ly,quang.ly469,quang.ly469@student.sims.edu,,2005-11-19,555-2051,115 Tran Phu,Can Tho,Business
Nga,Tran,nga.tran470,nga.tran470@student.sims.edu,,2003-10-17,555-5117,443 Hai Ba Trung,Hai Phong,Physics
Ha,Nguyen,ha.nguyen471,ha.nguyen471@student.sims.edu,,2001-12-17,555-5400,161 Tran Phu,Hue,Information Technology
Hoa,Bui,hoa.bui472,hoa.bui472@student.sims.edu,,2005-07-05,555-5522,998 Le Loi,Hai Phong,Physics
Duc,Nguyen,duc.nguyen473,duc.nguyen473@student.sims.edu,,2005-12-11,555-1713,548 Le Loi,Hue,Electronics
Tam,Do,tam.do474,tam.do474@student.sims.edu,,2002-11-20,555-7623,420 Nguyen Hue,Hai Phong,Information Technology
Thu,Ly,thu.ly475,thu.ly475@student.sims.edu,,2005-07-18,555-7785,137 Hai Ba Trung,Ha Noi,Physics
Minh,Ngo,minh.ngo476,minh.ngo476@student.sims.edu,,2003-10-11,555-2678,691 Nguyen Hue,Hai Phong,Mathematics
Minh,Le,minh.le477,minh.le477@student.sims.edu,,2003-04-23,555-4321,521 Nguyen Hue,Hue,Business
Vy,Do,vy.do478,vy.do478@student.sims.edu,,2005-10-11,555-2522,709 Le Loi,Can Tho,Information Technology
Quyen,Do,quyen.do479,quyen.do479@student.sims.edu,,2004-11-10,555-4956,282 Tran Phu,Ho Chi Minh,Business
Khanh,Vu,khanh.vu480,khanh.vu480@student.sims.edu,,2004-12-06,555-2944,621 Le Loi,Ha Noi,Physics
Khanh,Le,khanh.le481,khanh.le481@student.sims.edu,,2003-03-17,555-3196,750 Le Loi,Nha Trang,Business
Duc,Hoang,duc.hoang482,duc.hoang482@student.sims.edu,,2003-07-01,555-1660,261 Hai Ba Trung,Ha Noi,Information Technology
Phong,Bui,phong.bui483,phong.bui483@student.sims.edu,,2005-11-05,555-4517,319 Hai Ba Trung,Can Tho,Business
Binh,Huynh,binh.huynh484,binh.huynh484@student.sims.edu,,2002-07-21,555-3101,456 Hai Ba Trung,Nha Trang,Business
Nga,Tran,nga.tran485,nga.tran485@student.sims.edu,,2001-12-26,555-8780,100 Nguyen Hue,Hai Phong,Physics
An,Tran,an.tran486,an.tran486@student.sims.edu,,2003-02-02,555-5094,845 Hai Ba Trung,Hai Phong,Mathematics
Mai,Bui,mai.bui487,mai.bui487@student.sims.edu,,2005-02-20,555-5335,133 Le Loi,Ho Chi Minh,Mathematics
Ngoc,Pham,ngoc.pham488,ngoc.pham488@student.sims.edu,,2005-10-13,555-2691,205 Tran Phu,Nha Trang,Mathematics
Bao,Nguyen,bao.nguyen489,bao.nguyen489@student.sims.edu,,2005-12-25,555-4458,793 Nguyen Hue,Nha Trang,Electronics
Phong,Ngo,phong.ngo490,phong.ngo490@student.sims.edu,,2004-02-11,555-3122,710 Tran Phu,Ha Noi,Business
Minh,Tran,minh.tran491,minh.tran491@student.sims.edu,,2001-06-11,555-8993,128 Nguyen Hue,Hai Phong,Electronics
Phong,Pham,phong.pham492,phong.pham492@student.sims.edu,,2002-05-08,555-8953,576 Hai Ba Trung,Can Tho,Business
Hung,Tran,hung.tran493,hung.tran493@student.sims.edu,,2002-03-15,555-4386,831 Le Loi,Hai Phong,Electronics
Linh,Do,linh.do494,linh.do494@student.sims.edu,,2004-09-09,555-4017,2 Tran Phu,Ho Chi Minh,Information Technology
Binh,Ho,binh.ho495,binh.ho495@student.sims.edu,,2003-10-09,555-2468,565 Nguyen Hue,Ho Chi Minh,Information Technology
Yen,Ly,yen.ly496,yen.ly496@student.sims.edu,,2001-10-21,555-2866,837 Nguyen Hue,Nha Trang,Information Technology
Phong,Vo,phong.vo497,phong.vo497@student.sims.edu,,2005-04-11,555-5115,902 Le Loi,Nha Trang,Electronics
Vy,Pham,vy.pham498,vy.pham498@student.sims.edu,,2004-07-06,555-7779,288 Le Loi,Da Nang,Mathematics
Tam,Bui,tam.bui499,tam.bui499@student.sims.edu,,2005-02-25,555-1802,843 Hai Ba Trung,Ha Noi,Information Technology
Thu,Do,thu.do500,thu.do500@student.sims.edu,,2005-02-19,555-4703,984 Le Loi,Can Tho,Electronics
Binh,Vu,binh.vu501,binh.vu501@student.sims.edu,,2001-06-07,555-1670,396 Nguyen Hue,Da Nang,Computer Science
Mai,Do,mai.do502,mai.do502@student.sims.edu,,2005-05-22,555-5415,789 Le Loi,Hai Phong,Physics
Thu,Huynh,thu.huynh503,thu.huynh503@student.sims.edu,,2003-03-09,555-1057,321 Nguyen Hue,Da Nang,Mathematics
Mai,Tran,mai.tran504,mai.tran504@student.sims.edu,,2004-05-02,555-2835,392 Tran Phu,Ha Noi,Business
Nga,Bui,nga.bui505,nga.bui505@student.sims.edu,,2001-12-23,555-9135,166 Nguyen Hue,Ho Chi Minh,Computer Science
Giang,Nguyen,giang.nguyen506,giang.nguyen506@student.sims.edu,,2003-07-13,555-8054,366 Nguyen Hue,Ha Noi,Business
Vy,Ngo,vy.ngo507,vy.ngo507@student.sims.edu,,2004-10-14,555-6089,107 Le Loi,Da Nang,Physics
Hung,Vu,hung.vu508,hung.vu508@student.sims.edu,,2005-10-13,555-9419,850 Nguyen Hue,Nha Trang,Computer Science
Hung,Vo,hung.vo509,hung.vo509@student.sims.edu,,2001-01-24,555-1457,581 Hai Ba Trung,Hai Phong,Electronics
Chi,Pham,chi.pham510,chi.pham510@student.sims.edu,,2002-11-01,555-9014,429 Tran Phu,Ha Noi,Electronics
Bao,Vo,bao.vo511,bao.vo511@student.sims.edu,,2003-10-06,555-3425,322 Le Loi,Ho Chi Minh,Computer Science
Chi,Huynh,chi.huynh512,chi.huynh512@student.sims.edu,,2003-03-17,555-3404,819 Hai Ba Trung,Hue,Physics
An,Vo,an.vo513,an.vo513@student.sims.edu,,2002-02-19,555-6173,620 Le Loi,Can Tho,Electronics
Hung,Do,hung.do514,hung.do514@student.sims.edu,,2001-05-16,555-1659,956 Nguyen Hue,Ha Noi,Information Technology
Binh,Vu,binh.vu515,binh.vu515@student.sims.edu,,2005-01-11,555-2018,101 Le Loi,Hue,Physics
Vy,Duong,vy.duong516,vy.duong516@student.sims.edu,,2002-10-15,555-2956,884 Tran Phu,Nha Trang,Information Technology
Binh,Duong,binh.duong517,binh.duong517@student.sims.edu,,2004-12-07,555-3959,481 Le Loi,Hue,Mathematics
Ngoc,Do,ngoc.do518,ngoc.do518@student.sims.edu,,2004-07-13,555-5256,556 Le Loi,Hue,Information Technology
Yen,Hoang,yen.hoang519,yen.hoang519@student.sims.edu,,2003-01-18,555-9747,21 Le Loi,Ha Noi,Information Technology
Minh,Pham,minh.pham520,minh.pham520@student.sims.edu,,2005-09-07,555-6113,553 Nguyen Hue,Nha Trang,Electronics
Chi,Ly,chi.ly521,chi.ly521@student.sims.edu,,2002-08-16,555-6079,238 Le Loi,Hue,Business
Minh,Ly,minh.ly522,minh.ly522@student.sims.edu,,2002-01-05,555-4222,374 Hai Ba Trung,Hue,Business
Chi,Duong,chi.duong523,chi.duong523@student.sims.edu,,2004-02-20,555-4198,831 Le Loi,Da Nang,Mathematics
Tuan,Duong,tuan.duong524,tuan.duong524@student.sims.edu,,2005-11-25,555-6283,781 Hai Ba Trung,Hue,Information Technology
Mai,Dang,mai.dang525,mai.dang525@student.sims.edu,,2001-02-18,555-9689,818 Tran Phu,Can Tho,Physics
Binh,Vo,binh.vo526,binh.vo526@student.sims.edu,,2005-01-08,555-5050,401 Tran Phu,Ho Chi Minh,Information Technology
Son,Bui,son.bui527,son.bui527@student.sims.edu,,2005-10-05,555-8570,87 Tran Phu,Can Tho,Electronics
Quang,Nguyen,quang.nguyen528,quang.nguyen528@student.sims.edu,,2004-09-18,555-1830,264 Tran Phu,Hue,Business
Minh,Ngo,minh.ngo529,minh.ngo529@student.sims.edu,,2004-05-13,555-8114,847 Le Loi,Hue,Computer Science
Duc,Dang,duc.dang530,duc.dang530@student.sims.edu,,2004-06-12,555-4950,991 Le Loi,Da Nang,Physics
Tuan,Duong,tuan.duong531,tuan.duong531@student.sims.edu,,2003-02-11,555-7159,765 Nguyen Hue,Hue,Electronics
Giang,Ngo,giang.ngo532,giang.ngo532@student.sims.edu,,2004-04-10,555-5917,714 Le Loi,Da Nang,Information Technology
Nga,Bui,nga.bui533,nga.bui533@student.sims.edu,,2001-03-21,555-7165,785 Tran Phu,Can Tho,Mathematics
Linh,Pham,linh.pham534,linh.pham534@student.sims.edu,,2004-02-26,555-8214,780 Tran Phu,Ha Noi,Information Technology
Hung,Ho,hung.ho535,hung.ho535@student.sims.edu,,2004-09-03,555-1695,721 Nguyen Hue,Can Tho,Physics
Binh,Ly,binh.ly536,binh.ly536@student.sims.edu,,2002-01-20,555-4192,613 Tran Phu,Hue,Computer Science
Binh,Ngo,binh.ngo537,binh.ngo537@student.sims.edu,,2005-12-09,555-5286,747 Nguyen Hue,Hue,Computer Science
Son,Bui,son.bui538,son.bui538@student.sims.edu,,2002-01-15,555-6050,522 Hai Ba Trung,Nha Trang,Mathematics
Chi,Dang,chi.dang539,chi.dang539@student.sims.edu,,2002-08-08,555-3710,247 Tran Phu,Da Nang,Electronics
Hoa,Ngo,hoa.ngo540,hoa.ngo540@student.sims.edu,,2001-08-26,555-1987,392 Hai Ba Trung,Hai Phong,Information Technology
Nga,Ly,nga.ly541,nga.ly541@student.sims.edu,,2005-03-23,555-6866,693 Nguyen Hue,Hue,Physics
Quyen,Do,quyen.do542,quyen.do542@student.sims.edu,,2002-10-12,555-5009,660 Nguyen Hue,Hue,Computer Science
Vy,Bui,vy.bui543,vy.bui543@student.sims.edu,,2001-05-06,555-1325,252 Le Loi,Ho Chi Minh,Mathematics
Yen,Do,yen.do544,yen.do544@student.sims.edu,,2001-11-21,555-6010,190 Tran Phu,Hue,Electronics
Nam,Tran,nam.tran545,nam.tran545@student.sims.edu,,2001-08-19,555-5584,159 Nguyen Hue,Can Tho,Mathematics
Binh,Duong,binh.duong546,binh.duong546@student.sims.edu,,2002-04-18,555-1844,126 Le Loi,Hai Phong,Computer Science
Duc,Dang,duc.dang547,duc.dang547@student.sims.edu,,2004-01-15,555-1539,981 Tran Phu,Da Nang,Mathematics
Tam,Bui,tam.bui548,tam.bui548@student.sims.edu,,2001-06-22,555-4064,433 Hai Ba Trung,Can Tho,Physics
Khanh,Ngo,khanh.ngo549,khanh.ngo549@student.sims.edu,,2001-10-05,555-6569,9 Le Loi,Nha Trang,Electronics
An,Tran,an.tran550,an.tran550@student.sims.edu,,2005-09-05,555-2811,864 Tran Phu,Da Nang,Computer Science
Lan,Ho,lan.ho551,lan.ho551@student.sims.edu,,2002-08-22,555-8595,205 Nguyen Hue,Nha Trang,Information Technology
Hai,Hoang,hai.hoang552,hai.hoang552@student.sims.edu,,2001-09-03,555-1948,440 Tran Phu,Ho Chi Minh,Information Technology
Hung,Vu,hung.vu553,hung.vu553@student.sims.edu,,2001-06-26,555-8985,457 Hai Ba Trung,Da Nang,Information Technology
Minh,Do,minh.do554,minh.do554@student.sims.edu,,2004-05-16,555-8764,919 Le Loi,Nha Trang,Physics
Dung,Do,dung.do555,dung.do555@student.sims.edu,,2001-05-15,555-8450,779 Hai Ba Trung,Hai Phong,Information Technology
Khanh,Bui,khanh.bui556,khanh.bui556@student.sims.edu,,2001-12-19,555-2640,431 Le Loi,Ho Chi Minh,Computer Science
Vy,Duong,vy.duong557,vy.duong557@student.sims.edu,,2004-05-07,555-5651,80 Nguyen Hue,Ha Noi,Computer Science
Hai,Bui,hai.bui558,hai.bui558@student.sims.edu,,2005-09-01,555-3163,7 Le Loi,Da Nang,Business
Linh,Ngo,linh.ngo559,linh.ngo559@student.sims.edu,,2003-07-18,555-5185,336 Tran Phu,Ho Chi Minh,Computer Science
Thao,Huynh,thao.huynh560,thao.huynh560@student.sims.edu,,2003-04-19,555-9155,296 Tran Phu,Hai Phong,Information Technology
Thao,Vu,thao.vu561,thao.vu561@student.sims.edu,,2003-07-07,555-9928,704 Tran Phu,Da Nang,Computer Science
Quyen,Tran,quyen.tran562,quyen.tran562@student.sims.edu,,2005-02-19,555-5296,426 Tran Phu,Hai Phong,Computer Science
Nam,Do,nam.do563,nam.do563@student.sims.edu,,2001-09-07,555-5007,262 Hai Ba Trung,Hue,Physics
Tam,Ly,tam.ly564,tam.ly564@student.sims.edu,,2004-06-08,555-3851,595 Hai Ba Trung,Hai Phong,Business
Chi,Do,chi.do565,chi.do565@student.sims.edu,,2005-08-02,555-6749,111 Hai Ba Trung,Ho Chi Minh,Business
Tuan,Vu,tuan.vu566,tuan.vu566@student.sims.edu,,2005-11-19,555-2184,324 Hai Ba Trung,Hue,Mathematics
Hai,Ly,hai.ly567,hai.ly567@student.sims.edu,,2001-09-14,555-7990,98 Hai Ba Trung,Ha Noi,Information Technology
Chi,Nguyen,chi.nguyen568,chi.nguyen568@student.sims.edu,,2005-06-03,555-9396,654 Tran Phu,Ho Chi Minh,Physics
Binh,Do,binh.do569,binh.do569@student.sims.edu,,2004-09-27,555-7337,726 Le Loi,Hue,Physics
Chi,Nguyen,chi.nguyen570,chi.nguyen570@student.sims.edu,,2005-07-20,555-5848,358 Nguyen Hue,Ho Chi Minh,Physics
Hung,Dang,hung.dang571,hung.dang571@student.sims.edu,,2002-08-13,555-5380,523 Hai Ba Trung,Nha Trang,Information Technology
Chi,Do,chi.do572,chi.do572@student.sims.edu,,2005-10-10,555-9265,388 Nguyen Hue,Can Tho,Mathematics
Giang,Vu,giang.vu573,giang.vu573@student.sims.edu,,2004-09-07,555-1874,406 Tran Phu,Ho Chi Minh,Business
Son,Nguyen,son.nguyen574,son.nguyen574@student.sims.edu,,2003-04-20,555-6463,526 Hai Ba Trung,Da Nang,Electronics
Lan,Tran,lan.tran575,lan.tran575@student.sims.edu,,2004-06-17,555-7731,191 Le Loi,Nha Trang,Computer Science
Quang,Le,quang.le576,quang.le576@student.sims.edu,,2003-10-17,555-3850,502 Tran Phu,Hue,Information Technology
Thu,Tran,thu.tran577,thu.tran577@student.sims.edu,,2004-05-28,555-7885,838 Nguyen Hue,Nha Trang,Computer Science
Ngoc,Nguyen,ngoc.nguyen578,ngoc.nguyen578@student.sims.edu,,2001-03-05,555-9169,952 Hai Ba Trung,Da Nang,Business
Hai,Huynh,hai.huynh579,hai.huynh579@student.sims.edu,,2005-02-17,555-3241,39 Tran Phu,Nha Trang,Information Technology
Bao,Do,bao.do580,bao.do580@student.sims.edu,,2005-08-28,555-3763,725 Tran Phu,Hai Phong,Computer Science
Ha,Ly,ha.ly581,ha.ly581@student.sims.edu,,2004-05-03,555-4667,704 Le Loi,Ha Noi,Mathematics
Nga,Vo,nga.vo582,nga.vo582@student.sims.edu,,2005-11-28,555-9457,615 Nguyen Hue,Hue,Business
Ngoc,Vu,ngoc.vu583,ngoc.vu583@student.sims.edu,,2001-11-26,555-7837,98 Hai Ba Trung,Hue,Electronics
Tuan,Tran,tuan.tran584,tuan.tran584@student.sims.edu,,2003-04-26,555-8186,949 Tran Phu,Ha Noi,Computer Science
Khanh,Vo,khanh.vo585,khanh.vo585@student.sims.edu,,2001-05-25,555-4266,865 Nguyen Hue,Can Tho,Physics
Tuan,Nguyen,tuan.nguyen586,tuan.nguyen586@student.sims.edu,,2001-07-02,555-6750,788 Hai Ba Trung,Nha Trang,Information Technology
Binh,Nguyen,binh.nguyen587,binh.nguyen587@student.sims.edu,,2002-07-21,555-3755,638 Nguyen Hue,Ho Chi Minh,Mathematics
Minh,Hoang,minh.hoang588,minh.hoang588@student.sims.edu,,2003-11-12,555-6906,72 Tran Phu,Can Tho,Business
Lan,Nguyen,lan.nguyen589,lan.nguyen589@student.sims.edu,,2003-06-12,555-3031,491 Le Loi,Hai Phong,Mathematics
Hung,Duong,hung.duong590,hung.duong590@student.sims.edu,,2005-11-17,555-1067,793 Le Loi,Can Tho,Electronics
Ngoc,Duong,ngoc.duong591,ngoc.duong591@student.sims.edu,,2003-09-16,555-6762,335 Tran Phu,Ha Noi,Computer Science
Dung,Vo,dung.vo592,dung.vo592@student.sims.edu,,2005-09-12,555-7152,493 Hai Ba Trung,Ha Noi,Business
Son,Do,son.do593,son.do593@student.sims.edu,,2005-01-13,555-6886,94 Hai Ba Trung,Hue,Physics
Tuan,Dang,tuan.dang594,tuan.dang594@student.sims.edu,,2005-01-18,555-8327,771 Hai Ba Trung,Hai Phong,Mathematics
Thu,Do,thu.do595,thu.do595@student.sims.edu,,2005-08-01,555-4167,353 Hai Ba Trung,Can Tho,Electronics
Dung,Do,dung.do596,dung.do596@student.sims.edu,,2005-08-06,555-6849,107 Nguyen Hue,Hai Phong,Computer Science
Quang,Vu,quang.vu597,quang.vu597@student.sims.edu,,2004-01-10,555-1847,547 Tran Phu,Da Nang,Computer Science
Linh,Duong,linh.duong598,linh.duong598@student.sims.edu,,2002-07-27,555-2005,97 Le Loi,Hue,Business
Lan,Vu,lan.vu599,lan.vu599@student.sims.edu,,2004-03-08,555-7375,914 Nguyen Hue,Da Nang,Electronics
Giang,Ho,giang.ho600,giang.ho600@student.sims.edu,,2004-11-06,555-4606,213 Nguyen Hue,Ha Noi,Physics
Chi,Vo,chi.vo601,chi.vo601@student.sims.edu,,2001-01-10,555-2988,725 Tran Phu,Hue,Mathematics
Lan,Tran,lan.tran602,lan.tran602@student.sims.edu,,2004-11-26,555-7982,288 Tran Phu,Ho Chi Minh,Physics
Hai,Ly,hai.ly603,hai.ly603@student.sims.edu,,2002-07-06,555-6110,822 Hai Ba Trung,Ho Chi Minh,Information Technology
Tam,Le,tam.le604,tam.le604@student.sims.edu,,2001-11-02,555-8296,733 Le Loi,Ha Noi,Information Technology
Vy,Ngo,vy.ngo605,vy.ngo605@student.sims.edu,,2001-11-16,555-9466,740 Nguyen Hue,Hai Phong,Information Technology
Duc,Ly,duc.ly606,duc.ly606@student.sims.edu,,2001-09-26,555-9413,100 Nguyen Hue,Ho Chi Minh,Mathematics
Mai,Tran,mai.tran607,mai.tran607@student.sims.edu,,2004-05-08,555-1353,807 Le Loi,Hue,Business
Mai,Ly,mai.ly608,mai.ly608@student.sims.edu,,2001-08-26,555-5291,623 Tran Phu,Ha Noi,Physics
Nam,Ly,nam.ly609,nam.ly609@student.sims.edu,,2001-09-23,555-2050,295 Le Loi,Ho Chi Minh,Physics
Minh,Huynh,minh.huynh610,minh.huynh610@student.sims.edu,,2005-03-04,555-1029,861 Le Loi,Hai Phong,Business
An,Dang,an.dang611,an.dang611@student.sims.edu,,2004-08-26,555-2187,168 Hai Ba Trung,Ho Chi Minh,Electronics
Ngoc,Pham,ngoc.pham612,ngoc.pham612@student.sims.edu,,2002-11-06,555-1441,836 Nguyen Hue,Can Tho,Electronics
Binh,Duong,binh.duong613,binh.duong613@student.sims.edu,,2003-08-04,555-8311,477 Nguyen Hue,Hue,Computer Science
Thao,Le,thao.le614,thao.le614@student.sims.edu,,2001-12-23,555-1109,861 Le Loi,Can Tho,Mathematics
Minh,Le,minh.le615,minh.le615@student.sims.edu,,2005-08-05,555-7051,873 Tran Phu,Hai Phong,Computer Science
Khanh,Ngo,khanh.ngo616,khanh.ngo616@student.sims.edu,,2003-02-10,555-5693,134 Le Loi,Can Tho,Mathematics
Giang,Do,giang.do617,giang.do617@student.sims.edu,,2005-11-04,555-6727,641 Tran Phu,Ha Noi,Computer Science
Binh,Le,binh.le618,binh.le618@student.sims.edu,,2005-10-14,555-3978,694 Le Loi,Hai Phong,Information Technology
Quyen,Bui,quyen.bui619,quyen.bui619@student.sims.edu,,2005-02-22,555-7242,478 Nguyen Hue,Da Nang,Business
Yen,Vo,yen.vo620,yen.vo620@student.sims.edu,,2001-03-16,555-1351,27 Hai Ba Trung,Ha Noi,Physics
Quyen,Do,quyen.do621,quyen.do621@student.sims.edu,,2005-08-12,555-5727,591 Nguyen Hue,Da Nang,Mathematics
Bao,Hoang,bao.hoang622,bao.hoang622@student.sims.edu,,2002-08-10,555-3971,846 Le Loi,Can Tho,Mathematics
Khanh,Tran,khanh.tran623,khanh.tran623@student.sims.edu,,2003-05-12,555-5788,987 Le Loi,Ho Chi Minh,Physics
Thu,Bui,thu.bui624,thu.bui624@student.sims.edu,,2002-12-18,555-2550,774 Hai Ba Trung,Nha Trang,Physics
Thu,Dang,thu.dang625,thu.dang625@student.sims.edu,,2005-10-15,555-2214,840 Tran Phu,Hai Phong,Information Technology
An,Pham,an.pham626,an.pham626@student.sims.edu,,2002-08-10,555-4799,265 Nguyen Hue,Da Nang,Electronics
Trang,Tran,trang.tran627,trang.tran627@student.sims.edu,,2004-06-25,555-9245,211 Tran Phu,Ha Noi,Physics
Hoa,Vu,hoa.vu628,hoa.vu628@student.sims.edu,,2002-08-26,555-2242,42 Le Loi,Ho Chi Minh,Mathematics
Vy,Duong,vy.duong629,vy.duong629@student.sims.edu,,2003-01-21,555-3021,955 Tran Phu,Da Nang,Mathematics
Vy,Pham,vy.pham630,vy.pham630@student.sims.edu,,2003-10-26,555-5704,405 Nguyen Hue,Hue,Computer Science
Tam,Ho,tam.ho631,tam.ho631@student.sims.edu,,2003-10-15,555-5604,523 Le Loi,Da Nang,Electronics
Bao,Vo,bao.vo632,bao.vo632@student.sims.edu,,2005-11-17,555-5955,522 Hai Ba Trung,Nha Trang,Information Technology
Son,Dang,son.dang633,son.dang633@student.sims.edu,,2001-10-02,555-7620,402 Le Loi,Ho Chi Minh,Physics
Quang,Le,quang.le634,quang.le634@student.sims.edu,,2002-07-25,555-1861,120 Tran Phu,Da Nang,Physics
Phong,Ngo,phong.ngo635,phong.ngo635@student.sims.edu,,2003-07-07,555-1641,884 Hai Ba Trung,Hue,Business
Son,Pham,son.pham636,son.pham636@student.sims.edu,,2005-05-09,555-8551,784 Tran Phu,Can Tho,Information Technology
An,Vo,an.vo637,an.vo637@student.sims.edu,,2001-05-19,555-2241,616 Hai Ba Trung,Can Tho,Computer Science
Hai,Ly,hai.ly638,hai.ly638@student.sims.edu,,2004-10-02,555-1239,780 Nguyen Hue,Hue,Mathematics
Ngoc,Do,ngoc.do639,ngoc.do639@student.sims.edu,,2004-04-15,555-3746,353 Nguyen Hue,Ha Noi,Business
Chi,Vu,chi.vu640,chi.vu640@student.sims.edu,,2003-05-21,555-3708,974 Hai Ba Trung,Can Tho,Physics
Giang,Hoang,giang.hoang641,giang.hoang641@student.sims.edu,,2001-09-24,555-7689,72 Hai Ba Trung,Da Nang,Computer Science
Hung,Hoang,hung.hoang642,hung.hoang642@student.sims.edu,,2005-01-20,555-6378,727 Nguyen Hue,Nha Trang,Physics
Khanh,Do,khanh.do643,khanh.do643@student.sims.edu,,2004-01-21,555-9320,120 Le Loi,Nha Trang,Computer Science
An,Pham,an.pham644,an.pham644@student.sims.edu,,2005-04-02,555-5454,184 Hai Ba Trung,Can Tho,Business
Giang,Ly,giang.ly645,giang.ly645@student.sims.edu,,2005-08-27,555-3759,566 Le Loi,Nha Trang,Computer Science
Hai,Hoang,hai.hoang646,hai.hoang646@student.sims.edu,,2002-12-05,555-8826,857 Nguyen Hue,Can Tho,Mathematics
Lan,Dang,lan.dang647,lan.dang647@student.sims.edu,,2002-11-02,555-3023,33 Nguyen Hue,Ho Chi Minh,Information Technology
Vy,Dang,vy.dang648,vy.dang648@student.sims.edu,,2005-12-09,555-8321,561 Nguyen Hue,Hue,Computer Science
Thao,Ngo,thao.ngo649,thao.ngo649@student.sims.edu,,2004-08-15,555-3350,697 Tran Phu,Da Nang,Electronics
Hoa,Pham,hoa.pham650,hoa.pham650@student.sims.edu,,2004-11-01,555-1793,331 Nguyen Hue,Ha Noi,Physics
Quang,Ho,quang.ho651,quang.ho651@student.sims.edu,,2002-07-09,555-7673,357 Hai Ba Trung,Ha Noi,Mathematics
Linh,Le,linh.le652,linh.le652@student.sims.edu,,2004-10-25,555-4125,314 Nguyen Hue,Da Nang,Mathematics
Son,Ngo,son.ngo653,son.ngo653@student.sims.edu,,2001-11-19,555-7926,113 Le Loi,Can Tho,Information Technology
Yen,Ly,yen.ly654,yen.ly654@student.sims.edu,,2002-12-05,555-4898,464 Le Loi,Hai Phong,Information Technology
Ngoc,Vo,ngoc.vo655,ngoc.vo655@student.sims.edu,,2002-05-14,555-5452,25 Hai Ba Trung,Ha Noi,Computer Science
Lan,Vo,lan.vo656,lan.vo656@student.sims.edu,,2002-07-25,555-5216,49 Hai Ba Trung,Hai Phong,Electronics
Tam,Hoang,tam.hoang657,tam.hoang657@student.sims.edu,,2004-08-10,555-5261,585 Tran Phu,Ho Chi Minh,Physics
Tuan,Bui,tuan.bui658,tuan.bui658@student.sims.edu,,2004-10-03,555-4713,450 Tran Phu,Da Nang,Information Technology
Nam,Vo,nam.vo659,nam.vo659@student.sims.edu,,2001-07-28,555-6780,239 Le Loi,Hai Phong,Computer Science
Hoa,Tran,hoa.tran660,hoa.tran660@student.sims.edu,,2005-09-04,555-7588,472 Hai Ba Trung,Ha Noi,Information Technology
Thao,Tran,thao.tran661,thao.tran661@student.sims.edu,,2002-11-16,555-4727,646 Hai Ba Trung,Nha Trang,Computer Science
Thao,Ngo,thao.ngo662,thao.ngo662@student.sims.edu,,2004-01-17,555-4628,776 Hai Ba Trung,Da Nang,Electronics
Minh,Bui,minh.bui663,minh.bui663@student.sims.edu,,2002-01-23,555-7164,380 Hai Ba Trung,Ha Noi,Electronics
Nga,Ho,nga.ho664,nga.ho664@student.sims.edu,,2003-08-27,555-5059,939 Nguyen Hue,Nha Trang,Physics
Hoa,Duong,hoa.duong665,hoa.duong665@student.sims.edu,,2001-07-07,555-6861,586 Hai Ba Trung,Ha Noi,Electronics
Vy,Do,vy.do666,vy.do666@student.sims.edu,,2004-06-21,555-2617,186 Hai Ba Trung,Hue,Physics
Lan,Pham,lan.pham667,lan.pham667@student.sims.edu,,2003-10-12,555-2189,743 Le Loi,Ha Noi,Information Technology
Bao,Duong,bao.duong668,bao.duong668@student.sims.edu,,2005-04-24,555-4400,737 Hai Ba Trung,Ha Noi,Computer Science
Giang,Ly,giang.ly669,giang.ly669@student.sims.edu,,2004-06-16,555-1932,371 Hai Ba Trung,Da Nang,Information Technology
Chi,Pham,chi.pham670,chi.pham670@student.sims.edu,,2003-12-21,555-4398,579 Hai Ba Trung,Hue,Electronics
Linh,Ngo,linh.ngo671,linh.ngo671@student.sims.edu,,2002-12-08,555-9403,358 Tran Phu,Nha Trang,Business
Minh,Duong,minh.duong672,minh.duong672@student.sims.edu,,2005-09-05,555-7088,149 Hai Ba Trung,Da Nang,Computer Science
Minh,Dang,minh.dang673,minh.dang673@student.sims.edu,,2003-03-07,555-8864,188 Hai Ba Trung,Can Tho,Business
Minh,Pham,minh.pham674,minh.pham674@student.sims.edu,,2003-07-22,555-8269,455 Hai Ba Trung,Nha Trang,Computer Science
Tam,Ly,tam.ly675,tam.ly675@student.sims.edu,,2002-08-09,555-6154,893 Nguyen Hue,Nha Trang,Information Technology
Phong,Ly,phong.ly676,phong.ly676@student.sims.edu,,2001-12-01,555-3733,258 Nguyen Hue,Da Nang,Computer Science
Nga,Le,nga.le677,nga.le677@student.sims.edu,,2003-07-14,555-4190,461 Nguyen Hue,Can Tho,Information Technology
Ngoc,Duong,ngoc.duong678,ngoc.duong678@student.sims.edu,,2005-10-16,555-1262,681 Le Loi,Hue,Business
Trang,Bui,trang.bui679,trang.bui679@student.sims.edu,,2002-04-12,555-2492,94 Nguyen Hue,Ho Chi Minh,Information Technology
Nam,Pham,nam.pham680,nam.pham680@student.sims.edu,,2001-12-03,555-5530,563 Tran Phu,Ho Chi Minh,Business
Son,Le,son.le681,son.le681@student.sims.edu,,2002-10-23,555-4466,459 Nguyen Hue,Ha Noi,Information Technology
Minh,Bui,minh.bui682,minh.bui682@student.sims.edu,,2002-07-03,555-4613,312 Nguyen Hue,Da Nang,Computer Science
Dung,Vu,dung.vu683,dung.vu683@student.sims.edu,,2005-07-12,555-9320,150 Le Loi,Can Tho,Computer Science
Minh,Ho,minh.ho684,minh.ho684@student.sims.edu,,2002-03-23,555-2204,619 Tran Phu,Da Nang,Mathematics
Hoa,Bui,hoa.bui685,hoa.bui685@student.sims.edu,,2004-03-14,555-2701,845 Le Loi,Nha Trang,Information Technology
Duc,Duong,duc.duong686,duc.duong686@student.sims.edu,,2004-04-27,555-4047,328 Nguyen Hue,Can Tho,Electronics
Nam,Bui,nam.bui687,nam.bui687@student.sims.edu,,2005-09-24,555-9196,799 Tran Phu,Ha Noi,Mathematics
Binh,Vo,binh.vo688,binh.vo688@student.sims.edu,,2003-03-27,555-1463,482 Le Loi,Can Tho,Business
An,Huynh,an.huynh689,an.huynh689@student.sims.edu,,2001-07-07,555-1076,262 Hai Ba Trung,Ha Noi,Electronics
Son,Ho,son.ho690,son.ho690@student.sims.edu,,2002-09-06,555-7432,357 Nguyen Hue,Can Tho,Information Technology
Hung,Le,hung.le691,hung.le691@student.sims.edu,,2004-11-01,555-6106,535 Hai Ba Trung,Can Tho,Information Technology
Trang,Vo,trang.vo692,trang.vo692@student.sims.edu,,2005-12-06,555-8763,874 Nguyen Hue,Ho Chi Minh,Computer Science
Thao,Ngo,thao.ngo693,thao.ngo693@student.sims.edu,,2001-11-08,555-2597,382 Tran Phu,Ho Chi Minh,Information Technology
Khanh,Nguyen,khanh.nguyen694,khanh.nguyen694@student.sims.edu,,2002-08-13,555-7204,459 Le Loi,Hue,Computer Science
Ngoc,Hoang,ngoc.hoang695,ngoc.hoang695@student.sims.edu,,2005-07-20,555-1937,291 Nguyen Hue,Nha Trang,Business
Thu,Ho,thu.ho696,thu.ho696@student.sims.edu,,2004-08-08,555-3110,324 Nguyen Hue,Can Tho,Physics
Chi,Hoang,chi.hoang697,chi.hoang697@student.sims.edu,,2004-12-05,555-1578,457 Nguyen Hue,Da Nang,Mathematics
Vy,Vo,vy.vo698,vy.vo698@student.sims.edu,,2004-07-25,555-7829,11 Tran Phu,Hai Phong,Mathematics
Phong,Bui,phong.bui699,phong.bui699@student.sims.edu,,2002-04-11,555-6784,194 Le Loi,Hue,Physics
Dung,Ngo,dung.ngo700,dung.ngo700@student.sims.edu,,2004-06-02,555-6498,927 Hai Ba Trung,Hue,Information Technology
Thu,Duong,thu.duong701,thu.duong701@student.sims.edu,,2005-07-20,555-6170,213 Nguyen Hue,Hai Phong,Electronics
Phong,Do,phong.do702,phong.do702@student.sims.edu,,2003-06-21,555-3288,630 Nguyen Hue,Hue,Information Technology
Dung,Duong,dung.duong703,dung.duong703@student.sims.edu,,2004-11-21,555-3095,823 Nguyen Hue,Ha Noi,Business
Lan,Duong,lan.duong704,lan.duong704@student.sims.edu,,2003-06-20,555-1633,362 Le Loi,Ho Chi Minh,Information Technology
Ngoc,Pham,ngoc.pham705,ngoc.pham705@student.sims.edu,,2002-04-10,555-2388,805 Nguyen Hue,Hue,Mathematics
Vy,Tran,vy.tran706,vy.tran706@student.sims.edu,,2005-07-09,555-2604,553 Tran Phu,Ho Chi Minh,Physics
Quang,Hoang,quang.hoang707,quang.hoang707@student.sims.edu,,2002-06-06,555-7940,565 Tran Phu,Can Tho,Physics
Thao,Duong,thao.duong708,thao.duong708@student.sims.edu,,2003-10-08,555-4522,500 Hai Ba Trung,Ho Chi Minh,Electronics
Trang,Duong,trang.duong709,trang.duong709@student.sims.edu,,2004-01-26,555-2423,597 Hai Ba Trung,Ha Noi,Business
Mai,Tran,mai.tran710,mai.tran710@student.sims.edu,,2004-05-11,555-4853,321 Tran Phu,Nha Trang,Electronics
Ha,Ho,ha.ho711,ha.ho711@student.sims.edu,,2005-09-19,555-4780,526 Hai Ba Trung,Hai Phong,Physics
Thao,Pham,thao.pham712,thao.pham712@student.sims.edu,,2002-04-04,555-7993,239 Nguyen Hue,Hue,Business
Ngoc,Ho,ngoc.ho713,ngoc.ho713@student.sims.edu,,2005-10-25,555-9832,300 Nguyen Hue,Da Nang,Electronics
Thao,Tran,thao.tran714,thao.tran714@student.sims.edu,,2001-11-01,555-3014,139 Nguyen Hue,Can Tho,Mathematics
An,Duong,an.duong715,an.duong715@student.sims.edu,,2002-11-27,555-4796,240 Nguyen Hue,Hai Phong,Electronics
Binh,Vu,binh.vu716,binh.vu716@student.sims.edu,,2005-09-12,555-9563,35 Le Loi,Hue,Physics
Nga,Le,nga.le717,nga.le717@student.sims.edu,,2001-05-19,555-5484,793 Le Loi,Hai Phong,Physics
Hai,Nguyen,hai.nguyen718,hai.nguyen718@student.sims.edu,,2004-08-11,555-5213,859 Le Loi,Nha Trang,Business
Vy,Tran,vy.tran719,vy.tran719@student.sims.edu,,2002-04-12,555-4018,442 Hai Ba Trung,Can Tho,Electronics
Phong,Huynh,phong.huynh720,phong.huynh720@student.sims.edu,,2004-12-16,555-8456,387 Nguyen Hue,Nha Trang,Physics
Lan,Ly,lan.ly721,lan.ly721@student.sims.edu,,2004-11-13,555-7582,885 Nguyen Hue,Ho Chi Minh,Computer Science
Khanh,Duong,khanh.duong722,khanh.duong722@student.sims.edu,,2005-04-11,555-4110,522 Tran Phu,Hai Phong,Physics
Lan,Vo,lan.vo723,lan.vo723@student.sims.edu,,2005-04-16,555-9706,180 Le Loi,Can Tho,Electronics
Thao,Nguyen,thao.nguyen724,thao.nguyen724@student.sims.edu,,2004-09-20,555-7348,280 Nguyen Hue,Ho Chi Minh,Business
Quyen,Ngo,quyen.ngo725,quyen.ngo725@student.sims.edu,,2001-02-17,555-3410,708 Tran Phu,Nha Trang,Computer Science
Tuan,Ngo,tuan.ngo726,tuan.ngo726@student.sims.edu,,2005-03-26,555-1018,874 Nguyen Hue,Hue,Information Technology
Mai,Vo,mai.vo727,mai.vo727@student.sims.edu,,2003-12-02,555-9529,407 Nguyen Hue,Ha Noi,Computer Science
Nam,Pham,nam.pham728,nam.pham728@student.sims.edu,,2005-08-09,555-3356,752 Tran Phu,Ha Noi,Information Technology
Nga,Ly,nga.ly729,nga.ly729@student.sims.edu,,2005-08-08,555-3801,759 Tran Phu,Ho Chi Minh,Physics
Vy,Huynh,vy.huynh730,vy.huynh730@student.sims.edu,,2004-03-02,555-9966,923 Le Loi,Ha Noi,Physics
Dung,Pham,dung.pham731,dung.pham731@student.sims.edu,,2004-05-09,555-3390,532 Hai Ba Trung,Hai Phong,Electronics
Nga,Hoang,nga.hoang732,nga.hoang732@student.sims.edu,,2004-08-20,555-4557,587 Tran Phu,Ha Noi,Mathematics
Dung,Ho,dung.ho733,dung.ho733@student.sims.edu,,2002-09-16,555-8749,783 Tran Phu,Ha Noi,Business
Son,Pham,son.pham734,son.pham734@student.sims.edu,,2002-01-26,555-7949,290 Tran Phu,Hue,Physics
Chi,Ngo,chi.ngo735,chi.ngo735@student.sims.edu,,2002-05-21,555-5065,102 Nguyen Hue,Hai Phong,Mathematics
Tam,Vu,tam.vu736,tam.vu736@student.sims.edu,,2002-04-24,555-4001,708 Tran Phu,Ho Chi Minh,Electronics
Giang,Ly,giang.ly737,giang.ly737@student.sims.edu,,2004-01-28,555-9841,272 Tran Phu,Hue,Computer Science
Tam,Vu,tam.vu738,tam.vu738@student.sims.edu,,2003-11-15,555-1463,685 Nguyen Hue,Hue,Business
Nga,Dang,nga.dang739,nga.dang739@student.sims.edu,,2004-04-09,555-4652,776 Nguyen Hue,Can Tho,Electronics
Hoa,Ly,hoa.ly740,hoa.ly740@student.sims.edu,,2005-12-05,555-9842,899 Tran Phu,Can Tho,Physics
Minh,Hoang,minh.hoang741,minh.hoang741@student.sims.edu,,2001-05-07,555-6349,234 Tran Phu,Hue,Computer Science
Khanh,Do,khanh.do742,khanh.do742@student.sims.edu,,2004-02-16,555-5419,427 Hai Ba Trung,Hue,Mathematics
Hoa,Huynh,hoa.huynh743,hoa.huynh743@student.sims.edu,,2001-09-28,555-8834,828 Hai Ba Trung,Nha Trang,Computer Science
Son,Huynh,son.huynh744,son.huynh744@student.sims.edu,,2003-02-08,555-4153,722 Hai Ba Trung,Nha Trang,Computer Science
Ha,Vo,ha.vo745,ha.vo745@student.sims.edu,,2005-02-21,555-6649,309 Nguyen Hue,Hue,Mathematics
Binh,Ly,binh.ly746,binh.ly746@student.sims.edu,,2003-05-23,555-6138,365 Nguyen Hue,Nha Trang,Electronics
Hoa,Ho,hoa.ho747,hoa.ho747@student.sims.edu,,2005-10-04,555-5992,51 Le Loi,Hue,Information Technology
Vy,Vu,vy.vu748,vy.vu748@student.sims.edu,,2004-11-22,555-2952,96 Nguyen Hue,Nha Trang,Information Technology
Nga,Le,nga.le749,nga.le749@student.sims.edu,,2005-04-24,555-6886,433 Nguyen Hue,Hue,Electronics
Giang,Duong,giang.duong750,giang.duong750@student.sims.edu,,2004-05-23,555-2146,832 Le Loi,Hue,Mathematics
Quyen,Ngo,quyen.ngo751,quyen.ngo751@student.sims.edu,,2002-07-17,555-1792,876 Le Loi,Ho Chi Minh,Physics
Trang,Ho,trang.ho752,trang.ho752@student.sims.edu,,2003-11-15,555-6224,940 Hai Ba Trung,Nha Trang,Electronics
Tam,Bui,tam.bui753,tam.bui753@student.sims.edu,,2004-11-19,555-4693,173 Hai Ba Trung,Can Tho,Information Technology
Khanh,Tran,khanh.tran754,khanh.tran754@student.sims.edu,,2001-12-18,555-6377,272 Hai Ba Trung,Hue,Mathematics
Giang,Dang,giang.dang755,giang.dang755@student.sims.edu,,2003-01-26,555-4954,966 Le Loi,Da Nang,Electronics
Lan,Nguyen,lan.nguyen756,lan.nguyen756@student.sims.edu,,2001-05-19,555-1666,6 Nguyen Hue,Can Tho,Information Technology
Khanh,Hoang,khanh.hoang757,khanh.hoang757@student.sims.edu,,2002-10-20,555-7488,187 Hai Ba Trung,Nha Trang,Electronics
Lan,Ly,lan.ly758,lan.ly758@student.sims.edu,,2005-10-18,555-2845,340 Hai Ba Trung,Da Nang,Physics
Bao,Ho,bao.ho759,bao.ho759@student.sims.edu,,2005-02-24,555-9389,776 Tran Phu,Ho Chi Minh,Electronics
Lan,Dang,lan.dang760,lan.dang760@student.sims.edu,,2002-04-15,555-8679,752 Hai Ba Trung,Nha Trang,Business
Tuan,Duong,tuan.duong761,tuan.duong761@student.sims.edu,,2002-09-05,555-3778,673 Tran Phu,Hai Phong,Physics
Linh,Ho,linh.ho762,linh.ho762@student.sims.edu,,2004-08-21,555-9422,928 Tran Phu,Can Tho,Electronics
Quang,Duong,quang.duong763,quang.duong763@student.sims.edu,,2002-07-07,555-9658,864 Hai Ba Trung,Can Tho,Physics
Vy,Duong,vy.duong764,vy.duong764@student.sims.edu,,2005-09-06,555-8992,78 Nguyen Hue,Hue,Electronics
Son,Ngo,son.ngo765,son.ngo765@student.sims.edu,,2005-08-14,555-2557,672 Tran Phu,Nha Trang,Information Technology
Quang,Bui,quang.bui766,quang.bui766@student.sims.edu,,2005-07-11,555-1121,754 Tran Phu,Can Tho,Electronics
Mai,Nguyen,mai.nguyen767,mai.nguyen767@student.sims.edu,,2003-11-16,555-6001,810 Nguyen Hue,Ha Noi,Mathematics
Dung,Hoang,dung.hoang768,dung.hoang768@student.sims.edu,,2002-12-27,555-3312,679 Hai Ba Trung,Hue,Computer Science
Giang,Pham,giang.pham769,giang.pham769@student.sims.edu,,2001-04-06,555-6206,856 Nguyen Hue,Can Tho,Information Technology
Quyen,Bui,quyen.bui770,quyen.bui770@student.sims.edu,,2001-10-07,555-4613,740 Tran Phu,Ho Chi Minh,Computer Science
Duc,Huynh,duc.huynh771,duc.huynh771@student.sims.edu,,2003-08-24,555-6285,660 Nguyen Hue,Ho Chi Minh,Physics
An,Nguyen,an.nguyen772,an.nguyen772@student.sims.edu,,2005-03-26,555-6439,545 Tran Phu,Hue,Electronics
Yen,Ly,yen.ly773,yen.ly773@student.sims.edu,,2003-06-12,555-5129,340 Nguyen Hue,Nha Trang,Electronics
Minh,Huynh,minh.huynh774,minh.huynh774@student.sims.edu,,2003-11-28,555-9570,390 Nguyen Hue,Ho Chi Minh,Information Technology
Tam,Ly,tam.ly775,tam.ly775@student.sims.edu,,2001-01-23,555-3289,792 Tran Phu,Ha Noi,Computer Science
Hung,Pham,hung.pham776,hung.pham776@student.sims.edu,,2001-07-18,555-1398,17 Tran Phu,Ha Noi,Physics
Yen,Le,yen.le777,yen.le777@student.sims.edu,,2003-02-17,555-6334,165 Nguyen Hue,Da Nang,Electronics
Mai,Vo,mai.vo778,mai.vo778@student.sims.edu,,2003-04-16,555-6213,415 Hai Ba Trung,Hai Phong,Business
Nga,Ngo,nga.ngo779,nga.ngo779@student.sims.edu,,2002-06-12,555-1094,889 Tran Phu,Ho Chi Minh,Computer Science
Hung,Le,hung.le780,hung.le780@student.sims.edu,,2003-12-21,555-9365,395 Le Loi,Hue,Business
Thao,Duong,thao.duong781,thao.duong781@student.sims.edu,,2004-02-25,555-3804,333 Tran Phu,Ha Noi,Information Technology
Binh,Huynh,binh.huynh782,binh.huynh782@student.sims.edu,,2005-03-19,555-3779,24 Tran Phu,Hai Phong,Mathematics
Hoa,Vo,hoa.vo783,hoa.vo783@student.sims.edu,,2005-11-08,555-7747,919 Hai Ba Trung,Nha Trang,Information Technology
An,Tran,an.tran784,an.tran784@student.sims.edu,,2004-09-12,555-9856,772 Tran Phu,Da Nang,Mathematics
Trang,Vu,trang.vu785,trang.vu785@student.sims.edu,,2004-06-18,555-2559,732 Hai Ba Trung,Nha Trang,Physics
Yen,Ly,yen.ly786,yen.ly786@student.sims.edu,,2003-11-18,555-1189,571 Le Loi,Nha Trang,Information Technology
Yen,Pham,yen.pham787,yen.pham787@student.sims.edu,,2004-09-17,555-8192,748 Tran Phu,Can Tho,Information Technology
Hoa,Le,hoa.le788,hoa.le788@student.sims.edu,,2002-03-13,555-7469,297 Nguyen Hue,Ho Chi Minh,Computer Science
Minh,Tran,minh.tran789,minh.tran789@student.sims.edu,,2005-06-15,555-8063,949 Le Loi,Nha Trang,Mathematics
Quang,Tran,quang.tran790,quang.tran790@student.sims.edu,,2004-02-14,555-6782,404 Nguyen Hue,Hai Phong,Business
Son,Vo,son.vo791,son.vo791@student.sims.edu,,2002-07-12,555-4273,829 Hai Ba Trung,Can Tho,Mathematics
Binh,Hoang,binh.hoang792,binh.hoang792@student.sims.edu,,2003-08-23,555-9788,663 Le Loi,Da Nang,Business
Thu,Do,thu.do793,thu.do793@student.sims.edu,,2002-08-09,555-5057,606 Le Loi,Hai Phong,Mathematics
Nga,Nguyen,nga.nguyen794,nga.nguyen794@student.sims.edu,,2003-09-21,555-9191,91 Le Loi,Nha Trang,Business
Trang,Le,trang.le795,trang.le795@student.sims.edu,,2005-09-12,555-3402,72 Le Loi,Hue,Mathematics
Phong,Vu,phong.vu796,phong.vu796@student.sims.edu,,2005-09-28,555-6905,67 Tran Phu,Hai Phong,Information Technology
Phong,Hoang,phong.hoang797,phong.hoang797@student.sims.edu,,2002-01-10,555-7806,291 Hai Ba Trung,Can Tho,Business
An,Ngo,an.ngo798,an.ngo798@student.sims.edu,,2004-04-18,555-3837,595 Nguyen Hue,Ha Noi,Mathematics
Dung,Ngo,dung.ngo799,dung.ngo799@student.sims.edu,,2004-06-03,555-2576,488 Hai Ba Trung,Hai Phong,Physics
Lan,Hoang,lan.hoang800,lan.hoang800@student.sims.edu,,2002-10-27,555-7308,87 Le Loi,Ha Noi,Computer Science
Quang,Nguyen,quang.nguyen801,quang.nguyen801@student.sims.edu,,2004-11-16,555-4839,794 Tran Phu,Nha Trang,Information Technology
Ha,Le,ha.le802,ha.le802@student.sims.edu,,2002-03-10,555-4387,309 Nguyen Hue,Da Nang,Business
Binh,Tran,binh.tran803,binh.tran803@student.sims.edu,,2004-10-19,555-4235,219 Tran Phu,Ha Noi,Business
Hoa,Dang,hoa.dang804,hoa.dang804@student.sims.edu,,2002-03-06,555-7765,437 Le Loi,Nha Trang,Information Technology
Ha,Do,ha.do805,ha.do805@student.sims.edu,,2004-11-07,555-5626,808 Hai Ba Trung,Can Tho,Business
Khanh,Vu,khanh.vu806,khanh.vu806@student.sims.edu,,2001-07-09,555-1020,88 Tran Phu,Nha Trang,Physics
An,Bui,an.bui807,an.bui807@student.sims.edu,,2003-10-23,555-6786,317 Tran Phu,Can Tho,Electronics
Mai,Dang,mai.dang808,mai.dang808@student.sims.edu,,2003-10-10,555-3254,291 Le Loi,Ha Noi,Business
Duc,Bui,duc.bui809,duc.bui809@student.sims.edu,,2005-01-07,555-8116,414 Nguyen Hue,Can Tho,Computer Science
Yen,Huynh,yen.huynh810,yen.huynh810@student.sims.edu,,2003-06-15,555-3837,731 Nguyen Hue,Hue,Mathematics
Ha,Nguyen,ha.nguyen811,ha.nguyen811@student.sims.edu,,2002-08-04,555-6123,377 Le Loi,Can Tho,Electronics
Quyen,Duong,quyen.duong812,quyen.duong812@student.sims.edu,,2005-02-17,555-3029,254 Le Loi,Hue,Computer Science
Khanh,Do,khanh.do813,khanh.do813@student.sims.edu,,2004-10-11,555-7291,727 Nguyen Hue,Ho Chi Minh,Business
Yen,Do,yen.do814,yen.do814@student.sims.edu,,2004-09-19,555-3304,666 Le Loi,Hai Phong,Information Technology
Dung,Do,dung.do815,dung.do815@student.sims.edu,,2004-11-27,555-3003,451 Le Loi,Ha Noi,Physics
Trang,Ly,trang.ly816,trang.ly816@student.sims.edu,,2003-05-08,555-1989,12 Nguyen Hue,Hue,Electronics
Lan,Ngo,lan.ngo817,lan.ngo817@student.sims.edu,,2002-07-22,555-5811,271 Nguyen Hue,Ho Chi Minh,Business
Hoa,Ho,hoa.ho818,hoa.ho818@student.sims.edu,,2003-07-27,555-3742,125 Hai Ba Trung,Ha Noi,Electronics
Dung,Do,dung.do819,dung.do819@student.sims.edu,,2003-09-21,555-6739,584 Tran Phu,Da Nang,Business
Hung,Do,hung.do820,hung.do820@student.sims.edu,,2003-03-15,555-3149,324 Tran Phu,Da Nang,Electronics
Tuan,Ho,tuan.ho821,tuan.ho821@student.sims.edu,,2002-12-19,555-1349,342 Tran Phu,Can Tho,Information Technology
Thu,Ngo,thu.ngo822,thu.ngo822@student.sims.edu,,2005-11-17,555-7991,449 Hai Ba Trung,Hai Phong,Information Technology
Thao,Duong,thao.duong823,thao.duong823@student.sims.edu,,2001-01-05,555-9295,218 Tran Phu,Ha Noi,Physics
An,Vo,an.vo824,an.vo824@student.sims.edu,,2002-11-01,555-2869,8 Tran Phu,Can Tho,Information Technology
Minh,Nguyen,minh.nguyen825,minh.nguyen825@student.sims.edu,,2004-11-14,555-2705,259 Le Loi,Ho Chi Minh,Business
Hai,Hoang,hai.hoang826,hai.hoang826@student.sims.edu,,2005-10-26,555-9348,68 Nguyen Hue,Nha Trang,Mathematics
Ha,Pham,ha.pham827,ha.pham827@student.sims.edu,,2003-08-21,555-2054,667 Hai Ba Trung,Da Nang,Business
Dung,Vu,dung.vu828,dung.vu828@student.sims.edu,,2001-11-20,555-7239,35 Tran Phu,Da Nang,Business
Dung,Vu,dung.vu829,dung.vu829@student.sims.edu,,2005-12-03,555-3633,592 Le Loi,Ha Noi,Electronics
Linh,Tran,linh.tran830,linh.tran830@student.sims.edu,,2003-03-20,555-7630,781 Le Loi,Da Nang,Information Technology
Ha,Pham,ha.pham831,ha.pham831@student.sims.edu,,2005-02-28,555-2936,230 Nguyen Hue,Can Tho,Business
Hung,Ly,hung.ly832,hung.ly832@student.sims.edu,,2003-07-25,555-7148,44 Nguyen Hue,Hai Phong,Computer Science
Thu,Ly,thu.ly833,thu.ly833@student.sims.edu,,2004-10-14,555-7118,471 Tran Phu,Hai Phong,Mathematics
Chi,Vu,chi.vu834,chi.vu834@student.sims.edu,,2002-10-05,555-6609,494 Nguyen Hue,Da Nang,Business
Hung,Tran,hung.tran835,hung.tran835@student.sims.edu,,2005-11-16,555-5895,923 Nguyen Hue,Hue,Business
Hai,Huynh,hai.huynh836,hai.huynh836@student.sims.edu,,2005-04-15,555-4856,628 Tran Phu,Hue,Physics
Linh,Huynh,linh.huynh837,linh.huynh837@student.sims.edu,,2005-06-16,555-1950,559 Le Loi,Nha Trang,Computer Science
Mai,Le,mai.le838,mai.le838@student.sims.edu,,2002-01-18,555-1364,352 Nguyen Hue,Ho Chi Minh,Computer Science
Lan,Bui,lan.bui839,lan.bui839@student.sims.edu,,2005-02-26,555-4340,16 Hai Ba Trung,Can Tho,Information Technology
Duc,Le,duc.le840,duc.le840@student.sims.edu,,2001-09-18,555-2820,631 Hai Ba Trung,Hue,Information Technology
Nam,Dang,nam.dang841,nam.dang841@student.sims.edu,,2004-05-16,555-7414,178 Nguyen Hue,Hue,Mathematics
Tam,Ly,tam.ly842,tam.ly842@student.sims.edu,,2005-01-01,555-7789,400 Le Loi,Ha Noi,Business
Binh,Tran,binh.tran843,binh.tran843@student.sims.edu,,2004-12-01,555-1354,775 Tran Phu,Da Nang,Business
Dung,Ngo,dung.ngo844,dung.ngo844@student.sims.edu,,2003-01-05,555-5823,898 Tran Phu,Can Tho,Business
Vy,Do,vy.do845,vy.do845@student.sims.edu,,2005-05-23,555-3002,199 Hai Ba Trung,Ha Noi,Electronics
Duc,Pham,duc.pham846,duc.pham846@student.sims.edu,,2005-04-28,555-2909,846 Hai Ba Trung,Da Nang,Mathematics
An,Nguyen,an.nguyen847,an.nguyen847@student.sims.edu,,2005-07-21,555-2313,972 Tran Phu,Nha Trang,Information Technology
Ha,Duong,ha.duong848,ha.duong848@student.sims.edu,,2003-05-22,555-6951,243 Hai Ba Trung,Nha Trang,Physics
Mai,Huynh,mai.huynh849,mai.huynh849@student.sims.edu,,2005-11-21,555-6112,994 Le Loi,Ho Chi Minh,Information Technology
Quyen,Nguyen,quyen.nguyen850,quyen.nguyen850@student.sims.edu,,2005-05-05,555-9016,155 Tran Phu,Hai Phong,Business
Giang,Dang,giang.dang851,giang.dang851@student.sims.edu,,2003-09-18,555-1444,713 Nguyen Hue,Da Nang,Business
Duc,Vo,duc.vo852,duc.vo852@student.sims.edu,,2002-07-06,555-1661,733 Nguyen Hue,Da Nang,Computer Science
Quyen,Duong,quyen.duong853,quyen.duong853@student.sims.edu,,2003-05-11,555-5739,624 Hai Ba Trung,Nha Trang,Information Technology
Hai,Ly,hai.ly854,hai.ly854@student.sims.edu,,2001-02-05,555-7641,334 Hai Ba Trung,Hai Phong,Business
Thao,Ho,thao.ho855,thao.ho855@student.sims.edu,,2005-08-03,555-2353,466 Nguyen Hue,Da Nang,Physics
Nam,Dang,nam.dang856,nam.dang856@student.sims.edu,,2001-01-19,555-3056,602 Nguyen Hue,Hue,Information Technology
Giang,Hoang,giang.hoang857,giang.hoang857@student.sims.edu,,2005-12-25,555-9188,460 Nguyen Hue,Ho Chi Minh,Computer Science
Dung,Bui,dung.bui858,dung.bui858@student.sims.edu,,2005-06-07,555-3387,567 Tran Phu,Ho Chi Minh,Mathematics
Minh,Bui,minh.bui859,minh.bui859@student.sims.edu,,2003-05-26,555-5396,886 Hai Ba Trung,Ha Noi,Electronics
Minh,Hoang,minh.hoang860,minh.hoang860@student.sims.edu,,2003-02-13,555-8682,2 Hai Ba Trung,Ho Chi Minh,Physics
Ngoc,Huynh,ngoc.huynh861,ngoc.huynh861@student.sims.edu,,2004-06-02,555-2118,81 Hai Ba Trung,Hue,Physics
Lan,Pham,lan.pham862,lan.pham862@student.sims.edu,,2001-09-05,555-2636,378 Nguyen Hue,Ha Noi,Physics
Hai,Duong,hai.duong863,hai.duong863@student.sims.edu,,2001-08-25,555-6891,70 Nguyen Hue,Hue,Business
Nga,Vo,nga.vo864,nga.vo864@student.sims.edu,,2004-02-01,555-5810,989 Le Loi,Can Tho,Mathematics
Dung,Huynh,dung.huynh865,dung.huynh865@student.sims.edu,,2004-11-04,555-2424,830 Nguyen Hue,Da Nang,Physics
Khanh,Huynh,khanh.huynh866,khanh.huynh866@student.sims.edu,,2004-03-12,555-4941,688 Nguyen Hue,Ha Noi,Computer Science
Thao,Duong,thao.duong867,thao.duong867@student.sims.edu,,2005-01-27,555-6804,49 Hai Ba Trung,Ho Chi Minh,Computer Science
Son,Le,son.le868,son.le868@student.sims.edu,,2003-05-11,555-5571,520 Le Loi,Ho Chi Minh,Information Technology
Lan,Duong,lan.duong869,lan.duong869@student.sims.edu,,2002-06-12,555-9956,525 Tran Phu,Hue,Information Technology
Bao,Vo,bao.vo870,bao.vo870@student.sims.edu,,2005-09-22,555-4309,242 Hai Ba Trung,Ha Noi,Information Technology
Lan,Vo,lan.vo871,lan.vo871@student.sims.edu,,2003-08-27,555-2919,502 Tran Phu,Hai Phong,Computer Science
Ngoc,Bui,ngoc.bui872,ngoc.bui872@student.sims.edu,,2004-02-02,555-3148,767 Le Loi,Hai Phong,Computer Science
Bao,Pham,bao.pham873,bao.pham873@student.sims.edu,,2004-03-28,555-5548,328 Nguyen Hue,Can Tho,Computer Science
Hoa,Do,hoa.do874,hoa.do874@student.sims.edu,,2001-06-01,555-6707,515 Nguyen Hue,Nha Trang,Information Technology
Binh,Duong,binh.duong875,binh.duong875@student.sims.edu,,2004-05-05,555-8426,485 Nguyen Hue,Hue,Information Technology
Hung,Le,hung.le876,hung.le876@student.sims.edu,,2005-09-26,555-1002,270 Hai Ba Trung,Ho Chi Minh,Business
Quang,Le,quang.le877,quang.le877@student.sims.edu,,2001-05-20,555-6738,45 Hai Ba Trung,Da Nang,Information Technology
An,Ho,an.ho878,an.ho878@student.sims.edu,,2003-05-22,555-3317,300 Tran Phu,Da Nang,Mathematics
Nam,Hoang,nam.hoang879,nam.hoang879@student.sims.edu,,2002-10-10,555-8124,534 Le Loi,Ha Noi,Information Technology
Thao,Hoang,thao.hoang880,thao.hoang880@student.sims.edu,,2003-02-07,555-1482,202 Hai Ba Trung,Ha Noi,Physics
Thu,Tran,thu.tran881,thu.tran881@student.sims.edu,,2002-05-15,555-8934,809 Le Loi,Nha Trang,Electronics
Dung,Vu,dung.vu882,dung.vu882@student.sims.edu,,2002-02-07,555-2974,704 Le Loi,Hue,Physics
Minh,Le,minh.le883,minh.le883@student.sims.edu,,2001-01-22,555-3830,316 Le Loi,Da Nang,Computer Science
Tuan,Dang,tuan.dang884,tuan.dang884@student.sims.edu,,2002-08-25,555-7283,226 Nguyen Hue,Da Nang,Business
An,Vo,an.vo885,an.vo885@student.sims.edu,,2001-06-07,555-7675,99 Tran Phu,Hai Phong,Physics
Hai,Huynh,hai.huynh886,hai.huynh886@student.sims.edu,,2003-04-13,555-9817,449 Le Loi,Ho Chi Minh,Mathematics
Mai,Bui,mai.bui887,mai.bui887@student.sims.edu,,2004-09-03,555-7548,54 Nguyen Hue,Hai Phong,Mathematics
Nam,Dang,nam.dang888,nam.dang888@student.sims.edu,,2002-07-10,555-4307,513 Hai Ba Trung,Da Nang,Mathematics
Dung,Ly,dung.ly889,dung.ly889@student.sims.edu,,2001-04-17,555-5123,200 Le Loi,Nha Trang,Business
Yen,Vo,yen.vo890,yen.vo890@student.sims.edu,,2001-12-16,555-3022,861 Le Loi,Ha Noi,Business
Tuan,Ly,tuan.ly891,tuan.ly891@student.sims.edu,,2005-08-03,555-3866,863 Tran Phu,Hue,Physics
Thu,Dang,thu.dang892,thu.dang892@student.sims.edu,,2005-10-22,555-6563,346 Tran Phu,Nha Trang,Electronics
Duc,Ngo,duc.ngo893,duc.ngo893@student.sims.edu,,2001-09-28,555-6681,486 Hai Ba Trung,Can Tho,Mathematics
Chi,Dang,chi.dang894,chi.dang894@student.sims.edu,,2001-01-21,555-7241,411 Le Loi,Nha Trang,Business
Linh,Hoang,linh.hoang895,linh.hoang895@student.sims.edu,,2005-02-07,555-8525,135 Tran Phu,Ho Chi Minh,Electronics
Hoa,Ho,hoa.ho896,hoa.ho896@student.sims.edu,,2005-05-16,555-7318,702 Tran Phu,Hue,Computer Science
Duc,Le,duc.le897,duc.le897@student.sims.edu,,2004-03-10,555-2456,166 Hai Ba Trung,Nha Trang,Electronics
Tam,Tran,tam.tran898,tam.tran898@student.sims.edu,,2002-01-09,555-2339,937 Nguyen Hue,Can Tho,Computer Science
Nga,Duong,nga.duong899,nga.duong899@student.sims.edu,,2004-05-09,555-6422,831 Nguyen Hue,Nha Trang,Electronics
Thao,Huynh,thao.huynh900,thao.huynh900@student.sims.edu,,2002-05-03,555-5193,282 Hai Ba Trung,Nha Trang,Information Technology
Quang,Ngo,quang.ngo901,quang.ngo901@student.sims.edu,,2003-07-15,555-1210,186 Tran Phu,Ho Chi Minh,Physics
Ha,Tran,ha.tran902,ha.tran902@student.sims.edu,,2003-07-06,555-3312,813 Le Loi,Ha Noi,Business
Trang,Tran,trang.tran903,trang.tran903@student.sims.edu,,2003-04-21,555-6150,74 Le Loi,Can Tho,Business
Mai,Dang,mai.dang904,mai.dang904@student.sims.edu,,2004-10-07,555-6513,27 Nguyen Hue,Hue,Computer Science
Yen,Ly,yen.ly905,yen.ly905@student.sims.edu,,2003-10-06,555-7821,406 Hai Ba Trung,Da Nang,Information Technology
Nam,Ngo,nam.ngo906,nam.ngo906@student.sims.edu,,2003-04-04,555-4400,921 Hai Ba Trung,Nha Trang,Mathematics
Hung,Vu,hung.vu907,hung.vu907@student.sims.edu,,2004-03-09,555-7669,782 Le Loi,Da Nang,Physics
An,Le,an.le908,an.le908@student.sims.edu,,2004-10-11,555-2891,311 Hai Ba Trung,Hai Phong,Physics
Tuan,Dang,tuan.dang909,tuan.dang909@student.sims.edu,,2002-06-21,555-4904,19 Nguyen Hue,Da Nang,Electronics
Nga,Ly,nga.ly910,nga.ly910@student.sims.edu,,2002-09-28,555-9301,92 Nguyen Hue,Hai Phong,Physics
Hai,Dang,hai.dang911,hai.dang911@student.sims.edu,,2003-10-15,555-7279,854 Nguyen Hue,Hue,Information Technology
Nga,Ngo,nga.ngo912,nga.ngo912@student.sims.edu,,2003-02-28,555-3389,315 Nguyen Hue,Can Tho,Business
Tam,Tran,tam.tran913,tam.tran913@student.sims.edu,,2001-04-13,555-1922,751 Nguyen Hue,Hue,Information Technology
Mai,Dang,mai.dang914,mai.dang914@student.sims.edu,,2003-11-15,555-9208,355 Nguyen Hue,Nha Trang,Information Technology
Thao,Do,thao.do915,thao.do915@student.sims.edu,,2003-03-01,555-2700,219 Hai Ba Trung,Can Tho,Business
Tam,Vu,tam.vu916,tam.vu916@student.sims.edu,,2003-07-02,555-9273,474 Hai Ba Trung,Can Tho,Information Technology
Son,Ly,son.ly917,son.ly917@student.sims.edu,,2005-01-01,555-1362,693 Le Loi,Hai Phong,Information Technology
Duc,Ly,duc.ly918,duc.ly918@student.sims.edu,,2004-12-12,555-8692,118 Tran Phu,Da Nang,Electronics
Thao,Ho,thao.ho919,thao.ho919@student.sims.edu,,2002-01-22,555-7214,632 Le Loi,Da Nang,Business
Quyen,Huynh,quyen.huynh920,quyen.huynh920@student.sims.edu,,2001-06-12,555-1173,671 Nguyen Hue,Can Tho,Computer Science
Minh,Bui,minh.bui921,minh.bui921@student.sims.edu,,2001-05-19,555-7269,569 Hai Ba Trung,Nha Trang,Information Technology
Duc,Vo,duc.vo922,duc.vo922@student.sims.edu,,2001-08-28,555-9329,117 Hai Ba Trung,Can Tho,Information Technology
Quyen,Le,quyen.le923,quyen.le923@student.sims.edu,,2005-01-08,555-3188,949 Tran Phu,Nha Trang,Business
Tuan,Vo,tuan.vo924,tuan.vo924@student.sims.edu,,2001-12-13,555-5867,632 Tran Phu,Da Nang,Business
Linh,Duong,linh.duong925,linh.duong925@student.sims.edu,,2002-06-09,555-1293,585 Hai Ba Trung,Hue,Electronics
Binh,Nguyen,binh.nguyen926,binh.nguyen926@student.sims.edu,,2004-08-19,555-4307,239 Le Loi,Nha Trang,Computer Science
Quyen,Ly,quyen.ly927,quyen.ly927@student.sims.edu,,2002-07-17,555-5262,66 Hai Ba Trung,Hue,Physics
Nam,Bui,nam.bui928,nam.bui928@student.sims.edu,,2001-03-18,555-7785,99 Tran Phu,Hai Phong,Physics
Tam,Ho,tam.ho929,tam.ho929@student.sims.edu,,2003-02-12,555-1581,149 Le Loi,Can Tho,Information Technology
Ha,Dang,ha.dang930,ha.dang930@student.sims.edu,,2001-07-27,555-8561,240 Tran Phu,Ha Noi,Information Technology
Hoa,Hoang,hoa.hoang931,hoa.hoang931@student.sims.edu,,2005-09-12,555-7854,388 Tran Phu,Nha Trang,Physics
Binh,Tran,binh.tran932,binh.tran932@student.sims.edu,,2005-11-01,555-9278,398 Hai Ba Trung,Da Nang,Electronics
Lan,Huynh,lan.huynh933,lan.huynh933@student.sims.edu,,2001-11-01,555-3005,881 Le Loi,Can Tho,Information Technology
Lan,Tran,lan.tran934,lan.tran934@student.sims.edu,,2003-04-17,555-3457,933 Hai Ba Trung,Ho Chi Minh,Physics
Quang,Vo,quang.vo935,quang.vo935@student.sims.edu,,2001-11-04,555-6362,122 Le Loi,Hue,Information Technology
Ngoc,Ly,ngoc.ly936,ngoc.ly936@student.sims.edu,,2004-01-26,555-8177,86 Tran Phu,Da Nang,Physics
Hai,Ho,hai.ho937,hai.ho937@student.sims.edu,,2005-01-11,555-7197,884 Hai Ba Trung,Hai Phong,Mathematics
Dung,Nguyen,dung.nguyen938,dung.nguyen938@student.sims.edu,,2001-06-17,555-4470,194 Le Loi,Can Tho,Information Technology
Khanh,Dang,khanh.dang939,khanh.dang939@student.sims.edu,,2004-06-06,555-5728,854 Le Loi,Da Nang,Mathematics
Quang,Nguyen,quang.nguyen940,quang.nguyen940@student.sims.edu,,2003-06-17,555-4352,878 Le Loi,Ho Chi Minh,Computer Science
Phong,Hoang,phong.hoang941,phong.hoang941@student.sims.edu,,2002-12-13,555-4806,615 Hai Ba Trung,Hai Phong,Physics
Hoa,Huynh,hoa.huynh942,hoa.huynh942@student.sims.edu,,2004-05-02,555-1334,263 Nguyen Hue,Nha Trang,Physics
Phong,Huynh,phong.huynh943,phong.huynh943@student.sims.edu,,2001-08-06,555-5211,466 Nguyen Hue,Ho Chi Minh,Computer Science
Ngoc,Ho,ngoc.ho944,ngoc.ho944@student.sims.edu,,2002-04-08,555-4442,460 Nguyen Hue,Nha Trang,Physics
Nga,Duong,nga.duong945,nga.duong945@student.sims.edu,,2005-07-08,555-8961,506 Tran Phu,Hue,Electronics
Tuan,Le,tuan.le946,tuan.le946@student.sims.edu,,2001-12-28,555-2329,908 Tran Phu,Da Nang,Physics
Yen,Pham,yen.pham947,yen.pham947@student.sims.edu,,2004-01-13,555-2887,452 Tran Phu,Da Nang,Mathematics
Binh,Nguyen,binh.nguyen948,binh.nguyen948@student.sims.edu,,2002-12-16,555-5679,487 Tran Phu,Ha Noi,Physics
Khanh,Ho,khanh.ho949,khanh.ho949@student.sims.edu,,2001-08-27,555-4511,655 Tran Phu,Nha Trang,Business
Minh,Ly,minh.ly950,minh.ly950@student.sims.edu,,2002-12-28,555-6370,654 Tran Phu,Da Nang,Physics
Yen,Nguyen,yen.nguyen951,yen.nguyen951@student.sims.edu,,2003-12-18,555-6795,664 Hai Ba Trung,Hue,Physics
Lan,Ngo,lan.ngo952,lan.ngo952@student.sims.edu,,2005-04-10,555-6201,748 Hai Ba Trung,Can Tho,Electronics
Thu,Huynh,thu.huynh953,thu.huynh953@student.sims.edu,,2005-07-23,555-5653,50 Le Loi,Da Nang,Physics
Dung,Dang,dung.dang954,dung.dang954@student.sims.edu,,2001-10-06,555-3480,906 Le Loi,Ha Noi,Mathematics
Dung,Ly,dung.ly955,dung.ly955@student.sims.edu,,2005-12-27,555-3904,917 Tran Phu,Nha Trang,Business
Hai,Dang,hai.dang956,hai.dang956@student.sims.edu,,2004-05-02,555-4142,297 Hai Ba Trung,Ho Chi Minh,Business
Trang,Ly,trang.ly957,trang.ly957@student.sims.edu,,2001-04-13,555-1205,565 Tran Phu,Hai Phong,Electronics
Minh,Dang,minh.dang958,minh.dang958@student.sims.edu,,2003-02-28,555-5361,139 Tran Phu,Ho Chi Minh,Mathematics
Giang,Hoang,giang.hoang959,giang.hoang959@student.sims.edu,,2002-01-03,555-5960,765 Tran Phu,Hai Phong,Physics
Giang,Ho,giang.ho960,giang.ho960@student.sims.edu,,2004-12-27,555-5225,107 Le Loi,Hai Phong,Electronics
Son,Dang,son.dang961,son.dang961@student.sims.edu,,2002-11-04,555-1944,308 Hai Ba Trung,Ha Noi,Physics
Dung,Do,dung.do962,dung.do962@student.sims.edu,,2004-11-04,555-7202,744 Le Loi,Ha Noi,Mathematics
Yen,Do,yen.do963,yen.do963@student.sims.edu,,2004-10-22,555-3684,758 Le Loi,Hue,Physics
Quyen,Le,quyen.le964,quyen.le964@student.sims.edu,,2003-01-13,555-8118,932 Tran Phu,Nha Trang,Information Technology
Nam,Vu,nam.vu965,nam.vu965@student.sims.edu,,2005-12-27,555-8593,807 Le Loi,Ho Chi Minh,Mathematics
Tam,Ly,tam.ly966,tam.ly966@student.sims.edu,,2003-12-02,555-3953,280 Tran Phu,Hai Phong,Physics
Minh,Le,minh.le967,minh.le967@student.sims.edu,,2002-01-18,555-5242,449 Hai Ba Trung,Ha Noi,Mathematics
Nga,Duong,nga.duong968,nga.duong968@student.sims.edu,,2003-10-09,555-4976,456 Nguyen Hue,Can Tho,Mathematics
An,Tran,an.tran969,an.tran969@student.sims.edu,,2001-01-13,555-9563,711 Tran Phu,Ho Chi Minh,Mathematics
Mai,Ngo,mai.ngo970,mai.ngo970@student.sims.edu,,2005-12-18,555-4459,564 Le Loi,Can Tho,Electronics
Hung,Le,hung.le971,hung.le971@student.sims.edu,,2001-05-05,555-3630,394 Hai Ba Trung,Ha Noi,Computer Science
Quyen,Duong,quyen.duong972,quyen.duong972@student.sims.edu,,2005-04-18,555-8631,826 Hai Ba Trung,Hue,Computer Science
Hoa,Ngo,hoa.ngo973,hoa.ngo973@student.sims.edu,,2001-06-05,555-7705,461 Hai Ba Trung,Hue,Physics
Mai,Duong,mai.duong974,mai.duong974@student.sims.edu,,2003-10-08,555-8684,2 Tran Phu,Hai Phong,Physics
Lan,Dang,lan.dang975,lan.dang975@student.sims.edu,,2004-06-02,555-5196,87 Hai Ba Trung,Hai Phong,Physics
Mai,Vu,mai.vu976,mai.vu976@student.sims.edu,,2003-01-14,555-6934,36 Nguyen Hue,Ha Noi,Physics
Ha,Ngo,ha.ngo977,ha.ngo977@student.sims.edu,,2001-09-20,555-4570,9 Tran Phu,Can Tho,Computer Science
Thu,Ho,thu.ho978,thu.ho978@student.sims.edu,,2002-08-15,555-6508,51 Tran Phu,Nha Trang,Electronics
Quang,Nguyen,quang.nguyen979,quang.nguyen979@student.sims.edu,,2005-05-26,555-1324,743 Le Loi,Nha Trang,Information Technology
Vy,Ly,vy.ly980,vy.ly980@student.sims.edu,,2002-03-23,555-8035,219 Le Loi,Ha Noi,Information Technology
Lan,Dang,lan.dang981,lan.dang981@student.sims.edu,,2002-12-19,555-5459,597 Nguyen Hue,Hai Phong,Business
Thao,Tran,thao.tran982,thao.tran982@student.sims.edu,,2004-11-22,555-5095,477 Le Loi,Da Nang,Physics
Minh,Vu,minh.vu983,minh.vu983@student.sims.edu,,2004-05-27,555-3870,864 Nguyen Hue,Ho Chi Minh,Business
Bao,Nguyen,bao.nguyen984,bao.nguyen984@student.sims.edu,,2002-06-09,555-6733,654 Le Loi,Nha Trang,Information Technology
Lan,Do,lan.do985,lan.do985@student.sims.edu,,2001-05-04,555-6698,136 Hai Ba Trung,Hue,Physics
Binh,Ly,binh.ly986,binh.ly986@student.sims.edu,,2003-03-11,555-6075,143 Nguyen Hue,Ho Chi Minh,Information Technology
Minh,Ngo,minh.ngo987,minh.ngo987@student.sims.edu,,2005-09-16,555-4506,920 Hai Ba Trung,Hai Phong,Mathematics
Thao,Tran,thao.tran988,thao.tran988@student.sims.edu,,2004-02-16,555-8828,721 Le Loi,Ho Chi Minh,Electronics
Binh,Ngo,binh.ngo989,binh.ngo989@student.sims.edu,,2001-06-03,555-4625,791 Nguyen Hue,Da Nang,Physics
Hung,Dang,hung.dang990,hung.dang990@student.sims.edu,,2001-12-20,555-2870,324 Nguyen Hue,Hue,Information Technology
Nga,Ho,nga.ho991,nga.ho991@student.sims.edu,,2004-08-07,555-7664,611 Tran Phu,Can Tho,Computer Science
An,Ly,an.ly992,an.ly992@student.sims.edu,,2004-03-06,555-3945,504 Le Loi,Nha Trang,Mathematics
Son,Bui,son.bui993,son.bui993@student.sims.edu,,2001-11-11,555-7713,866 Hai Ba Trung,Ha Noi,Mathematics
Dung,Bui,dung.bui994,dung.bui994@student.sims.edu,,2005-06-04,555-4366,344 Nguyen Hue,Can Tho,Computer Science
Binh,Hoang,binh.hoang995,binh.hoang995@student.sims.edu,,2004-03-26,555-8752,608 Hai Ba Trung,Ho Chi Minh,Business
Nga,Bui,nga.bui996,nga.bui996@student.sims.edu,,2003-07-09,555-1610,288 Nguyen Hue,Ha Noi,Physics
Ha,Tran,ha.tran997,ha.tran997@student.sims.edu,,2001-10-14,555-6739,255 Hai Ba Trung,Can Tho,Computer Science
Khanh,Ly,khanh.ly998,khanh.ly998@student.sims.edu,,2002-06-02,555-3537,606 Le Loi,Ho Chi Minh,Mathematics
Chi,Nguyen,chi.nguyen999,chi.nguyen999@student.sims.edu,,2001-03-06,555-1557,290 Nguyen Hue,Hue,Information Technology
Vy,Vu,vy.vu1000,vy.vu1000@student.sims.edu,,2002-11-10,555-2919,658 Tran Phu,Ho Chi Minh,Physics
An,Pham,an.pham1001,an.pham1001@student.sims.edu,,2005-07-14,555-8139,270 Hai Ba Trung,Ho Chi Minh,Computer Science
Tuan,Bui,tuan.bui1002,tuan.bui1002@student.sims.edu,,2005-06-05,555-7675,567 Le Loi,Nha Trang,Physics
Son,Bui,son.bui1003,son.bui1003@student.sims.edu,,2003-01-15,555-5033,508 Hai Ba Trung,Da Nang,Mathematics
Bao,Le,bao.le1004,bao.le1004@student.sims.edu,,2001-02-19,555-1022,453 Hai Ba Trung,Nha Trang,Computer Science
Tam,Le,tam.le1005,tam.le1005@student.sims.edu,,2005-05-21,555-6182,777 Le Loi,Hue,Mathematics
Khanh,Do,khanh.do1006,khanh.do1006@student.sims.edu,,2004-07-09,555-5612,856 Tran Phu,Hue,Business
Hai,Bui,hai.bui1007,hai.bui1007@student.sims.edu,,2001-06-03,555-6286,806 Le Loi,Can Tho,Mathematics
Quyen,Vu,quyen.vu1008,quyen.vu1008@student.sims.edu,,2002-09-17,555-7266,225 Tran Phu,Hue,Electronics
Phong,Do,phong.do1009,phong.do1009@student.sims.edu,,2003-09-26,555-7305,633 Le Loi,Ho Chi Minh,Information Technology
Giang,Huynh,giang.huynh1010,giang.huynh1010@student.sims.edu,,2002-02-25,555-5041,556 Le Loi,Hai Phong,Mathematics
Thao,Ly,thao.ly1011,thao.ly1011@student.sims.edu,,2005-05-08,555-8345,112 Le Loi,Ho Chi Minh,Computer Science
Quyen,Le,quyen.le1012,quyen.le1012@student.sims.edu,,2005-10-16,555-2137,949 Hai Ba Trung,Ha Noi,Electronics
Mai,Duong,mai.duong1013,mai.duong1013@student.sims.edu,,2005-01-09,555-5221,843 Le Loi,Ha Noi,Mathematics
Dung,Huynh,dung.huynh1014,dung.huynh1014@student.sims.edu,,2005-09-08,555-8362,152 Tran Phu,Hai Phong,Business
Lan,Le,lan.le1015,lan.le1015@student.sims.edu,,2004-10-06,555-7616,602 Hai Ba Trung,Ho Chi Minh,Business
Thu,Tran,thu.tran1016,thu.tran1016@student.sims.edu,,2001-04-02,555-6127,80 Nguyen Hue,Da Nang,Electronics
Nga,Huynh,nga.huynh1017,nga.huynh1017@student.sims.edu,,2004-04-02,555-4085,706 Hai Ba Trung,Can Tho,Computer Science
Dung,Vu,dung.vu1018,dung.vu1018@student.sims.edu,,2002-01-10,555-3339,802 Nguyen Hue,Hue,Information Technology
Hai,Ngo,hai.ngo1019,hai.ngo1019@student.sims.edu,,2002-05-15,555-3196,708 Nguyen Hue,Ho Chi Minh,Physics
Linh,Duong,linh.duong1020,linh.duong1020@student.sims.edu,,2005-10-03,555-4252,315 Nguyen Hue,Ho Chi Minh,Physics
Khanh,Vu,khanh.vu1021,khanh.vu1021@student.sims.edu,,2003-10-15,555-4981,985 Le Loi,Ha Noi,Business
Duc,Bui,duc.bui1022,duc.bui1022@student.sims.edu,,2001-12-24,555-6482,315 Le Loi,Ha Noi,Electronics
An,Ngo,an.ngo1023,an.ngo1023@student.sims.edu,,2004-02-16,555-5169,863 Nguyen Hue,Ho Chi Minh,Mathematics
Thu,Vo,thu.vo1024,thu.vo1024@student.sims.edu,,2003-02-16,555-1079,848 Tran Phu,Ha Noi,Business
Hung,Nguyen,hung.nguyen1025,hung.nguyen1025@student.sims.edu,,2005-10-19,555-2295,710 Hai Ba Trung,Nha Trang,Physics
Quang,Huynh,quang.huynh1026,quang.huynh1026@student.sims.edu,,2005-06-26,555-7383,780 Nguyen Hue,Da Nang,Electronics
Mai,Dang,mai.dang1027,mai.dang1027@student.sims.edu,,2003-06-06,555-7818,541 Le Loi,Nha Trang,Physics
Ha,Pham,ha.pham1028,ha.pham1028@student.sims.edu,,2004-05-16,555-9520,102 Tran Phu,Da Nang,Computer Science
Hai,Tran,hai.tran1029,hai.tran1029@student.sims.edu,,2002-01-18,555-6103,586 Tran Phu,Ho Chi Minh,Business
Vy,Ho,vy.ho1030,vy.ho1030@student.sims.edu,,2005-07-18,555-2187,340 Le Loi,Hai Phong,Computer Science
Mai,Vu,mai.vu1031,mai.vu1031@student.sims.edu,,2001-03-02,555-9044,118 Tran Phu,Nha Trang,Information Technology
Giang,Ly,giang.ly1032,giang.ly1032@student.sims.edu,,2004-03-24,555-2142,2 Nguyen Hue,Hai Phong,Mathematics
Hai,Dang,hai.dang1033,hai.dang1033@student.sims.edu,,2003-03-06,555-1433,889 Hai Ba Trung,Da Nang,Information Technology
Quyen,Dang,quyen.dang1034,quyen.dang1034@student.sims.edu,,2005-05-03,555-2619,606 Hai Ba Trung,Ho Chi Minh,Computer Science
Phong,Bui,phong.bui1035,phong.bui1035@student.sims.edu,,2002-04-02,555-2904,189 Hai Ba Trung,Da Nang,Business
Trang,Hoang,trang.hoang1036,trang.hoang1036@student.sims.edu,,2005-04-14,555-8429,185 Le Loi,Da Nang,Business
Khanh,Vo,khanh.vo1037,khanh.vo1037@student.sims.edu,,2002-01-02,555-1999,379 Hai Ba Trung,Can Tho,Mathematics
Linh,Bui,linh.bui1038,linh.bui1038@student.sims.edu,,2002-09-11,555-2569,111 Le Loi,Hai Phong,Information Technology
An,Huynh,an.huynh1039,an.huynh1039@student.sims.edu,,2005-05-11,555-1127,113 Tran Phu,Hue,Electronics
Mai,Nguyen,mai.nguyen1040,mai.nguyen1040@student.sims.edu,,2002-02-26,555-9597,621 Tran Phu,Hue,Physics
Khanh,Vo,khanh.vo1041,khanh.vo1041@student.sims.edu,,2004-02-27,555-9104,159 Hai Ba Trung,Hai Phong,Mathematics
Lan,Nguyen,lan.nguyen1042,lan.nguyen1042@student.sims.edu,,2001-09-20,555-7015,265 Tran Phu,Ha Noi,Electronics
Tam,Ho,tam.ho1043,tam.ho1043@student.sims.edu,,2005-12-21,555-6204,676 Nguyen Hue,Can Tho,Physics
Hoa,Hoang,hoa.hoang1044,hoa.hoang1044@student.sims.edu,,2005-05-12,555-4259,321 Hai Ba Trung,Hai Phong,Business
Tam,Hoang,tam.hoang1045,tam.hoang1045@student.sims.edu,,2003-06-13,555-3703,781 Tran Phu,Can Tho,Physics
Hoa,Duong,hoa.duong1046,hoa.duong1046@student.sims.edu,,2005-03-03,555-6501,885 Le Loi,Ho Chi Minh,Computer Science
Phong,Nguyen,phong.nguyen1047,phong.nguyen1047@student.sims.edu,,2002-05-02,555-2590,432 Le Loi,Hai Phong,Computer Science
Yen,Ngo,yen.ngo1048,yen.ngo1048@student.sims.edu,,2005-06-21,555-6810,887 Tran Phu,Hue,Mathematics
Bao,Tran,bao.tran1049,bao.tran1049@student.sims.edu,,2002-08-11,555-4666,446 Hai Ba Trung,Nha Trang,Computer Science
Hung,Huynh,hung.huynh1050,hung.huynh1050@student.sims.edu,,2003-06-14,555-8298,28 Nguyen Hue,Ha Noi,Physics
Lan,Pham,lan.pham1051,lan.pham1051@student.sims.edu,,2004-12-21,555-9369,460 Hai Ba Trung,Hue,Electronics
Lan,Ngo,lan.ngo1052,lan.ngo1052@student.sims.edu,,2001-04-14,555-3814,361 Hai Ba Trung,Can Tho,Physics
Giang,Le,giang.le1053,giang.le1053@student.sims.edu,,2005-03-23,555-8183,789 Tran Phu,Da Nang,Electronics
Ha,Hoang,ha.hoang1054,ha.hoang1054@student.sims.edu,,2001-05-17,555-4388,344 Hai Ba Trung,Hai Phong,Mathematics
Bao,Huynh,bao.huynh1055,bao.huynh1055@student.sims.edu,,2003-08-26,555-2726,573 Tran Phu,Da Nang,Electronics
Quang,Dang,quang.dang1056,quang.dang1056@student.sims.edu,,2004-09-02,555-7141,917 Tran Phu,Hai Phong,Mathematics
Minh,Vu,minh.vu1057,minh.vu1057@student.sims.edu,,2004-08-05,555-7898,441 Hai Ba Trung,Da Nang,Information Technology
Thu,Le,thu.le1058,thu.le1058@student.sims.edu,,2004-03-01,555-5986,36 Nguyen Hue,Hue,Mathematics
Giang,Le,giang.le1059,giang.le1059@student.sims.edu,,2004-05-11,555-4967,230 Tran Phu,Hai Phong,Information Technology
Dung,Huynh,dung.huynh1060,dung.huynh1060@student.sims.edu,,2003-12-01,555-5959,959 Tran Phu,Hai Phong,Computer Science
Binh,Le,binh.le1061,binh.le1061@student.sims.edu,,2002-09-28,555-1306,647 Le Loi,Ha Noi,Information Technology
Vy,Duong,vy.duong1062,vy.duong1062@student.sims.edu,,2005-08-23,555-8535,796 Le Loi,Hue,Business
Linh,Nguyen,linh.nguyen1063,linh.nguyen1063@student.sims.edu,,2002-10-08,555-2923,800 Le Loi,Ha Noi,Computer Science
Khanh,Nguyen,khanh.nguyen1064,khanh.nguyen1064@student.sims.edu,,2002-01-22,555-5743,534 Hai Ba Trung,Hue,Information Technology
Ha,Tran,ha.tran1065,ha.tran1065@student.sims.edu,,2002-03-25,555-6039,143 Nguyen Hue,Da Nang,Computer Science
Binh,Bui,binh.bui1066,binh.bui1066@student.sims.edu,,2001-10-05,555-8539,838 Tran Phu,Hue,Physics
Mai,Tran,mai.tran1067,mai.tran1067@student.sims.edu,,2002-11-07,555-2887,891 Hai Ba Trung,Ha Noi,Information Technology
Hoa,Bui,hoa.bui1068,hoa.bui1068@student.sims.edu,,2002-02-08,555-2110,30 Nguyen Hue,Hai Phong,Information Technology
Linh,Hoang,linh.hoang1069,linh.hoang1069@student.sims.edu,,2005-11-27,555-7024,752 Tran Phu,Can Tho,Physics
An,Pham,an.pham1070,an.pham1070@student.sims.edu,,2002-07-11,555-7559,348 Nguyen Hue,Da Nang,Business
Hoa,Ngo,hoa.ngo1071,hoa.ngo1071@student.sims.edu,,2005-07-04,555-3772,936 Nguyen Hue,Ho Chi Minh,Information Technology
Binh,Pham,binh.pham1072,binh.pham1072@student.sims.edu,,2001-11-05,555-2251,915 Hai Ba Trung,Ho Chi Minh,Electronics
Phong,Ngo,phong.ngo1073,phong.ngo1073@student.sims.edu,,2005-06-18,555-7001,494 Le Loi,Da Nang,Mathematics
Khanh,Vu,khanh.vu1074,khanh.vu1074@student.sims.edu,,2005-10-08,555-7247,334 Tran Phu,Ho Chi Minh,Information Technology
Binh,Dang,binh.dang1075,binh.dang1075@student.sims.edu,,2002-08-05,555-3046,912 Tran Phu,Nha Trang,Computer Science
Phong,Vu,phong.vu1076,phong.vu1076@student.sims.edu,,2004-03-15,555-2921,172 Tran Phu,Ha Noi,Information Technology
Ha,Hoang,ha.hoang1077,ha.hoang1077@student.sims.edu,,2003-07-25,555-6071,273 Le Loi,Ho Chi Minh,Computer Science
Quyen,Tran,quyen.tran1078,quyen.tran1078@student.sims.edu,,2005-02-03,555-2293,268 Nguyen Hue,Can Tho,Business
Ngoc,Hoang,ngoc.hoang1079,ngoc.hoang1079@student.sims.edu,,2001-03-26,555-2340,310 Hai Ba Trung,Ha Noi,Electronics
Tuan,Pham,tuan.pham1080,tuan.pham1080@student.sims.edu,,2001-08-11,555-1896,534 Nguyen Hue,Ha Noi,Computer Science
Giang,Hoang,giang.hoang1081,giang.hoang1081@student.sims.edu,,2003-06-01,555-3786,696 Nguyen Hue,Ho Chi Minh,Physics
Quyen,Vu,quyen.vu1082,quyen.vu1082@student.sims.edu,,2001-11-02,555-6064,566 Nguyen Hue,Can Tho,Mathematics
Trang,Le,trang.le1083,trang.le1083@student.sims.edu,,2003-01-25,555-7149,377 Tran Phu,Hue,Computer Science
Linh,Tran,linh.tran1084,linh.tran1084@student.sims.edu,,2003-02-17,555-7448,98 Tran Phu,Nha Trang,Mathematics
Ha,Le,ha.le1085,ha.le1085@student.sims.edu,,2004-07-10,555-7752,370 Le Loi,Da Nang,Computer Science
Ha,Vu,ha.vu1086,ha.vu1086@student.sims.edu,,2001-02-27,555-1461,630 Hai Ba Trung,Hue,Physics
Binh,Nguyen,binh.nguyen1087,binh.nguyen1087@student.sims.edu,,2001-09-02,555-7212,770 Hai Ba Trung,Da Nang,Physics
Thao,Le,thao.le1088,thao.le1088@student.sims.edu,,2002-10-11,555-4483,92 Nguyen Hue,Nha Trang,Information Technology
Dung,Pham,dung.pham1089,dung.pham1089@student.sims.edu,,2004-09-21,555-2080,981 Le Loi,Ho Chi Minh,Information Technology
Thao,Le,thao.le1090,thao.le1090@student.sims.edu,,2005-01-11,555-7169,47 Hai Ba Trung,Hai Phong,Business
Trang,Vu,trang.vu1091,trang.vu1091@student.sims.edu,,2002-04-07,555-3806,359 Le Loi,Nha Trang,Business
Quang,Dang,quang.dang1092,quang.dang1092@student.sims.edu,,2003-01-03,555-7527,168 Tran Phu,Hue,Information Technology
Duc,Ngo,duc.ngo1093,duc.ngo1093@student.sims.edu,,2004-08-10,555-2855,915 Le Loi,Da Nang,Electronics
Mai,Huynh,mai.huynh1094,mai.huynh1094@student.sims.edu,,2001-01-02,555-6795,242 Hai Ba Trung,Da Nang,Business
Yen,Huynh,yen.huynh1095,yen.huynh1095@student.sims.edu,,2003-09-15,555-9834,866 Nguyen Hue,Ho Chi Minh,Computer Science
Minh,Dang,minh.dang1096,minh.dang1096@student.sims.edu,,2004-09-01,555-4316,448 Nguyen Hue,Can Tho,Mathematics
Mai,Le,mai.le1097,mai.le1097@student.sims.edu,,2004-04-19,555-5645,957 Tran Phu,Hue,Information Technology
Minh,Nguyen,minh.nguyen1098,minh.nguyen1098@student.sims.edu,,2003-03-26,555-7159,611 Hai Ba Trung,Ha Noi,Computer Science
Trang,Ngo,trang.ngo1099,trang.ngo1099@student.sims.edu,,2002-11-05,555-7111,10 Le Loi,Ha Noi,Mathematics
Ha,Bui,ha.bui1100,ha.bui1100@student.sims.edu,,2002-03-26,555-2393,863 Hai Ba Trung,Hue,Mathematics
Nam,Bui,nam.bui1101,nam.bui1101@student.sims.edu,,2003-12-16,555-8401,375 Tran Phu,Ho Chi Minh,Physics
Thao,Dang,thao.dang1102,thao.dang1102@student.sims.edu,,2002-02-08,555-3985,224 Nguyen Hue,Can Tho,Electronics
Giang,Huynh,giang.huynh1103,giang.huynh1103@student.sims.edu,,2003-06-11,555-4943,579 Le Loi,Nha Trang,Physics
Bao,Duong,bao.duong1104,bao.duong1104@student.sims.edu,,2003-03-11,555-4610,514 Hai Ba Trung,Da Nang,Physics
Ha,Huynh,ha.huynh1105,ha.huynh1105@student.sims.edu,,2001-01-20,555-5240,639 Tran Phu,Hai Phong,Information Technology
Bao,Huynh,bao.huynh1106,bao.huynh1106@student.sims.edu,,2001-05-05,555-7351,295 Nguyen Hue,Can Tho,Mathematics
Giang,Dang,giang.dang1107,giang.dang1107@student.sims.edu,,2004-10-22,555-7768,43 Nguyen Hue,Hue,Physics
Lan,Do,lan.do1108,lan.do1108@student.sims.edu,,2001-03-20,555-6293,728 Le Loi,Da Nang,Information Technology
Tam,Ho,tam.ho1109,tam.ho1109@student.sims.edu,,2005-07-09,555-2154,814 Hai Ba Trung,Can Tho,Electronics
Vy,Do,vy.do1110,vy.do1110@student.sims.edu,,2003-03-13,555-4657,445 Nguyen Hue,Ho Chi Minh,Information Technology
Duc,Ho,duc.ho1111,duc.ho1111@student.sims.edu,,2001-09-05,555-1292,982 Tran Phu,Can Tho,Business
Tuan,Vu,tuan.vu1112,tuan.vu1112@student.sims.edu,,2003-10-23,555-7264,243 Tran Phu,Ha Noi,Physics
Vy,Le,vy.le1113,vy.le1113@student.sims.edu,,2004-06-11,555-6793,668 Nguyen Hue,Ho Chi Minh,Business
Ha,Huynh,ha.huynh1114,ha.huynh1114@student.sims.edu,,2003-12-03,555-3763,956 Hai Ba Trung,Da Nang,Physics
Mai,Vu,mai.vu1115,mai.vu1115@student.sims.edu,,2002-04-09,555-9471,438 Hai Ba Trung,Hue,Electronics
Duc,Do,duc.do1116,duc.do1116@student.sims.edu,,2005-12-07,555-2677,223 Tran Phu,Ho Chi Minh,Computer Science
Linh,Le,linh.le1117,linh.le1117@student.sims.edu,,2004-07-14,555-5198,296 Hai Ba Trung,Hai Phong,Mathematics
Thao,Nguyen,thao.nguyen1118,thao.nguyen1118@student.sims.edu,,2002-05-03,555-5815,930 Nguyen Hue,Can Tho,Physics
Ngoc,Hoang,ngoc.hoang1119,ngoc.hoang1119@student.sims.edu,,2005-07-25,555-1660,939 Le Loi,Ho Chi Minh,Information Technology
Linh,Ho,linh.ho1120,linh.ho1120@student.sims.edu,,2005-02-01,555-3596,630 Nguyen Hue,Hai Phong,Mathematics
Hoa,Tran,hoa.tran1121,hoa.tran1121@student.sims.edu,,2001-03-10,555-9116,666 Hai Ba Trung,Hue,Mathematics
Hoa,Vu,hoa.vu1122,hoa.vu1122@student.sims.edu,,2004-01-20,555-5682,728 Hai Ba Trung,Can Tho,Computer Science
Quyen,Vu,quyen.vu1123,quyen.vu1123@student.sims.edu,,2001-02-12,555-8031,643 Tran Phu,Da Nang,Electronics
Ngoc,Do,ngoc.do1124,ngoc.do1124@student.sims.edu,,2001-11-21,555-3890,702 Tran Phu,Nha Trang,Computer Science
Vy,Ngo,vy.ngo1125,vy.ngo1125@student.sims.edu,,2001-01-28,555-2570,698 Hai Ba Trung,Da Nang,Information Technology
Nam,Vu,nam.vu1126,nam.vu1126@student.sims.edu,,2002-10-20,555-1360,709 Le Loi,Da Nang,Physics
Mai,Vo,mai.vo1127,mai.vo1127@student.sims.edu,,2005-08-02,555-2747,260 Nguyen Hue,Hai Phong,Information Technology
Tuan,Vu,tuan.vu1128,tuan.vu1128@student.sims.edu,,2004-05-19,555-3619,539 Nguyen Hue,Nha Trang,Computer Science
Lan,Ngo,lan.ngo1129,lan.ngo1129@student.sims.edu,,2005-03-28,555-2559,743 Le Loi,Can Tho,Computer Science
Vy,Dang,vy.dang1130,vy.dang1130@student.sims.edu,,2002-09-27,555-8309,711 Tran Phu,Hai Phong,Information Technology
Dung,Ly,dung.ly1131,dung.ly1131@student.sims.edu,,2003-08-24,555-5999,2 Tran Phu,Ha Noi,Information Technology
Tam,Huynh,tam.huynh1132,tam.huynh1132@student.sims.edu,,2005-11-06,555-6704,168 Hai Ba Trung,Hue,Mathematics
Yen,Do,yen.do1133,yen.do1133@student.sims.edu,,2005-06-13,555-4844,945 Le Loi,Hue,Electronics
Ha,Pham,ha.pham1134,ha.pham1134@student.sims.edu,,2004-01-20,555-8385,816 Tran Phu,Ho Chi Minh,Mathematics
Chi,Do,chi.do1135,chi.do1135@student.sims.edu,,2002-06-05,555-1508,63 Le Loi,Nha Trang,Business
Tam,Duong,tam.duong1136,tam.duong1136@student.sims.edu,,2001-08-13,555-6762,1 Nguyen Hue,Ha Noi,Mathematics
Thu,Dang,thu.dang1137,thu.dang1137@student.sims.edu,,2005-04-19,555-5923,395 Nguyen Hue,Ha Noi,Electronics
Ha,Tran,ha.tran1138,ha.tran1138@student.sims.edu,,2002-11-12,555-1474,840 Hai Ba Trung,Nha Trang,Computer Science
Quang,Tran,quang.tran1139,quang.tran1139@student.sims.edu,,2003-11-21,555-2455,638 Tran Phu,Da Nang,Mathematics
Khanh,Tran,khanh.tran1140,khanh.tran1140@student.sims.edu,,2003-04-17,555-2760,498 Hai Ba Trung,Hai Phong,Computer Science
Son,Ngo,son.ngo1141,son.ngo1141@student.sims.edu,,2004-09-23,555-9393,657 Hai Ba Trung,Hai Phong,Physics
Ngoc,Bui,ngoc.bui1142,ngoc.bui1142@student.sims.edu,,2005-07-14,555-3691,900 Tran Phu,Hue,Computer Science
An,Nguyen,an.nguyen1143,an.nguyen1143@student.sims.edu,,2003-05-28,555-1377,208 Nguyen Hue,Da Nang,Information Technology
Lan,Duong,lan.duong1144,lan.duong1144@student.sims.edu,,2004-01-19,555-4082,513 Le Loi,Da Nang,Information Technology
Chi,Do,chi.do1145,chi.do1145@student.sims.edu,,2005-03-22,555-1481,354 Hai Ba Trung,Nha Trang,Mathematics
Duc,Ly,duc.ly1146,duc.ly1146@student.sims.edu,,2005-04-01,555-9543,374 Hai Ba Trung,Ho Chi Minh,Mathematics
Chi,Bui,chi.bui1147,chi.bui1147@student.sims.edu,,2003-11-17,555-3109,926 Tran Phu,Can Tho,Computer Science
Phong,Tran,phong.tran1148,phong.tran1148@student.sims.edu,,2003-08-07,555-5919,759 Nguyen Hue,Ho Chi Minh,Computer Science
Quang,Hoang,quang.hoang1149,quang.hoang1149@student.sims.edu,,2005-07-24,555-9783,214 Tran Phu,Nha Trang,Electronics
Son,Le,son.le1150,son.le1150@student.sims.edu,,2003-10-01,555-7710,267 Tran Phu,Can Tho,Physics
Minh,Pham,minh.pham1151,minh.pham1151@student.sims.edu,,2003-05-11,555-4366,692 Tran Phu,Ha Noi,Business
Quyen,Do,quyen.do1152,quyen.do1152@student.sims.edu,,2003-10-15,555-8832,801 Le Loi,Nha Trang,Physics
Binh,Do,binh.do1153,binh.do1153@student.sims.edu,,2003-08-16,555-7874,101 Le Loi,Da Nang,Information Technology
An,Duong,an.duong1154,an.duong1154@student.sims.edu,,2001-02-16,555-2768,136 Nguyen Hue,Hai Phong,Information Technology
Nam,Huynh,nam.huynh1155,nam.huynh1155@student.sims.edu,,2005-03-26,555-3527,155 Le Loi,Da Nang,Computer Science
Vy,Ho,vy.ho1156,vy.ho1156@student.sims.edu,,2002-01-15,555-1868,841 Tran Phu,Ha Noi,Computer Science
Ha,Dang,ha.dang1157,ha.dang1157@student.sims.edu,,2003-04-24,555-8218,511 Le Loi,Da Nang,Physics
Nam,Vo,nam.vo1158,nam.vo1158@student.sims.edu,,2004-04-26,555-7133,649 Nguyen Hue,Ho Chi Minh,Mathematics
Yen,Ly,yen.ly1159,yen.ly1159@student.sims.edu,,2004-07-17,555-7416,151 Hai Ba Trung,Hai Phong,Physics
Lan,Huynh,lan.huynh1160,lan.huynh1160@student.sims.edu,,2005-06-05,555-6467,921 Tran Phu,Hai Phong,Information Technology
Duc,Duong,duc.duong1161,duc.duong1161@student.sims.edu,,2002-08-22,555-7412,915 Hai Ba Trung,Nha Trang,Business
An,Huynh,an.huynh1162,an.huynh1162@student.sims.edu,,2003-04-01,555-8123,48 Tran Phu,Ha Noi,Mathematics
Dung,Vo,dung.vo1163,dung.vo1163@student.sims.edu,,2005-09-28,555-3438,508 Le Loi,Hue,Electronics
Quang,Le,quang.le1164,quang.le1164@student.sims.edu,,2001-06-23,555-7357,998 Le Loi,Can Tho,Business
Bao,Huynh,bao.huynh1165,bao.huynh1165@student.sims.edu,,2002-06-12,555-8232,515 Tran Phu,Can Tho,Mathematics
Duc,Huynh,duc.huynh1166,duc.huynh1166@student.sims.edu,,2001-02-06,555-9160,747 Le Loi,Da Nang,Information Technology
Bao,Ho,bao.ho1167,bao.ho1167@student.sims.edu,,2005-09-09,555-9377,640 Le Loi,Nha Trang,Information Technology
Bao,Tran,bao.tran1168,bao.tran1168@student.sims.edu,,2004-10-07,555-2954,737 Hai Ba Trung,Hue,Electronics
Trang,Do,trang.do1169,trang.do1169@student.sims.edu,,2002-11-13,555-1378,813 Tran Phu,Ho Chi Minh,Business
Thu,Bui,thu.bui1170,thu.bui1170@student.sims.edu,,2005-04-06,555-7664,182 Le Loi,Da Nang,Information Technology
Trang,Ngo,trang.ngo1171,trang.ngo1171@student.sims.edu,,2005-01-02,555-2182,482 Nguyen Hue,Da Nang,Mathematics
Hoa,Huynh,hoa.huynh1172,hoa.huynh1172@student.sims.edu,,2001-07-07,555-1104,648 Tran Phu,Ha Noi,Physics
Binh,Bui,binh.bui1173,binh.bui1173@student.sims.edu,,2005-07-17,555-8096,267 Tran Phu,Ha Noi,Information Technology
Yen,Dang,yen.dang1174,yen.dang1174@student.sims.edu,,2001-06-05,555-2025,654 Tran Phu,Nha Trang,Computer Science
Vy,Vo,vy.vo1175,vy.vo1175@student.sims.edu,,2005-01-07,555-5824,612 Nguyen Hue,Ho Chi Minh,Computer Science
Trang,Dang,trang.dang1176,trang.dang1176@student.sims.edu,,2001-09-11,555-1588,354 Le Loi,Da Nang,Physics
An,Vu,an.vu1177,an.vu1177@student.sims.edu,,2001-09-28,555-2750,763 Hai Ba Trung,Ho Chi Minh,Electronics
Thao,Bui,thao.bui1178,thao.bui1178@student.sims.edu,,2002-10-12,555-5693,730 Tran Phu,Hai Phong,Information Technology
Yen,Pham,yen.pham1179,yen.pham1179@student.sims.edu,,2005-01-26,555-8343,828 Nguyen Hue,Ha Noi,Computer Science
Minh,Vu,minh.vu1180,minh.vu1180@student.sims.edu,,2001-04-10,555-8309,254 Tran Phu,Hue,Mathematics
Tam,Huynh,tam.huynh1181,tam.huynh1181@student.sims.edu,,2004-01-06,555-8432,494 Hai Ba Trung,Can Tho,Physics
Thao,Vo,thao.vo1182,thao.vo1182@student.sims.edu,,2002-04-12,555-6551,755 Le Loi,Nha Trang,Computer Science
Mai,Duong,mai.duong1183,mai.duong1183@student.sims.edu,,2004-11-21,555-2505,579 Le Loi,Hai Phong,Information Technology
Linh,Pham,linh.pham1184,linh.pham1184@student.sims.edu,,2005-01-23,555-6841,972 Nguyen Hue,Can Tho,Information Technology
Minh,Bui,minh.bui1185,minh.bui1185@student.sims.edu,,2004-12-02,555-2418,81 Tran Phu,Ha Noi,Mathematics
Ngoc,Ngo,ngoc.ngo1186,ngoc.ngo1186@student.sims.edu,,2002-04-12,555-4762,881 Tran Phu,Ha Noi,Electronics
Ha,Ho,ha.ho1187,ha.ho1187@student.sims.edu,,2004-11-20,555-4296,182 Le Loi,Ho Chi Minh,Business
Tam,Ngo,tam.ngo1188,tam.ngo1188@student.sims.edu,,2001-06-19,555-4352,882 Le Loi,Ha Noi,Electronics
Binh,Ngo,binh.ngo1189,binh.ngo1189@student.sims.edu,,2004-03-08,555-5781,603 Tran Phu,Hai Phong,Computer Science
Dung,Do,dung.do1190,dung.do1190@student.sims.edu,,2004-03-04,555-9727,334 Tran Phu,Can Tho,Computer Science
Ngoc,Bui,ngoc.bui1191,ngoc.bui1191@student.sims.edu,,2005-04-14,555-8234,514 Tran Phu,Ha Noi,Electronics
Linh,Hoang,linh.hoang1192,linh.hoang1192@student.sims.edu,,2001-04-13,555-9799,981 Tran Phu,Ho Chi Minh,Information Technology
Duc,Hoang,duc.hoang1193,duc.hoang1193@student.sims.edu,,2005-07-28,555-8310,192 Hai Ba Trung,Can Tho,Physics
Thu,Le,thu.le1194,thu.le1194@student.sims.edu,,2003-03-06,555-5094,340 Nguyen Hue,Ha Noi,Physics
Yen,Ngo,yen.ngo1195,yen.ngo1195@student.sims.edu,,2004-09-28,555-3556,756 Nguyen Hue,Nha Trang,Computer Science
Thao,Tran,thao.tran1196,thao.tran1196@student.sims.edu,,2002-09-18,555-7321,708 Tran Phu,Can Tho,Electronics
Ha,Ly,ha.ly1197,ha.ly1197@student.sims.edu,,2002-06-13,555-9649,323 Tran Phu,Da Nang,Business
Tam,Ho,tam.ho1198,tam.ho1198@student.sims.edu,,2001-06-02,555-4209,809 Tran Phu,Ho Chi Minh,Business
Tuan,Le,tuan.le1199,tuan.le1199@student.sims.edu,,2005-10-10,555-7612,264 Nguyen Hue,Hai Phong,Computer Science
Vy,Le,vy.le1200,vy.le1200@student.sims.edu,,2003-07-20,555-1452,550 Le Loi,Nha Trang,Business
Lan,Tran,lan.tran1201,lan.tran1201@student.sims.edu,,2002-09-28,555-2257,753 Nguyen Hue,Hue,Mathematics
Quang,Le,quang.le1202,quang.le1202@student.sims.edu,,2001-06-15,555-3659,342 Hai Ba Trung,Hai Phong,Electronics
An,Hoang,an.hoang1203,an.hoang1203@student.sims.edu,,2002-06-03,555-3093,85 Nguyen Hue,Ha Noi,Physics
Linh,Bui,linh.bui1204,linh.bui1204@student.sims.edu,,2005-10-26,555-5236,84 Nguyen Hue,Hai Phong,Business
Hai,Dang,hai.dang1205,hai.dang1205@student.sims.edu,,2001-04-22,555-1362,183 Hai Ba Trung,Can Tho,Mathematics
Tuan,Tran,tuan.tran1206,tuan.tran1206@student.sims.edu,,2003-08-01,555-8151,582 Hai Ba Trung,Ho Chi Minh,Physics
Lan,Vu,lan.vu1207,lan.vu1207@student.sims.edu,,2004-04-02,555-7257,768 Le Loi,Ho Chi Minh,Physics
Trang,Nguyen,trang.nguyen1208,trang.nguyen1208@student.sims.edu,,2003-05-05,555-8507,288 Nguyen Hue,Hai Phong,Computer Science
Lan,Pham,lan.pham1209,lan.pham1209@student.sims.edu,,2003-08-08,555-5840,859 Tran Phu,Can Tho,Physics
Lan,Duong,lan.duong1210,lan.duong1210@student.sims.edu,,2003-04-09,555-5013,474 Le Loi,Ho Chi Minh,Information Technology
Hoa,Dang,hoa.dang1211,hoa.dang1211@student.sims.edu,,2002-06-02,555-9283,251 Nguyen Hue,Nha Trang,Mathematics
Phong,Vu,phong.vu1212,phong.vu1212@student.sims.edu,,2002-12-27,555-4556,890 Le Loi,Can Tho,Physics
Vy,Ho,vy.ho1213,vy.ho1213@student.sims.edu,,2004-03-26,555-7685,8 Tran Phu,Hai Phong,Electronics
Thu,Nguyen,thu.nguyen1214,thu.nguyen1214@student.sims.edu,,2004-12-23,555-4684,974 Hai Ba Trung,Hai Phong,Business
Giang,Le,giang.le1215,giang.le1215@student.sims.edu,,2003-10-22,555-7603,209 Hai Ba Trung,Nha Trang,Electronics
Quang,Nguyen,quang.nguyen1216,quang.nguyen1216@student.sims.edu,,2002-07-19,555-2370,613 Tran Phu,Da Nang,Physics
Quang,Hoang,quang.hoang1217,quang.hoang1217@student.sims.edu,,2001-08-18,555-8167,102 Le Loi,Can Tho,Information Technology
Duc,Nguyen,duc.nguyen1218,duc.nguyen1218@student.sims.edu,,2002-04-16,555-2562,403 Le Loi,Hai Phong,Information Technology
Giang,Pham,giang.pham1219,giang.pham1219@student.sims.edu,,2002-06-11,555-5942,338 Hai Ba Trung,Ho Chi Minh,Computer Science
Hoa,Pham,hoa.pham1220,hoa.pham1220@student.sims.edu,,2003-03-16,555-8789,145 Nguyen Hue,Can Tho,Business
Linh,Ly,linh.ly1221,linh.ly1221@student.sims.edu,,2002-11-13,555-1200,644 Hai Ba Trung,Nha Trang,Physics
Lan,Pham,lan.pham1222,lan.pham1222@student.sims.edu,,2001-09-02,555-1956,104 Hai Ba Trung,Ho Chi Minh,Physics
Thu,Huynh,thu.huynh1223,thu.huynh1223@student.sims.edu,,2002-01-06,555-6247,860 Tran Phu,Hue,Information Technology
Linh,Hoang,linh.hoang1224,linh.hoang1224@student.sims.edu,,2001-03-09,555-4771,565 Tran Phu,Ha Noi,Mathematics
Yen,Do,yen.do1225,yen.do1225@student.sims.edu,,2002-07-05,555-3830,114 Hai Ba Trung,Da Nang,Information Technology
Thao,Ly,thao.ly1226,thao.ly1226@student.sims.edu,,2003-12-20,555-7402,483 Nguyen Hue,Ha Noi,Physics
Giang,Ly,giang.ly1227,giang.ly1227@student.sims.edu,,2003-10-16,555-3881,115 Hai Ba Trung,Da Nang,Business
Ngoc,Huynh,ngoc.huynh1228,ngoc.huynh1228@student.sims.edu,,2001-11-16,555-9828,207 Nguyen Hue,Da Nang,Business
Khanh,Vo,khanh.vo1229,khanh.vo1229@student.sims.edu,,2004-05-21,555-7172,185 Le Loi,Da Nang,Computer Science
Bao,Le,bao.le1230,bao.le1230@student.sims.edu,,2003-08-05,555-8981,907 Tran Phu,Ha Noi,Information Technology
Ha,Duong,ha.duong1231,ha.duong1231@student.sims.edu,,2004-01-04,555-7434,549 Nguyen Hue,Hue,Mathematics
Trang,Bui,trang.bui1232,trang.bui1232@student.sims.edu,,2001-04-04,555-9976,161 Tran Phu,Can Tho,Business
An,Dang,an.dang1233,an.dang1233@student.sims.edu,,2004-07-24,555-2732,977 Hai Ba Trung,Ha Noi,Business
Trang,Le,trang.le1234,trang.le1234@student.sims.edu,,2001-02-14,555-2735,613 Hai Ba Trung,Ho Chi Minh,Mathematics
Giang,Tran,giang.tran1235,giang.tran1235@student.sims.edu,,2004-07-23,555-6728,188 Tran Phu,Can Tho,Computer Science
Tam,Duong,tam.duong1236,tam.duong1236@student.sims.edu,,2004-08-10,555-6706,561 Nguyen Hue,Hue,Physics
Ngoc,Ly,ngoc.ly1237,ngoc.ly1237@student.sims.edu,,2004-07-20,555-9707,128 Nguyen Hue,Hai Phong,Electronics
Giang,Tran,giang.tran1238,giang.tran1238@student.sims.edu,,2005-01-18,555-9775,300 Hai Ba Trung,Can Tho,Electronics
Vy,Nguyen,vy.nguyen1239,vy.nguyen1239@student.sims.edu,,2003-08-03,555-4790,765 Nguyen Hue,Da Nang,Physics
Linh,Pham,linh.pham1240,linh.pham1240@student.sims.edu,,2002-04-28,555-1954,187 Nguyen Hue,Hai Phong,Information Technology
Quyen,Vo,quyen.vo1241,quyen.vo1241@student.sims.edu,,2004-06-25,555-7230,71 Le Loi,Ha Noi,Information Technology
Binh,Vo,binh.vo1242,binh.vo1242@student.sims.edu,,2003-08-03,555-1664,807 Tran Phu,Nha Trang,Business
Ngoc,Pham,ngoc.pham1243,ngoc.pham1243@student.sims.edu,,2005-10-17,555-7288,618 Tran Phu,Da Nang,Computer Science
Tam,Huynh,tam.huynh1244,tam.huynh1244@student.sims.edu,,2001-09-05,555-7330,505 Nguyen Hue,Can Tho,Mathematics
Giang,Vu,giang.vu1245,giang.vu1245@student.sims.edu,,2005-05-18,555-2982,208 Tran Phu,Ho Chi Minh,Mathematics
Hai,Le,hai.le1246,hai.le1246@student.sims.edu,,2002-10-12,555-1339,542 Tran Phu,Da Nang,Computer Science
Nga,Do,nga.do1247,nga.do1247@student.sims.edu,,2002-12-26,555-2582,514 Le Loi,Da Nang,Physics
Duc,Hoang,duc.hoang1248,duc.hoang1248@student.sims.edu,,2005-05-16,555-7352,514 Le Loi,Ha Noi,Computer Science
Khanh,Hoang,khanh.hoang1249,khanh.hoang1249@student.sims.edu,,2003-03-07,555-5307,276 Tran Phu,Hue,Physics
Tuan,Ngo,tuan.ngo1250,tuan.ngo1250@student.sims.edu,,2001-06-16,555-3073,641 Hai Ba Trung,Can Tho,Computer Science
Vy,Huynh,vy.huynh1251,vy.huynh1251@student.sims.edu,,2001-01-03,555-1417,502 Le Loi,Ha Noi,Business
Chi,Vu,chi.vu1252,chi.vu1252@student.sims.edu,,2002-05-10,555-4869,463 Tran Phu,Hue,Information Technology
Hoa,Nguyen,hoa.nguyen1253,hoa.nguyen1253@student.sims.edu,,2004-12-12,555-6010,495 Le Loi,Da Nang,Information Technology
Hai,Vu,hai.vu1254,hai.vu1254@student.sims.edu,,2002-10-20,555-5770,562 Le Loi,Nha Trang,Computer Science
Bao,Ly,bao.ly1255,bao.ly1255@student.sims.edu,,2002-06-09,555-5021,506 Le Loi,Can Tho,Computer Science
Son,Tran,son.tran1256,son.tran1256@student.sims.edu,,2004-08-03,555-3687,65 Tran Phu,Hue,Electronics
Binh,Duong,binh.duong1257,binh.duong1257@student.sims.edu,,2005-10-18,555-6395,760 Le Loi,Hue,Information Technology
Tuan,Hoang,tuan.hoang1258,tuan.hoang1258@student.sims.edu,,2001-03-09,555-8127,663 Tran Phu,Can Tho,Computer Science
An,Tran,an.tran1259,an.tran1259@student.sims.edu,,2001-04-25,555-7583,164 Nguyen Hue,Hai Phong,Physics
Giang,Huynh,giang.huynh1260,giang.huynh1260@student.sims.edu,,2004-08-23,555-3947,5 Nguyen Hue,Hue,Business
Yen,Do,yen.do1261,yen.do1261@student.sims.edu,,2001-07-10,555-5388,998 Tran Phu,Can Tho,Business
Bao,Pham,bao.pham1262,bao.pham1262@student.sims.edu,,2001-02-27,555-8999,694 Tran Phu,Da Nang,Electronics
Son,Vo,son.vo1263,son.vo1263@student.sims.edu,,2002-11-14,555-9992,51 Nguyen Hue,Hue,Mathematics
Giang,Vu,giang.vu1264,giang.vu1264@student.sims.edu,,2004-04-27,555-3772,232 Hai Ba Trung,Can Tho,Computer Science
Minh,Vu,minh.vu1265,minh.vu1265@student.sims.edu,,2004-08-08,555-7824,317 Tran Phu,Hai Phong,Computer Science
Ngoc,Pham,ngoc.pham1266,ngoc.pham1266@student.sims.edu,,2004-01-09,555-9019,306 Tran Phu,Da Nang,Information Technology
Hoa,Ho,hoa.ho1267,hoa.ho1267@student.sims.edu,,2001-09-10,555-8909,244 Le Loi,Can Tho,Computer Science
Bao,Hoang,bao.hoang1268,bao.hoang1268@student.sims.edu,,2004-02-14,555-8825,730 Hai Ba Trung,Hai Phong,Physics
Trang,Pham,trang.pham1269,trang.pham1269@student.sims.edu,,2002-09-19,555-8326,851 Le Loi,Hue,Computer Science
Son,Nguyen,son.nguyen1270,son.nguyen1270@student.sims.edu,,2002-03-01,555-3466,585 Le Loi,Da Nang,Electronics
Quyen,Do,quyen.do1271,quyen.do1271@student.sims.edu,,2001-05-23,555-8715,932 Nguyen Hue,Can Tho,Information Technology
Hung,Nguyen,hung.nguyen1272,hung.nguyen1272@student.sims.edu,,2004-04-20,555-2389,612 Hai Ba Trung,Can Tho,Physics
Nga,Hoang,nga.hoang1273,nga.hoang1273@student.sims.edu,,2004-08-24,555-9754,105 Le Loi,Da Nang,Computer Science
Giang,Tran,giang.tran1274,giang.tran1274@student.sims.edu,,2001-11-12,555-7176,663 Le Loi,Ha Noi,Information Technology
Ha,Nguyen,ha.nguyen1275,ha.nguyen1275@student.sims.edu,,2001-09-22,555-9541,369 Hai Ba Trung,Ha Noi,Computer Science
Nam,Bui,nam.bui1276,nam.bui1276@student.sims.edu,,2004-10-14,555-3912,866 Tran Phu,Nha Trang,Physics
Trang,Hoang,trang.hoang1277,trang.hoang1277@student.sims.edu,,2002-07-21,555-8778,583 Nguyen Hue,Ha Noi,Mathematics
Binh,Do,binh.do1278,binh.do1278@student.sims.edu,,2005-04-15,555-3726,491 Nguyen Hue,Da Nang,Information Technology
Binh,Ho,binh.ho1279,binh.ho1279@student.sims.edu,,2004-03-16,555-5841,71 Tran Phu,Ho Chi Minh,Mathematics
Chi,Hoang,chi.hoang1280,chi.hoang1280@student.sims.edu,,2003-05-22,555-7090,891 Hai Ba Trung,Hai Phong,Computer Science
Khanh,Le,khanh.le1281,khanh.le1281@student.sims.edu,,2004-05-12,555-2197,451 Hai Ba Trung,Nha Trang,Electronics
Tam,Le,tam.le1282,tam.le1282@student.sims.edu,,2004-01-17,555-9281,136 Nguyen Hue,Hai Phong,Electronics
Nam,Huynh,nam.huynh1283,nam.huynh1283@student.sims.edu,,2002-11-09,555-4841,833 Nguyen Hue,Hue,Physics
Tam,Duong,tam.duong1284,tam.duong1284@student.sims.edu,,2005-09-02,555-5520,511 Hai Ba Trung,Nha Trang,Electronics
Bao,Bui,bao.bui1285,bao.bui1285@student.sims.edu,,2003-12-23,555-2628,465 Hai Ba Trung,Can Tho,Information Technology
Yen,Bui,yen.bui1286,yen.bui1286@student.sims.edu,,2001-07-01,555-9041,330 Tran Phu,Hue,Computer Science
Thu,Hoang,thu.hoang1287,thu.hoang1287@student.sims.edu,,2001-12-03,555-3476,676 Hai Ba Trung,Can Tho,Electronics
Mai,Ly,mai.ly1288,mai.ly1288@student.sims.edu,,2004-01-06,555-7918,852 Le Loi,Can Tho,Information Technology
Thu,Duong,thu.duong1289,thu.duong1289@student.sims.edu,,2005-06-17,555-9321,553 Le Loi,Hue,Physics
Tuan,Vo,tuan.vo1290,tuan.vo1290@student.sims.edu,,2002-12-09,555-9001,576 Tran Phu,Ho Chi Minh,Electronics
Hung,Bui,hung.bui1291,hung.bui1291@student.sims.edu,,2002-04-10,555-9026,462 Hai Ba Trung,Nha Trang,Electronics
Mai,Vu,mai.vu1292,mai.vu1292@student.sims.edu,,2002-11-14,555-1792,156 Tran Phu,Da Nang,Information Technology
Phong,Ho,phong.ho1293,phong.ho1293@student.sims.edu,,2002-02-12,555-7319,930 Nguyen Hue,Ho Chi Minh,Electronics
Mai,Nguyen,mai.nguyen1294,mai.nguyen1294@student.sims.edu,,2003-08-08,555-7383,854 Nguyen Hue,Hai Phong,Electronics
Vy,Huynh,vy.huynh1295,vy.huynh1295@student.sims.edu,,2003-01-13,555-9317,447 Tran Phu,Nha Trang,Mathematics
Tuan,Dang,tuan.dang1296,tuan.dang1296@student.sims.edu,,2003-08-03,555-6779,65 Nguyen Hue,Ho Chi Minh,Physics
Minh,Vu,minh.vu1297,minh.vu1297@student.sims.edu,,2004-02-28,555-4785,352 Tran Phu,Can Tho,Physics
Tam,Hoang,tam.hoang1298,tam.hoang1298@student.sims.edu,,2001-07-16,555-9928,833 Hai Ba Trung,Hai Phong,Computer Science
Ngoc,Hoang,ngoc.hoang1299,ngoc.hoang1299@student.sims.edu,,2002-12-14,555-3504,51 Nguyen Hue,Can Tho,Electronics
Giang,Duong,giang.duong1300,giang.duong1300@student.sims.edu,,2005-11-13,555-7754,170 Le Loi,Hue,Computer Science
Son,Pham,son.pham1301,son.pham1301@student.sims.edu,,2001-07-14,555-8302,906 Hai Ba Trung,Ho Chi Minh,Electronics
Phong,Hoang,phong.hoang1302,phong.hoang1302@student.sims.edu,,2002-04-19,555-8508,664 Nguyen Hue,Hai Phong,Business
Nam,Dang,nam.dang1303,nam.dang1303@student.sims.edu,,2004-04-23,555-6772,879 Tran Phu,Nha Trang,Physics
Phong,Do,phong.do1304,phong.do1304@student.sims.edu,,2005-02-23,555-9908,319 Tran Phu,Ho Chi Minh,Mathematics
Khanh,Bui,khanh.bui1305,khanh.bui1305@student.sims.edu,,2001-10-04,555-5306,489 Hai Ba Trung,Ho Chi Minh,Mathematics
Dung,Huynh,dung.huynh1306,dung.huynh1306@student.sims.edu,,2003-04-27,555-6335,28 Le Loi,Hai Phong,Mathematics
Nam,Duong,nam.duong1307,nam.duong1307@student.sims.edu,,2003-11-11,555-9211,679 Tran Phu,Da Nang,Physics
Binh,Hoang,binh.hoang1308,binh.hoang1308@student.sims.edu,,2003-12-06,555-9245,955 Tran Phu,Ha Noi,Electronics
Chi,Bui,chi.bui1309,chi.bui1309@student.sims.edu,,2003-06-24,555-4285,615 Le Loi,Da Nang,Information Technology
Tam,Ly,tam.ly1310,tam.ly1310@student.sims.edu,,2002-09-20,555-3806,921 Hai Ba Trung,Ho Chi Minh,Physics
Quang,Vu,quang.vu1311,quang.vu1311@student.sims.edu,,2003-02-16,555-1325,292 Hai Ba Trung,Can Tho,Information Technology
Dung,Hoang,dung.hoang1312,dung.hoang1312@student.sims.edu,,2003-03-27,555-8191,553 Le Loi,Ha Noi,Electronics
Minh,Bui,minh.bui1313,minh.bui1313@student.sims.edu,,2005-12-15,555-9652,404 Nguyen Hue,Hue,Electronics
Vy,Duong,vy.duong1314,vy.duong1314@student.sims.edu,,2005-07-06,555-2983,628 Le Loi,Hue,Computer Science
Hoa,Pham,hoa.pham1315,hoa.pham1315@student.sims.edu,,2005-12-10,555-2048,864 Hai Ba Trung,Ho Chi Minh,Business
Thao,Le,thao.le1316,thao.le1316@student.sims.edu,,2005-12-04,555-4927,893 Tran Phu,Can Tho,Mathematics
Ngoc,Ngo,ngoc.ngo1317,ngoc.ngo1317@student.sims.edu,,2003-08-20,555-1153,596 Le Loi,Hue,Mathematics
Tuan,Ly,tuan.ly1318,tuan.ly1318@student.sims.edu,,2005-07-18,555-6023,809 Le Loi,Hai Phong,Business
Vy,Tran,vy.tran1319,vy.tran1319@student.sims.edu,,2001-02-12,555-3501,389 Hai Ba Trung,Ho Chi Minh,Electronics
Lan,Vu,lan.vu1320,lan.vu1320@student.sims.edu,,2004-10-10,555-3824,168 Tran Phu,Nha Trang,Mathematics
Nam,Nguyen,nam.nguyen1321,nam.nguyen1321@student.sims.edu,,2005-03-12,555-7683,212 Nguyen Hue,Ho Chi Minh,Physics
Ha,Hoang,ha.hoang1322,ha.hoang1322@student.sims.edu,,2001-01-15,555-7405,229 Tran Phu,Hue,Information Technology
Thao,Huynh,thao.huynh1323,thao.huynh1323@student.sims.edu,,2002-03-24,555-1322,353 Hai Ba Trung,Ho Chi Minh,Information Technology
Nga,Ngo,nga.ngo1324,nga.ngo1324@student.sims.edu,,2001-05-27,555-9071,66 Nguyen Hue,Can Tho,Electronics
An,Ngo,an.ngo1325,an.ngo1325@student.sims.edu,,2003-01-13,555-5790,645 Tran Phu,Da Nang,Electronics
Dung,Vo,dung.vo1326,dung.vo1326@student.sims.edu,,2004-02-02,555-8946,32 Le Loi,Hue,Mathematics
Trang,Dang,trang.dang1327,trang.dang1327@student.sims.edu,,2004-04-26,555-6843,875 Le Loi,Ha Noi,Computer Science
Tuan,Ly,tuan.ly1328,tuan.ly1328@student.sims.edu,,2005-09-16,555-5509,345 Tran Phu,Ho Chi Minh,Physics
Bao,Pham,bao.pham1329,bao.pham1329@student.sims.edu,,2001-09-13,555-1535,418 Hai Ba Trung,Can Tho,Physics
Lan,Hoang,lan.hoang1330,lan.hoang1330@student.sims.edu,,2005-10-07,555-9432,159 Hai Ba Trung,Can Tho,Electronics
Ha,Ho,ha.ho1331,ha.ho1331@student.sims.edu,,2001-05-08,555-7304,677 Le Loi,Hue,Business
Tam,Tran,tam.tran1332,tam.tran1332@student.sims.edu,,2003-08-10,555-2439,324 Le Loi,Da Nang,Physics
Dung,Ngo,dung.ngo1333,dung.ngo1333@student.sims.edu,,2003-10-11,555-6790,802 Nguyen Hue,Nha Trang,Computer Science
Bao,Do,bao.do1334,bao.do1334@student.sims.edu,,2003-01-18,555-4686,637 Nguyen Hue,Ha Noi,Information Technology
Dung,Ngo,dung.ngo1335,dung.ngo1335@student.sims.edu,,2003-11-27,555-3652,629 Hai Ba Trung,Nha Trang,Physics
Lan,Nguyen,lan.nguyen1336,lan.nguyen1336@student.sims.edu,,2001-06-01,555-2735,668 Nguyen Hue,Can Tho,Mathematics
Tam,Ly,tam.ly1337,tam.ly1337@student.sims.edu,,2002-09-18,555-8238,410 Le Loi,Hue,Physics
Lan,Vu,lan.vu1338,lan.vu1338@student.sims.edu,,2005-04-18,555-4592,139 Le Loi,Ho Chi Minh,Physics
Quang,Vu,quang.vu1339,quang.vu1339@student.sims.edu,,2003-07-23,555-6905,24 Hai Ba Trung,Nha Trang,Information Technology
Thao,Ho,thao.ho1340,thao.ho1340@student.sims.edu,,2001-09-10,555-4472,607 Tran Phu,Ha Noi,Mathematics
Quyen,Huynh,quyen.huynh1341,quyen.huynh1341@student.sims.edu,,2003-12-09,555-8001,318 Hai Ba Trung,Can Tho,Business
Hai,Vo,hai.vo1342,hai.vo1342@student.sims.edu,,2005-01-11,555-7887,454 Tran Phu,Ha Noi,Electronics
Bao,Pham,bao.pham1343,bao.pham1343@student.sims.edu,,2003-09-06,555-8675,183 Le Loi,Nha Trang,Mathematics
Nam,Do,nam.do1344,nam.do1344@student.sims.edu,,2005-09-05,555-2640,19 Le Loi,Hue,Physics
Thao,Ho,thao.ho1345,thao.ho1345@student.sims.edu,,2004-08-11,555-7105,773 Nguyen Hue,Da Nang,Mathematics
Ha,Hoang,ha.hoang1346,ha.hoang1346@student.sims.edu,,2005-07-17,555-7639,563 Le Loi,Hue,Computer Science
Vy,Vo,vy.vo1347,vy.vo1347@student.sims.edu,,2005-04-24,555-7294,695 Le Loi,Can Tho,Business
Ngoc,Nguyen,ngoc.nguyen1348,ngoc.nguyen1348@student.sims.edu,,2001-09-20,555-7330,49 Tran Phu,Nha Trang,Physics
Thao,Pham,thao.pham1349,thao.pham1349@student.sims.edu,,2002-06-25,555-4141,516 Le Loi,Ha Noi,Mathematics
Hung,Nguyen,hung.nguyen1350,hung.nguyen1350@student.sims.edu,,2004-10-25,555-7313,434 Le Loi,Hue,Electronics
Son,Duong,son.duong1351,son.duong1351@student.sims.edu,,2004-07-19,555-4883,726 Le Loi,Hue,Business
Linh,Le,linh.le1352,linh.le1352@student.sims.edu,,2001-01-07,555-7542,696 Tran Phu,Ha Noi,Computer Science
Binh,Huynh,binh.huynh1353,binh.huynh1353@student.sims.edu,,2002-05-14,555-6320,179 Le Loi,Nha Trang,Computer Science
Phong,Hoang,phong.hoang1354,phong.hoang1354@student.sims.edu,,2005-01-12,555-1192,169 Le Loi,Can Tho,Electronics
Thu,Nguyen,thu.nguyen1355,thu.nguyen1355@student.sims.edu,,2001-10-15,555-7706,186 Nguyen Hue,Can Tho,Electronics
An,Vu,an.vu1356,an.vu1356@student.sims.edu,,2005-09-10,555-9928,873 Tran Phu,Ha Noi,Business
Tam,Vo,tam.vo1357,tam.vo1357@student.sims.edu,,2002-05-18,555-2722,245 Tran Phu,Da Nang,Information Technology
Minh,Vu,minh.vu1358,minh.vu1358@student.sims.edu,,2002-05-17,555-6776,43 Le Loi,Hai Phong,Electronics
Nam,Duong,nam.duong1359,nam.duong1359@student.sims.edu,,2004-01-20,555-9552,984 Nguyen Hue,Hue,Information Technology
Tam,Bui,tam.bui1360,tam.bui1360@student.sims.edu,,2005-03-21,555-2551,2 Hai Ba Trung,Hue,Mathematics
Yen,Bui,yen.bui1361,yen.bui1361@student.sims.edu,,2001-09-26,555-6240,625 Hai Ba Trung,Ho Chi Minh,Business
Chi,Vo,chi.vo1362,chi.vo1362@student.sims.edu,,2002-11-26,555-3610,257 Le Loi,Ha Noi,Business
Tam,Pham,tam.pham1363,tam.pham1363@student.sims.edu,,2002-08-16,555-8724,730 Nguyen Hue,Ha Noi,Computer Science
Tuan,Nguyen,tuan.nguyen1364,tuan.nguyen1364@student.sims.edu,,2004-04-11,555-6070,82 Nguyen Hue,Ho Chi Minh,Electronics
Bao,Duong,bao.duong1365,bao.duong1365@student.sims.edu,,2001-11-25,555-2348,40 Nguyen Hue,Hai Phong,Computer Science
Trang,Vu,trang.vu1366,trang.vu1366@student.sims.edu,,2005-01-27,555-9860,25 Hai Ba Trung,Hue,Physics
Ha,Do,ha.do1367,ha.do1367@student.sims.edu,,2005-09-03,555-7428,831 Nguyen Hue,Da Nang,Information Technology
Ngoc,Tran,ngoc.tran1368,ngoc.tran1368@student.sims.edu,,2004-12-15,555-3712,76 Le Loi,Ha Noi,Mathematics
Nam,Ngo,nam.ngo1369,nam.ngo1369@student.sims.edu,,2003-03-12,555-3800,337 Hai Ba Trung,Ha Noi,Business
Duc,Le,duc.le1370,duc.le1370@student.sims.edu,,2005-04-20,555-9603,478 Le Loi,Hai Phong,Mathematics
Tam,Nguyen,tam.nguyen1371,tam.nguyen1371@student.sims.edu,,2001-07-27,555-3561,124 Le Loi,Nha Trang,Electronics
Hung,Duong,hung.duong1372,hung.duong1372@student.sims.edu,,2003-02-14,555-6875,372 Tran Phu,Hue,Computer Science
Thao,Vo,thao.vo1373,thao.vo1373@student.sims.edu,,2003-11-27,555-9149,230 Tran Phu,Ho Chi Minh,Computer Science
Thu,Nguyen,thu.nguyen1374,thu.nguyen1374@student.sims.edu,,2005-12-07,555-9272,779 Le Loi,Hai Phong,Computer Science
Minh,Le,minh.le1375,minh.le1375@student.sims.edu,,2001-02-15,555-7657,712 Le Loi,Hai Phong,Business
Nam,Dang,nam.dang1376,nam.dang1376@student.sims.edu,,2004-08-06,555-6427,572 Nguyen Hue,Nha Trang,Electronics
Khanh,Ly,khanh.ly1377,khanh.ly1377@student.sims.edu,,2004-10-10,555-7414,283 Le Loi,Can Tho,Mathematics
Duc,Tran,duc.tran1378,duc.tran1378@student.sims.edu,,2004-12-05,555-3300,461 Le Loi,Can Tho,Computer Science
Mai,Bui,mai.bui1379,mai.bui1379@student.sims.edu,,2004-08-20,555-2741,38 Le Loi,Hai Phong,Electronics
Vy,Tran,vy.tran1380,vy.tran1380@student.sims.edu,,2005-01-05,555-3255,996 Nguyen Hue,Hue,Electronics
Hai,Dang,hai.dang1381,hai.dang1381@student.sims.edu,,2002-05-25,555-4611,233 Hai Ba Trung,Ha Noi,Electronics
Giang,Huynh,giang.huynh1382,giang.huynh1382@student.sims.edu,,2002-03-11,555-4169,410 Nguyen Hue,Hai Phong,Electronics
Chi,Ngo,chi.ngo1383,chi.ngo1383@student.sims.edu,,2003-08-17,555-1605,832 Le Loi,Da Nang,Business
Lan,Le,lan.le1384,lan.le1384@student.sims.edu,,2001-10-05,555-8037,927 Nguyen Hue,Da Nang,Physics
Ha,Le,ha.le1385,ha.le1385@student.sims.edu,,2002-09-23,555-7833,260 Le Loi,Ho Chi Minh,Business
Chi,Tran,chi.tran1386,chi.tran1386@student.sims.edu,,2003-02-02,555-2301,431 Nguyen Hue,Hai Phong,Business
Linh,Bui,linh.bui1387,linh.bui1387@student.sims.edu,,2001-07-25,555-7825,585 Hai Ba Trung,Nha Trang,Electronics
An,Vu,an.vu1388,an.vu1388@student.sims.edu,,2002-08-01,555-5865,974 Tran Phu,Hue,Physics
Chi,Huynh,chi.huynh1389,chi.huynh1389@student.sims.edu,,2001-01-24,555-5723,410 Nguyen Hue,Ha Noi,Computer Science
Hung,Nguyen,hung.nguyen1390,hung.nguyen1390@student.sims.edu,,2004-07-26,555-7973,422 Hai Ba Trung,Ha Noi,Business
Giang,Ngo,giang.ngo1391,giang.ngo1391@student.sims.edu,,2005-03-09,555-5942,649 Tran Phu,Can Tho,Business
Binh,Ho,binh.ho1392,binh.ho1392@student.sims.edu,,2002-01-10,555-9636,513 Hai Ba Trung,Hai Phong,Business
Phong,Nguyen,phong.nguyen1393,phong.nguyen1393@student.sims.edu,,2002-04-21,555-6386,315 Tran Phu,Ha Noi,Physics
Son,Tran,son.tran1394,son.tran1394@student.sims.edu,,2005-01-21,555-5321,239 Hai Ba Trung,Da Nang,Mathematics
Linh,Ho,linh.ho1395,linh.ho1395@student.sims.edu,,2003-07-20,555-1410,147 Nguyen Hue,Nha Trang,Electronics
Duc,Huynh,duc.huynh1396,duc.huynh1396@student.sims.edu,,2005-02-27,555-3087,952 Tran Phu,Hue,Business
Bao,Hoang,bao.hoang1397,bao.hoang1397@student.sims.edu,,2002-07-03,555-8133,421 Nguyen Hue,Hue,Physics
Vy,Hoang,vy.hoang1398,vy.hoang1398@student.sims.edu,,2001-06-22,555-3269,782 Hai Ba Trung,Hue,Information Technology
Tam,Vo,tam.vo1399,tam.vo1399@student.sims.edu,,2003-02-06,555-6338,127 Hai Ba Trung,Nha Trang,Physics
Linh,Pham,linh.pham1400,linh.pham1400@student.sims.edu,,2003-11-19,555-8405,130 Hai Ba Trung,Hai Phong,Business
Lan,Huynh,lan.huynh1401,lan.huynh1401@student.sims.edu,,2003-10-25,555-7880,380 Tran Phu,Da Nang,Electronics
Nam,Tran,nam.tran1402,nam.tran1402@student.sims.edu,,2002-11-13,555-4441,210 Nguyen Hue,Hue,Physics
Dung,Dang,dung.dang1403,dung.dang1403@student.sims.edu,,2004-09-18,555-3827,13 Hai Ba Trung,Nha Trang,Computer Science
Son,Huynh,son.huynh1404,son.huynh1404@student.sims.edu,,2001-08-04,555-5491,920 Tran Phu,Nha Trang,Information Technology
Son,Bui,son.bui1405,son.bui1405@student.sims.edu,,2002-06-05,555-6923,689 Le Loi,Ho Chi Minh,Electronics
Quang,Dang,quang.dang1406,quang.dang1406@student.sims.edu,,2004-02-12,555-6569,582 Tran Phu,Nha Trang,Information Technology
Trang,Ly,trang.ly1407,trang.ly1407@student.sims.edu,,2003-07-22,555-2261,875 Hai Ba Trung,Ha Noi,Physics
Mai,Hoang,mai.hoang1408,mai.hoang1408@student.sims.edu,,2001-05-20,555-3466,188 Tran Phu,Ha Noi,Physics
Binh,Nguyen,binh.nguyen1409,binh.nguyen1409@student.sims.edu,,2004-02-28,555-6255,739 Hai Ba Trung,Ho Chi Minh,Electronics
Hai,Do,hai.do1410,hai.do1410@student.sims.edu,,2001-03-13,555-4316,584 Hai Ba Trung,Can Tho,Physics
Hung,Pham,hung.pham1411,hung.pham1411@student.sims.edu,,2002-09-11,555-6216,864 Nguyen Hue,Ha Noi,Physics
Yen,Ngo,yen.ngo1412,yen.ngo1412@student.sims.edu,,2004-03-07,555-9588,322 Hai Ba Trung,Ho Chi Minh,Information Technology
Hoa,Vu,hoa.vu1413,hoa.vu1413@student.sims.edu,,2001-07-26,555-9236,139 Tran Phu,Nha Trang,Information Technology
Binh,Ly,binh.ly1414,binh.ly1414@student.sims.edu,,2005-06-01,555-4810,295 Hai Ba Trung,Can Tho,Mathematics
Giang,Huynh,giang.huynh1415,giang.huynh1415@student.sims.edu,,2001-10-17,555-8534,273 Hai Ba Trung,Hue,Business
Minh,Vo,minh.vo1416,minh.vo1416@student.sims.edu,,2005-08-24,555-2634,792 Hai Ba Trung,Da Nang,Physics
Vy,Duong,vy.duong1417,vy.duong1417@student.sims.edu,,2003-06-13,555-8292,97 Le Loi,Hai Phong,Business
Duc,Vo,duc.vo1418,duc.vo1418@student.sims.edu,,2001-03-17,555-9847,196 Hai Ba Trung,Nha Trang,Business
Hoa,Nguyen,hoa.nguyen1419,hoa.nguyen1419@student.sims.edu,,2003-06-16,555-1341,464 Hai Ba Trung,Hai Phong,Physics
Giang,Pham,giang.pham1420,giang.pham1420@student.sims.edu,,2003-04-08,555-4056,241 Le Loi,Can Tho,Mathematics
Thu,Pham,thu.pham1421,thu.pham1421@student.sims.edu,,2001-05-08,555-1634,592 Le Loi,Hai Phong,Electronics
Dung,Duong,dung.duong1422,dung.duong1422@student.sims.edu,,2005-07-16,555-5790,637 Hai Ba Trung,Ha Noi,Computer Science
Vy,Vo,vy.vo1423,vy.vo1423@student.sims.edu,,2003-07-20,555-4588,395 Tran Phu,Nha Trang,Information Technology
Hai,Dang,hai.dang1424,hai.dang1424@student.sims.edu,,2005-05-06,555-3960,363 Hai Ba Trung,Nha Trang,Physics
Khanh,Vu,khanh.vu1425,khanh.vu1425@student.sims.edu,,2005-03-01,555-6195,234 Hai Ba Trung,Da Nang,Mathematics
Bao,Vu,bao.vu1426,bao.vu1426@student.sims.edu,,2004-04-25,555-1204,215 Nguyen Hue,Ho Chi Minh,Electronics
Yen,Ngo,yen.ngo1427,yen.ngo1427@student.sims.edu,,2005-12-27,555-2612,389 Nguyen Hue,Nha Trang,Physics
Quang,Le,quang.le1428,quang.le1428@student.sims.edu,,2005-09-12,555-7213,568 Tran Phu,Nha Trang,Electronics
Nga,Ngo,nga.ngo1429,nga.ngo1429@student.sims.edu,,2003-03-28,555-8679,105 Hai Ba Trung,Da Nang,Mathematics
Quyen,Vu,quyen.vu1430,quyen.vu1430@student.sims.edu,,2004-01-12,555-1904,244 Tran Phu,Ha Noi,Electronics
Binh,Vo,binh.vo1431,binh.vo1431@student.sims.edu,,2004-09-18,555-4819,878 Nguyen Hue,Da Nang,Computer Science
Nam,Ho,nam.ho1432,nam.ho1432@student.sims.edu,,2002-01-06,555-2753,766 Nguyen Hue,Ho Chi Minh,Information Technology
Minh,Ngo,minh.ngo1433,minh.ngo1433@student.sims.edu,,2001-06-14,555-4375,104 Tran Phu,Hai Phong,Physics
Trang,Pham,trang.pham1434,trang.pham1434@student.sims.edu,,2001-09-07,555-2361,797 Le Loi,Can Tho,Electronics
Ngoc,Hoang,ngoc.hoang1435,ngoc.hoang1435@student.sims.edu,,2002-03-20,555-4204,564 Nguyen Hue,Ha Noi,Information Technology
Binh,Nguyen,binh.nguyen1436,binh.nguyen1436@student.sims.edu,,2001-10-14,555-8279,663 Tran Phu,Da Nang,Mathematics
Nga,Hoang,nga.hoang1437,nga.hoang1437@student.sims.edu,,2005-10-17,555-6861,234 Tran Phu,Ho Chi Minh,Business
Ha,Huynh,ha.huynh1438,ha.huynh1438@student.sims.edu,,2002-02-14,555-2205,582 Hai Ba Trung,Nha Trang,Information Technology
Binh,Ngo,binh.ngo1439,binh.ngo1439@student.sims.edu,,2001-10-24,555-1518,555 Tran Phu,Ho Chi Minh,Business
Chi,Bui,chi.bui1440,chi.bui1440@student.sims.edu,,2002-09-12,555-6450,924 Tran Phu,Da Nang,Physics
Linh,Ngo,linh.ngo1441,linh.ngo1441@student.sims.edu,,2003-06-16,555-4697,944 Hai Ba Trung,Ho Chi Minh,Electronics
Thao,Hoang,thao.hoang1442,thao.hoang1442@student.sims.edu,,2005-08-10,555-2912,296 Le Loi,Ho Chi Minh,Mathematics
Son,Le,son.le1443,son.le1443@student.sims.edu,,2005-03-05,555-4523,260 Hai Ba Trung,Hai Phong,Electronics
Nga,Ly,nga.ly1444,nga.ly1444@student.sims.edu,,2001-02-07,555-6502,494 Tran Phu,Da Nang,Information Technology
Mai,Bui,mai.bui1445,mai.bui1445@student.sims.edu,,2003-09-15,555-5901,91 Le Loi,Hai Phong,Computer Science
Lan,Ly,lan.ly1446,lan.ly1446@student.sims.edu,,2001-04-25,555-1991,591 Nguyen Hue,Ha Noi,Information Technology
Nga,Duong,nga.duong1447,nga.duong1447@student.sims.edu,,2003-05-08,555-1610,585 Hai Ba Trung,Nha Trang,Physics
Binh,Do,binh.do1448,binh.do1448@student.sims.edu,,2004-08-08,555-7441,481 Hai Ba Trung,Hai Phong,Electronics
Chi,Huynh,chi.huynh1449,chi.huynh1449@student.sims.edu,,2004-05-20,555-3950,219 Tran Phu,Ha Noi,Physics
Tuan,Duong,tuan.duong1450,tuan.duong1450@student.sims.edu,,2005-10-03,555-9991,382 Tran Phu,Ha Noi,Computer Science
Nga,Do,nga.do1451,nga.do1451@student.sims.edu,,2002-12-19,555-1296,88 Nguyen Hue,Da Nang,Business
Lan,Duong,lan.duong1452,lan.duong1452@student.sims.edu,,2005-07-24,555-7957,44 Le Loi,Ho Chi Minh,Computer Science
Minh,Ngo,minh.ngo1453,minh.ngo1453@student.sims.edu,,2004-02-04,555-5475,759 Nguyen Hue,Can Tho,Business
Yen,Ly,yen.ly1454,yen.ly1454@student.sims.edu,,2002-03-21,555-4111,42 Tran Phu,Nha Trang,Electronics
Linh,Dang,linh.dang1455,linh.dang1455@student.sims.edu,,2003-01-06,555-4686,144 Tran Phu,Hue,Information Technology
Nga,Nguyen,nga.nguyen1456,nga.nguyen1456@student.sims.edu,,2002-03-18,555-1455,849 Le Loi,Hai Phong,Mathematics
Son,Huynh,son.huynh1457,son.huynh1457@student.sims.edu,,2004-04-25,555-9600,180 Tran Phu,Ha Noi,Physics
Lan,Ngo,lan.ngo1458,lan.ngo1458@student.sims.edu,,2005-03-20,555-2113,305 Le Loi,Da Nang,Physics
Hoa,Ho,hoa.ho1459,hoa.ho1459@student.sims.edu,,2005-10-22,555-7101,138 Hai Ba Trung,Nha Trang,Mathematics
Chi,Duong,chi.duong1460,chi.duong1460@student.sims.edu,,2004-11-20,555-9146,52 Nguyen Hue,Hai Phong,Electronics
Quyen,Ly,quyen.ly1461,quyen.ly1461@student.sims.edu,,2001-10-20,555-1058,725 Tran Phu,Hai Phong,Electronics
Hai,Duong,hai.duong1462,hai.duong1462@student.sims.edu,,2002-05-23,555-7946,746 Le Loi,Can Tho,Computer Science
Bao,Bui,bao.bui1463,bao.bui1463@student.sims.edu,,2001-07-18,555-4739,635 Le Loi,Ho Chi Minh,Physics
Son,Huynh,son.huynh1464,son.huynh1464@student.sims.edu,,2003-03-24,555-7621,759 Hai Ba Trung,Ha Noi,Business
Trang,Do,trang.do1465,trang.do1465@student.sims.edu,,2001-05-10,555-7856,521 Le Loi,Ho Chi Minh,Electronics
An,Vu,an.vu1466,an.vu1466@student.sims.edu,,2003-03-20,555-6307,353 Tran Phu,Can Tho,Computer Science
Duc,Nguyen,duc.nguyen1467,duc.nguyen1467@student.sims.edu,,2004-12-01,555-4929,127 Le Loi,Hai Phong,Physics
Mai,Vu,mai.vu1468,mai.vu1468@student.sims.edu,,2004-11-15,555-1689,63 Hai Ba Trung,Da Nang,Physics
Trang,Le,trang.le1469,trang.le1469@student.sims.edu,,2002-08-12,555-7308,290 Nguyen Hue,Nha Trang,Computer Science
Quyen,Pham,quyen.pham1470,quyen.pham1470@student.sims.edu,,2004-05-25,555-3254,63 Tran Phu,Ha Noi,Mathematics
Chi,Ly,chi.ly1471,chi.ly1471@student.sims.edu,,2003-05-04,555-6872,69 Nguyen Hue,Hue,Electronics
Nam,Hoang,nam.hoang1472,nam.hoang1472@student.sims.edu,,2002-02-24,555-4351,589 Le Loi,Can Tho,Information Technology
Linh,Nguyen,linh.nguyen1473,linh.nguyen1473@student.sims.edu,,2002-05-28,555-4696,407 Le Loi,Can Tho,Electronics
Trang,Hoang,trang.hoang1474,trang.hoang1474@student.sims.edu,,2004-01-11,555-2425,192 Tran Phu,Da Nang,Business
Quyen,Bui,quyen.bui1475,quyen.bui1475@student.sims.edu,,2004-12-13,555-6263,88 Le Loi,Can Tho,Electronics
Mai,Vu,mai.vu1476,mai.vu1476@student.sims.edu,,2001-07-22,555-8586,115 Nguyen Hue,Ha Noi,Mathematics
Thu,Tran,thu.tran1477,thu.tran1477@student.sims.edu,,2005-03-07,555-1730,713 Nguyen Hue,Nha Trang,Information Technology
Hoa,Huynh,hoa.huynh1478,hoa.huynh1478@student.sims.edu,,2001-12-06,555-9098,834 Tran Phu,Ho Chi Minh,Business
Phong,Tran,phong.tran1479,phong.tran1479@student.sims.edu,,2004-05-19,555-1491,258 Hai Ba Trung,Ha Noi,Business
Mai,Hoang,mai.hoang1480,mai.hoang1480@student.sims.edu,,2002-06-12,555-2084,767 Le Loi,Can Tho,Business
Duc,Tran,duc.tran1481,duc.tran1481@student.sims.edu,,2004-12-05,555-8127,684 Le Loi,Da Nang,Computer Science
Nam,Do,nam.do1482,nam.do1482@student.sims.edu,,2002-02-12,555-1637,624 Hai Ba Trung,Da Nang,Physics
Thu,Ly,thu.ly1483,thu.ly1483@student.sims.edu,,2002-11-13,555-5439,743 Le Loi,Ho Chi Minh,Computer Science
Nam,Nguyen,nam.nguyen1484,nam.nguyen1484@student.sims.edu,,2003-02-24,555-6982,5 Le Loi,Can Tho,Computer Science
Hai,Pham,hai.pham1485,hai.pham1485@student.sims.edu,,2001-10-07,555-4612,481 Le Loi,Da Nang,Mathematics
Binh,Hoang,binh.hoang1486,binh.hoang1486@student.sims.edu,,2004-11-08,555-3179,564 Tran Phu,Ha Noi,Business
Linh,Vu,linh.vu1487,linh.vu1487@student.sims.edu,,2003-06-18,555-4859,186 Le Loi,Hue,Physics
Chi,Pham,chi.pham1488,chi.pham1488@student.sims.edu,,2004-01-22,555-4044,396 Hai Ba Trung,Hue,Information Technology
Son,Dang,son.dang1489,son.dang1489@student.sims.edu,,2004-01-19,555-7438,345 Le Loi,Ho Chi Minh,Business
Duc,Ly,duc.ly1490,duc.ly1490@student.sims.edu,,2005-09-09,555-6708,237 Tran Phu,Hai Phong,Mathematics
Ha,Vo,ha.vo1491,ha.vo1491@student.sims.edu,,2003-09-08,555-4923,853 Hai Ba Trung,Ho Chi Minh,Physics
Thao,Hoang,thao.hoang1492,thao.hoang1492@student.sims.edu,,2002-07-25,555-8126,608 Hai Ba Trung,Can Tho,Computer Science
Hung,Nguyen,hung.nguyen1493,hung.nguyen1493@student.sims.edu,,2001-01-27,555-1364,418 Hai Ba Trung,Can Tho,Computer Science
Son,Vu,son.vu1494,son.vu1494@student.sims.edu,,2005-07-24,555-6489,604 Tran Phu,Ha Noi,Computer Science
Quyen,Dang,quyen.dang1495,quyen.dang1495@student.sims.edu,,2004-04-21,555-2057,858 Hai Ba Trung,Da Nang,Physics
Giang,Bui,giang.bui1496,giang.bui1496@student.sims.edu,,2004-12-06,555-3838,954 Tran Phu,Nha Trang,Computer Science
Binh,Ngo,binh.ngo1497,binh.ngo1497@student.sims.edu,,2005-05-14,555-4094,379 Nguyen Hue,Hai Phong,Information Technology
Dung,Do,dung.do1498,dung.do1498@student.sims.edu,,2004-05-14,555-3066,839 Le Loi,Hue,Electronics
Hoa,Bui,hoa.bui1499,hoa.bui1499@student.sims.edu,,2005-04-05,555-8052,722 Le Loi,Nha Trang,Electronics
Hoa,Dang,hoa.dang1500,hoa.dang1500@student.sims.edu,,2001-04-28,555-9290,976 Tran Phu,Ha Noi,Computer Science
Linh,Vu,linh.vu1501,linh.vu1501@student.sims.edu,,2002-01-25,555-4822,646 Le Loi,Hai Phong,Information Technology
Tuan,Pham,tuan.pham1502,tuan.pham1502@student.sims.edu,,2003-02-27,555-9993,99 Tran Phu,Nha Trang,Mathematics
Tuan,Ngo,tuan.ngo1503,tuan.ngo1503@student.sims.edu,,2002-10-13,555-2658,13 Hai Ba Trung,Nha Trang,Physics
Giang,Vu,giang.vu1504,giang.vu1504@student.sims.edu,,2003-04-01,555-5046,414 Tran Phu,Hai Phong,Business
Bao,Dang,bao.dang1505,bao.dang1505@student.sims.edu,,2003-02-05,555-9192,918 Hai Ba Trung,Nha Trang,Electronics
Son,Duong,son.duong1506,son.duong1506@student.sims.edu,,2003-10-20,555-6604,433 Tran Phu,Nha Trang,Information Technology
Trang,Duong,trang.duong1507,trang.duong1507@student.sims.edu,,2001-03-15,555-4185,272 Tran Phu,Ha Noi,Computer Science
Vy,Huynh,vy.huynh1508,vy.huynh1508@student.sims.edu,,2005-11-21,555-2681,61 Le Loi,Nha Trang,Computer Science
Ngoc,Hoang,ngoc.hoang1509,ngoc.hoang1509@student.sims.edu,,2005-04-24,555-9125,922 Nguyen Hue,Hue,Business
Linh,Tran,linh.tran1510,linh.tran1510@student.sims.edu,,2001-05-20,555-1622,822 Nguyen Hue,Nha Trang,Business
Phong,Bui,phong.bui1511,phong.bui1511@student.sims.edu,,2001-07-26,555-2933,27 Nguyen Hue,Nha Trang,Physics
Thu,Dang,thu.dang1512,thu.dang1512@student.sims.edu,,2001-06-19,555-7238,858 Le Loi,Hue,Computer Science
Hai,Ngo,hai.ngo1513,hai.ngo1513@student.sims.edu,,2004-01-19,555-4049,227 Le Loi,Ho Chi Minh,Information Technology
Nam,Dang,nam.dang1514,nam.dang1514@student.sims.edu,,2005-09-16,555-5733,137 Le Loi,Can Tho,Physics
Khanh,Ly,khanh.ly1515,khanh.ly1515@student.sims.edu,,2001-12-18,555-2697,304 Le Loi,Da Nang,Mathematics
Khanh,Ho,khanh.ho1516,khanh.ho1516@student.sims.edu,,2005-03-17,555-3420,80 Le Loi,Ho Chi Minh,Information Technology
Ngoc,Ho,ngoc.ho1517,ngoc.ho1517@student.sims.edu,,2005-03-15,555-5241,244 Hai Ba Trung,Hue,Business
Phong,Huynh,phong.huynh1518,phong.huynh1518@student.sims.edu,,2002-05-24,555-8412,531 Tran Phu,Da Nang,Information Technology
Hung,Pham,hung.pham1519,hung.pham1519@student.sims.edu,,2002-03-21,555-8702,879 Le Loi,Da Nang,Mathematics
Chi,Bui,chi.bui1520,chi.bui1520@student.sims.edu,,2005-09-19,555-3391,169 Nguyen Hue,Da Nang,Mathematics
Tuan,Vo,tuan.vo1521,tuan.vo1521@student.sims.edu,,2001-04-18,555-9000,676 Hai Ba Trung,Hue,Electronics
Bao,Dang,bao.dang1522,bao.dang1522@student.sims.edu,,2002-09-19,555-6651,483 Tran Phu,Ha Noi,Business
Thao,Dang,thao.dang1523,thao.dang1523@student.sims.edu,,2004-02-16,555-7293,407 Hai Ba Trung,Ha Noi,Information Technology
Phong,Le,phong.le1524,phong.le1524@student.sims.edu,,2002-02-04,555-1740,259 Nguyen Hue,Hue,Mathematics
Tam,Ngo,tam.ngo1525,tam.ngo1525@student.sims.edu,,2004-01-09,555-1971,942 Nguyen Hue,Ha Noi,Electronics
An,Ngo,an.ngo1526,an.ngo1526@student.sims.edu,,2005-08-16,555-9153,461 Hai Ba Trung,Hai Phong,Electronics
Khanh,Nguyen,khanh.nguyen1527,khanh.nguyen1527@student.sims.edu,,2005-08-02,555-3820,180 Nguyen Hue,Can Tho,Computer Science
Minh,Le,minh.le1528,minh.le1528@student.sims.edu,,2003-10-07,555-2770,496 Nguyen Hue,Da Nang,Computer Science
Hung,Tran,hung.tran1529,hung.tran1529@student.sims.edu,,2003-09-22,555-6550,475 Nguyen Hue,Can Tho,Physics
Linh,Huynh,linh.huynh1530,linh.huynh1530@student.sims.edu,,2002-03-23,555-8977,514 Le Loi,Ha Noi,Computer Science
Minh,Huynh,minh.huynh1531,minh.huynh1531@student.sims.edu,,2001-09-17,555-5545,111 Le Loi,Nha Trang,Electronics
Thu,Vu,thu.vu1532,thu.vu1532@student.sims.edu,,2004-03-21,555-9424,93 Le Loi,Nha Trang,Physics
An,Nguyen,an.nguyen1533,an.nguyen1533@student.sims.edu,,2003-03-04,555-7606,173 Hai Ba Trung,Hai Phong,Business
Chi,Bui,chi.bui1534,chi.bui1534@student.sims.edu,,2005-05-01,555-4455,132 Tran Phu,Da Nang,Business
Hoa,Hoang,hoa.hoang1535,hoa.hoang1535@student.sims.edu,,2003-03-07,555-1395,354 Tran Phu,Hai Phong,Business
Dung,Le,dung.le1536,dung.le1536@student.sims.edu,,2004-01-18,555-3903,718 Tran Phu,Da Nang,Mathematics
Hoa,Le,hoa.le1537,hoa.le1537@student.sims.edu,,2004-03-25,555-4524,261 Tran Phu,Nha Trang,Computer Science
Bao,Pham,bao.pham1538,bao.pham1538@student.sims.edu,,2005-06-26,555-2130,259 Le Loi,Hai Phong,Physics
Bao,Dang,bao.dang1539,bao.dang1539@student.sims.edu,,2003-01-07,555-5351,865 Hai Ba Trung,Can Tho,Mathematics
Mai,Ho,mai.ho1540,mai.ho1540@student.sims.edu,,2002-10-10,555-1690,277 Tran Phu,Hue,Mathematics
Lan,Le,lan.le1541,lan.le1541@student.sims.edu,,2001-05-11,555-3866,124 Tran Phu,Hai Phong,Information Technology
Tuan,Hoang,tuan.hoang1542,tuan.hoang1542@student.sims.edu,,2004-01-04,555-7984,129 Le Loi,Hue,Electronics
Nga,Huynh,nga.huynh1543,nga.huynh1543@student.sims.edu,,2004-01-12,555-7057,50 Le Loi,Ho Chi Minh,Computer Science
Ha,Ho,ha.ho1544,ha.ho1544@student.sims.edu,,2003-07-14,555-1248,743 Tran Phu,Da Nang,Business
Trang,Ngo,trang.ngo1545,trang.ngo1545@student.sims.edu,,2002-02-23,555-4882,561 Le Loi,Hue,Computer Science
Ha,Le,ha.le1546,ha.le1546@student.sims.edu,,2004-03-27,555-8246,745 Tran Phu,Can Tho,Business
Bao,Le,bao.le1547,bao.le1547@student.sims.edu,,2005-10-19,555-5792,646 Le Loi,Da Nang,Physics
Linh,Tran,linh.tran1548,linh.tran1548@student.sims.edu,,2002-01-17,555-7517,119 Hai Ba Trung,Can Tho,Computer Science
Hai,Tran,hai.tran1549,hai.tran1549@student.sims.edu,,2004-03-05,555-3814,119 Le Loi,Can Tho,Information Technology
Ha,Pham,ha.pham1550,ha.pham1550@student.sims.edu,,2002-05-18,555-6942,398 Tran Phu,Da Nang,Computer Science
Tuan,Ly,tuan.ly1551,tuan.ly1551@student.sims.edu,,2001-01-15,555-6473,127 Nguyen Hue,Can Tho,Information Technology
Hai,Hoang,hai.hoang1552,hai.hoang1552@student.sims.edu,,2003-06-20,555-9733,797 Tran Phu,Da Nang,Computer Science
Khanh,Bui,khanh.bui1553,khanh.bui1553@student.sims.edu,,2002-01-07,555-3999,971 Nguyen Hue,Ha Noi,Information Technology
Ngoc,Huynh,ngoc.huynh1554,ngoc.huynh1554@student.sims.edu,,2005-11-12,555-2963,877 Le Loi,Ha Noi,Mathematics
Thu,Le,thu.le1555,thu.le1555@student.sims.edu,,2004-11-02,555-2811,637 Tran Phu,Ho Chi Minh,Business
Thao,Bui,thao.bui1556,thao.bui1556@student.sims.edu,,2005-09-06,555-5908,492 Hai Ba Trung,Da Nang,Mathematics
Nam,Dang,nam.dang1557,nam.dang1557@student.sims.edu,,2003-11-24,555-3631,868 Le Loi,Nha Trang,Electronics
Bao,Le,bao.le1558,bao.le1558@student.sims.edu,,2001-06-26,555-6563,527 Tran Phu,Hue,Electronics
Giang,Do,giang.do1559,giang.do1559@student.sims.edu,,2005-05-15,555-5256,603 Nguyen Hue,Hai Phong,Electronics
Thao,Huynh,thao.huynh1560,thao.huynh1560@student.sims.edu,,2004-07-06,555-9256,653 Nguyen Hue,Hai Phong,Business
Bao,Dang,bao.dang1561,bao.dang1561@student.sims.edu,,2002-08-14,555-1326,289 Le Loi,Hue,Computer Science
Nam,Ngo,nam.ngo1562,nam.ngo1562@student.sims.edu,,2005-05-28,555-1911,653 Hai Ba Trung,Da Nang,Computer Science
Binh,Vu,binh.vu1563,binh.vu1563@student.sims.edu,,2003-04-03,555-6331,32 Nguyen Hue,Ha Noi,Electronics
Tuan,Vu,tuan.vu1564,tuan.vu1564@student.sims.edu,,2003-03-14,555-1738,613 Hai Ba Trung,Da Nang,Business
Bao,Bui,bao.bui1565,bao.bui1565@student.sims.edu,,2003-04-15,555-4330,857 Tran Phu,Da Nang,Information Technology
Mai,Duong,mai.duong1566,mai.duong1566@student.sims.edu,,2001-08-20,555-2697,208 Nguyen Hue,Ha Noi,Information Technology
Tuan,Nguyen,tuan.nguyen1567,tuan.nguyen1567@student.sims.edu,,2001-11-26,555-5422,617 Nguyen Hue,Ho Chi Minh,Electronics
Khanh,Ngo,khanh.ngo1568,khanh.ngo1568@student.sims.edu,,2005-10-23,555-3514,390 Nguyen Hue,Hue,Information Technology
Dung,Huynh,dung.huynh1569,dung.huynh1569@student.sims.edu,,2003-03-23,555-4859,404 Tran Phu,Can Tho,Computer Science
Thao,Pham,thao.pham1570,thao.pham1570@student.sims.edu,,2001-01-06,555-3931,41 Tran Phu,Ho Chi Minh,Computer Science
Yen,Ly,yen.ly1571,yen.ly1571@student.sims.edu,,2002-05-21,555-8727,20 Le Loi,Ho Chi Minh,Computer Science
Chi,Do,chi.do1572,chi.do1572@student.sims.edu,,2005-07-26,555-9065,672 Tran Phu,Ho Chi Minh,Information Technology
Nga,Do,nga.do1573,nga.do1573@student.sims.edu,,2003-03-11,555-5493,879 Nguyen Hue,Hai Phong,Computer Science
Quang,Ngo,quang.ngo1574,quang.ngo1574@student.sims.edu,,2002-10-07,555-3422,455 Le Loi,Ho Chi Minh,Information Technology
Nam,Duong,nam.duong1575,nam.duong1575@student.sims.edu,,2002-03-13,555-8457,856 Hai Ba Trung,Hue,Electronics
Lan,Duong,lan.duong1576,lan.duong1576@student.sims.edu,,2001-12-10,555-9349,943 Tran Phu,Ho Chi Minh,Mathematics
Phong,Tran,phong.tran1577,phong.tran1577@student.sims.edu,,2001-06-05,555-3791,596 Hai Ba Trung,Ho Chi Minh,Computer Science
Hai,Do,hai.do1578,hai.do1578@student.sims.edu,,2001-05-22,555-6922,780 Nguyen Hue,Can Tho,Mathematics
Son,Ngo,son.ngo1579,son.ngo1579@student.sims.edu,,2004-08-05,555-3662,425 Le Loi,Ha Noi,Business
Son,Huynh,son.huynh1580,son.huynh1580@student.sims.edu,,2003-05-23,555-6170,964 Hai Ba Trung,Nha Trang,Computer Science
Dung,Duong,dung.duong1581,dung.duong1581@student.sims.edu,,2001-10-04,555-4987,415 Tran Phu,Hue,Information Technology
Hoa,Ly,hoa.ly1582,hoa.ly1582@student.sims.edu,,2001-08-26,555-3348,101 Hai Ba Trung,Hai Phong,Electronics
Lan,Ngo,lan.ngo1583,lan.ngo1583@student.sims.edu,,2005-11-01,555-4139,720 Hai Ba Trung,Hue,Information Technology
Dung,Huynh,dung.huynh1584,dung.huynh1584@student.sims.edu,,2002-07-04,555-3746,88 Hai Ba Trung,Hai Phong,Business
Quang,Ho,quang.ho1585,quang.ho1585@student.sims.edu,,2004-11-21,555-6683,651 Le Loi,Can Tho,Electronics
Tam,Vo,tam.vo1586,tam.vo1586@student.sims.edu,,2004-08-07,555-9133,179 Hai Ba Trung,Hue,Physics
An,Pham,an.pham1587,an.pham1587@student.sims.edu,,2005-09-01,555-4928,852 Nguyen Hue,Nha Trang,Physics
Hoa,Dang,hoa.dang1588,hoa.dang1588@student.sims.edu,,2001-01-24,555-1249,792 Nguyen Hue,Can Tho,Computer Science
Phong,Le,phong.le1589,phong.le1589@student.sims.edu,,2004-09-21,555-7711,990 Le Loi,Da Nang,Physics
Duc,Vu,duc.vu1590,duc.vu1590@student.sims.edu,,2003-01-01,555-7386,835 Tran Phu,Nha Trang,Information Technology
Thu,Ngo,thu.ngo1591,thu.ngo1591@student.sims.edu,,2005-11-19,555-3297,336 Tran Phu,Ha Noi,Computer Science
Hai,Nguyen,hai.nguyen1592,hai.nguyen1592@student.sims.edu,,2002-12-22,555-9737,986 Tran Phu,Nha Trang,Business
Chi,Bui,chi.bui1593,chi.bui1593@student.sims.edu,,2002-02-08,555-8201,315 Nguyen Hue,Ha Noi,Electronics
An,Ngo,an.ngo1594,an.ngo1594@student.sims.edu,,2004-08-06,555-7884,53 Hai Ba Trung,Hue,Mathematics
Mai,Tran,mai.tran1595,mai.tran1595@student.sims.edu,,2002-03-12,555-3555,890 Hai Ba Trung,Nha Trang,Computer Science
Khanh,Duong,khanh.duong1596,khanh.duong1596@student.sims.edu,,2002-01-11,555-8472,123 Hai Ba Trung,Can Tho,Information Technology
Quang,Bui,quang.bui1597,quang.bui1597@student.sims.edu,,2003-02-13,555-1729,432 Tran Phu,Hai Phong,Physics
Linh,Le,linh.le1598,linh.le1598@student.sims.edu,,2001-08-01,555-4764,445 Hai Ba Trung,Ho Chi Minh,Electronics
Son,Bui,son.bui1599,son.bui1599@student.sims.edu,,2003-06-04,555-6389,784 Nguyen Hue,Ha Noi,Information Technology
Giang,Hoang,giang.hoang1600,giang.hoang1600@student.sims.edu,,2001-12-25,555-4551,151 Nguyen Hue,Ha Noi,Information Technology
Minh,Vo,minh.vo1601,minh.vo1601@student.sims.edu,,2004-03-23,555-3611,824 Le Loi,Hue,Information Technology
Thu,Nguyen,thu.nguyen1602,thu.nguyen1602@student.sims.edu,,2002-07-11,555-5961,368 Le Loi,Nha Trang,Computer Science
Thao,Tran,thao.tran1603,thao.tran1603@student.sims.edu,,2005-09-21,555-7001,637 Nguyen Hue,Ha Noi,Business
Hoa,Bui,hoa.bui1604,hoa.bui1604@student.sims.edu,,2001-03-16,555-5047,858 Hai Ba Trung,Hai Phong,Physics
Ngoc,Vu,ngoc.vu1605,ngoc.vu1605@student.sims.edu,,2004-03-13,555-3088,932 Hai Ba Trung,Ha Noi,Computer Science
Bao,Huynh,bao.huynh1606,bao.huynh1606@student.sims.edu,,2004-08-18,555-3901,144 Tran Phu,Nha Trang,Business
Quyen,Duong,quyen.duong1607,quyen.duong1607@student.sims.edu,,2005-11-02,555-7558,473 Tran Phu,Ha Noi,Mathematics
Phong,Ho,phong.ho1608,phong.ho1608@student.sims.edu,,2003-10-09,555-7418,495 Nguyen Hue,Ho Chi Minh,Electronics
Son,Tran,son.tran1609,son.tran1609@student.sims.edu,,2002-12-19,555-7394,785 Tran Phu,Ho Chi Minh,Mathematics
Hai,Do,hai.do1610,hai.do1610@student.sims.edu,,2001-11-20,555-7032,642 Le Loi,Ho Chi Minh,Business
Hung,Vo,hung.vo1611,hung.vo1611@student.sims.edu,,2002-08-17,555-1715,371 Tran Phu,Ho Chi Minh,Computer Science
Tuan,Ngo,tuan.ngo1612,tuan.ngo1612@student.sims.edu,,2001-12-25,555-9954,104 Tran Phu,Hai Phong,Information Technology
Yen,Le,yen.le1613,yen.le1613@student.sims.edu,,2002-07-11,555-9687,435 Nguyen Hue,Ho Chi Minh,Electronics
Thu,Vu,thu.vu1614,thu.vu1614@student.sims.edu,,2003-06-14,555-9923,698 Tran Phu,Can Tho,Electronics
Hoa,Le,hoa.le1615,hoa.le1615@student.sims.edu,,2002-01-16,555-7402,311 Tran Phu,Can Tho,Information Technology
Minh,Duong,minh.duong1616,minh.duong1616@student.sims.edu,,2003-11-12,555-8403,901 Hai Ba Trung,Hue,Electronics
Binh,Do,binh.do1617,binh.do1617@student.sims.edu,,2002-12-16,555-7902,734 Nguyen Hue,Ho Chi Minh,Electronics
Bao,Ly,bao.ly1618,bao.ly1618@student.sims.edu,,2002-07-15,555-8677,536 Hai Ba Trung,Hue,Mathematics
Hoa,Ly,hoa.ly1619,hoa.ly1619@student.sims.edu,,2002-06-22,555-7330,756 Tran Phu,Nha Trang,Physics
Dung,Ly,dung.ly1620,dung.ly1620@student.sims.edu,,2001-11-12,555-1476,791 Hai Ba Trung,Hai Phong,Mathematics
Hai,Huynh,hai.huynh1621,hai.huynh1621@student.sims.edu,,2003-06-02,555-1752,150 Hai Ba Trung,Ho Chi Minh,Business
Duc,Duong,duc.duong1622,duc.duong1622@student.sims.edu,,2001-06-20,555-9795,993 Le Loi,Hue,Mathematics
Dung,Ho,dung.ho1623,dung.ho1623@student.sims.edu,,2001-03-09,555-4290,452 Hai Ba Trung,Ho Chi Minh,Mathematics
An,Tran,an.tran1624,an.tran1624@student.sims.edu,,2004-07-07,555-4360,585 Hai Ba Trung,Da Nang,Business
Hung,Le,hung.le1625,hung.le1625@student.sims.edu,,2002-09-27,555-1042,822 Hai Ba Trung,Ha Noi,Information Technology
An,Ho,an.ho1626,an.ho1626@student.sims.edu,,2002-03-19,555-6905,927 Le Loi,Nha Trang,Electronics
Dung,Vu,dung.vu1627,dung.vu1627@student.sims.edu,,2004-05-15,555-2260,568 Nguyen Hue,Da Nang,Business
Binh,Do,binh.do1628,binh.do1628@student.sims.edu,,2002-06-21,555-1521,508 Hai Ba Trung,Hue,Physics
Khanh,Dang,khanh.dang1629,khanh.dang1629@student.sims.edu,,2004-12-28,555-7340,869 Le Loi,Can Tho,Physics
Son,Vo,son.vo1630,son.vo1630@student.sims.edu,,2005-06-03,555-6952,427 Hai Ba Trung,Ho Chi Minh,Electronics
Quang,Vo,quang.vo1631,quang.vo1631@student.sims.edu,,2001-04-13,555-1027,427 Hai Ba Trung,Can Tho,Computer Science
Quang,Nguyen,quang.nguyen1632,quang.nguyen1632@student.sims.edu,,2005-01-16,555-4651,920 Tran Phu,Nha Trang,Physics
Lan,Bui,lan.bui1633,lan.bui1633@student.sims.edu,,2001-05-09,555-9291,534 Le Loi,Hue,Computer Science
Thu,Ho,thu.ho1634,thu.ho1634@student.sims.edu,,2005-12-04,555-6472,21 Nguyen Hue,Ha Noi,Computer Science
Mai,Ly,mai.ly1635,mai.ly1635@student.sims.edu,,2002-08-08,555-6557,496 Hai Ba Trung,Can Tho,Mathematics
Tuan,Ly,tuan.ly1636,tuan.ly1636@student.sims.edu,,2001-05-02,555-7002,251 Le Loi,Nha Trang,Physics
Phong,Tran,phong.tran1637,phong.tran1637@student.sims.edu,,2004-11-16,555-2982,486 Hai Ba Trung,Nha Trang,Physics
Hai,Ly,hai.ly1638,hai.ly1638@student.sims.edu,,2002-08-27,555-2925,469 Hai Ba Trung,Nha Trang,Electronics
Duc,Bui,duc.bui1639,duc.bui1639@student.sims.edu,,2003-08-27,555-9414,907 Hai Ba Trung,Hai Phong,Electronics
Chi,Pham,chi.pham1640,chi.pham1640@student.sims.edu,,2005-02-09,555-9005,85 Hai Ba Trung,Hai Phong,Information Technology
Hoa,Ngo,hoa.ngo1641,hoa.ngo1641@student.sims.edu,,2001-01-21,555-1251,489 Tran Phu,Can Tho,Business
Linh,Nguyen,linh.nguyen1642,linh.nguyen1642@student.sims.edu,,2004-02-07,555-5610,289 Hai Ba Trung,Hue,Mathematics
Mai,Bui,mai.bui1643,mai.bui1643@student.sims.edu,,2005-02-01,555-1689,399 Tran Phu,Hue,Information Technology
Thu,Dang,thu.dang1644,thu.dang1644@student.sims.edu,,2005-11-06,555-4180,233 Tran Phu,Hue,Information Technology
Bao,Ly,bao.ly1645,bao.ly1645@student.sims.edu,,2004-01-28,555-6385,606 Le Loi,Hue,Business
Nam,Duong,nam.duong1646,nam.duong1646@student.sims.edu,,2001-04-17,555-2879,799 Nguyen Hue,Ho Chi Minh,Information Technology
Ngoc,Dang,ngoc.dang1647,ngoc.dang1647@student.sims.edu,,2003-03-12,555-8063,151 Le Loi,Ho Chi Minh,Physics
Ha,Nguyen,ha.nguyen1648,ha.nguyen1648@student.sims.edu,,2004-08-18,555-5561,159 Le Loi,Can Tho,Mathematics
Vy,Hoang,vy.hoang1649,vy.hoang1649@student.sims.edu,,2002-06-02,555-5407,205 Le Loi,Ho Chi Minh,Electronics
Trang,Duong,trang.duong1650,trang.duong1650@student.sims.edu,,2004-05-23,555-1924,440 Hai Ba Trung,Nha Trang,Computer Science
An,Tran,an.tran1651,an.tran1651@student.sims.edu,,2002-12-27,555-6806,197 Hai Ba Trung,Da Nang,Mathematics
Tam,Ho,tam.ho1652,tam.ho1652@student.sims.edu,,2003-11-09,555-8380,108 Hai Ba Trung,Hue,Information Technology
Hung,Hoang,hung.hoang1653,hung.hoang1653@student.sims.edu,,2001-11-01,555-3978,226 Le Loi,Ha Noi,Mathematics
Khanh,Nguyen,khanh.nguyen1654,khanh.nguyen1654@student.sims.edu,,2004-01-24,555-8822,602 Hai Ba Trung,Hai Phong,Computer Science
Ngoc,Vu,ngoc.vu1655,ngoc.vu1655@student.sims.edu,,2002-10-28,555-7741,361 Hai Ba Trung,Ho Chi Minh,Mathematics
Binh,Do,binh.do1656,binh.do1656@student.sims.edu,,2001-08-06,555-8406,913 Le Loi,Nha Trang,Physics
Linh,Ly,linh.ly1657,linh.ly1657@student.sims.edu,,2005-08-15,555-6508,867 Le Loi,Ho Chi Minh,Mathematics
Tam,Huynh,tam.huynh1658,tam.huynh1658@student.sims.edu,,2005-02-18,555-5434,85 Le Loi,Ho Chi Minh,Electronics
Binh,Tran,binh.tran1659,binh.tran1659@student.sims.edu,,2003-02-22,555-1388,31 Hai Ba Trung,Ha Noi,Mathematics
Trang,Nguyen,trang.nguyen1660,trang.nguyen1660@student.sims.edu,,2001-06-25,555-7680,831 Tran Phu,Hai Phong,Information Technology
Quang,Ly,quang.ly1661,quang.ly1661@student.sims.edu,,2002-03-25,555-1290,762 Le Loi,Can Tho,Mathematics
Thao,Nguyen,thao.nguyen1662,thao.nguyen1662@student.sims.edu,,2003-09-21,555-3313,566 Le Loi,Ha Noi,Mathematics
Hung,Vo,hung.vo1663,hung.vo1663@student.sims.edu,,2003-07-12,555-2236,47 Hai Ba Trung,Hue,Information Technology
Thu,Vo,thu.vo1664,thu.vo1664@student.sims.edu,,2005-05-06,555-6461,287 Nguyen Hue,Da Nang,Computer Science
Thao,Le,thao.le1665,thao.le1665@student.sims.edu,,2004-12-22,555-7407,472 Hai Ba Trung,Ho Chi Minh,Information Technology
An,Do,an.do1666,an.do1666@student.sims.edu,,2005-08-16,555-8405,488 Tran Phu,Ho Chi Minh,Physics
Lan,Ly,lan.ly1667,lan.ly1667@student.sims.edu,,2001-01-11,555-2722,290 Le Loi,Can Tho,Electronics
Hoa,Nguyen,hoa.nguyen1668,hoa.nguyen1668@student.sims.edu,,2003-01-03,555-1389,891 Tran Phu,Nha Trang,Information Technology
Linh,Pham,linh.pham1669,linh.pham1669@student.sims.edu,,2005-02-08,555-4354,644 Hai Ba Trung,Da Nang,Physics
Ngoc,Le,ngoc.le1670,ngoc.le1670@student.sims.edu,,2002-08-01,555-5050,164 Le Loi,Nha Trang,Physics
Khanh,Dang,khanh.dang1671,khanh.dang1671@student.sims.edu,,2005-01-06,555-4133,412 Hai Ba Trung,Nha Trang,Computer Science
Dung,Bui,dung.bui1672,dung.bui1672@student.sims.edu,,2001-02-22,555-9087,613 Nguyen Hue,Nha Trang,Electronics
Yen,Ly,yen.ly1673,yen.ly1673@student.sims.edu,,2005-08-22,555-6416,40 Tran Phu,Hue,Mathematics
Tuan,Bui,tuan.bui1674,tuan.bui1674@student.sims.edu,,2002-05-15,555-5110,488 Nguyen Hue,Hue,Mathematics
Hung,Tran,hung.tran1675,hung.tran1675@student.sims.edu,,2002-02-02,555-8892,26 Le Loi,Hai Phong,Physics
Tam,Dang,tam.dang1676,tam.dang1676@student.sims.edu,,2004-10-17,555-8781,206 Tran Phu,Can Tho,Physics
Khanh,Duong,khanh.duong1677,khanh.duong1677@student.sims.edu,,2005-08-23,555-6601,37 Tran Phu,Nha Trang,Information Technology
Linh,Dang,linh.dang1678,linh.dang1678@student.sims.edu,,2003-12-27,555-3771,234 Hai Ba Trung,Nha Trang,Computer Science
Ngoc,Vo,ngoc.vo1679,ngoc.vo1679@student.sims.edu,,2005-02-04,555-6540,907 Le Loi,Ha Noi,Computer Science
Tam,Le,tam.le1680,tam.le1680@student.sims.edu,,2002-11-01,555-8203,842 Hai Ba Trung,Hai Phong,Physics
Duc,Ly,duc.ly1681,duc.ly1681@student.sims.edu,,2001-07-23,555-5798,310 Nguyen Hue,Ha Noi,Electronics
Yen,Hoang,yen.hoang1682,yen.hoang1682@student.sims.edu,,2002-07-15,555-9403,761 Tran Phu,Hai Phong,Mathematics
Linh,Dang,linh.dang1683,linh.dang1683@student.sims.edu,,2005-03-09,555-9675,854 Nguyen Hue,Da Nang,Mathematics
Hoa,Dang,hoa.dang1684,hoa.dang1684@student.sims.edu,,2002-08-14,555-9374,166 Hai Ba Trung,Nha Trang,Electronics
Thao,Ly,thao.ly1685,thao.ly1685@student.sims.edu,,2005-11-24,555-2918,465 Nguyen Hue,Da Nang,Mathematics
Ha,Vu,ha.vu1686,ha.vu1686@student.sims.edu,,2001-03-20,555-3050,531 Nguyen Hue,Hue,Physics
Bao,Ly,bao.ly1687,bao.ly1687@student.sims.edu,,2005-01-18,555-9265,751 Nguyen Hue,Hai Phong,Mathematics
Quyen,Ngo,quyen.ngo1688,quyen.ngo1688@student.sims.edu,,2003-12-13,555-2092,215 Tran Phu,Ho Chi Minh,Business
Nam,Le,nam.le1689,nam.le1689@student.sims.edu,,2004-03-19,555-2137,565 Le Loi,Ho Chi Minh,Mathematics
Tuan,Do,tuan.do1690,tuan.do1690@student.sims.edu,,2003-01-13,555-4628,38 Le Loi,Da Nang,Electronics
Binh,Ly,binh.ly1691,binh.ly1691@student.sims.edu,,2002-10-14,555-3402,732 Nguyen Hue,Hai Phong,Physics
Linh,Vu,linh.vu1692,linh.vu1692@student.sims.edu,,2004-10-21,555-9191,272 Tran Phu,Nha Trang,Physics
Thao,Pham,thao.pham1693,thao.pham1693@student.sims.edu,,2003-06-17,555-2378,783 Tran Phu,Hue,Physics
Quyen,Nguyen,quyen.nguyen1694,quyen.nguyen1694@student.sims.edu,,2001-12-24,555-1351,639 Nguyen Hue,Ho Chi Minh,Computer Science
Ngoc,Huynh,ngoc.huynh1695,ngoc.huynh1695@student.sims.edu,,2004-04-22,555-4018,555 Nguyen Hue,Hai Phong,Computer Science
Mai,Ngo,mai.ngo1696,mai.ngo1696@student.sims.edu,,2002-06-17,555-2401,182 Le Loi,Ha Noi,Electronics
Thao,Ngo,thao.ngo1697,thao.ngo1697@student.sims.edu,,2004-07-26,555-4375,608 Le Loi,Hue,Information Technology
Minh,Ngo,minh.ngo1698,minh.ngo1698@student.sims.edu,,2001-08-27,555-2864,679 Le Loi,Nha Trang,Information Technology
Nga,Ho,nga.ho1699,nga.ho1699@student.sims.edu,,2002-08-07,555-6862,549 Nguyen Hue,Da Nang,Physics
Phong,Ho,phong.ho1700,phong.ho1700@student.sims.edu,,2004-11-05,555-1418,263 Tran Phu,Hai Phong,Business
Hoa,Nguyen,hoa.nguyen1701,hoa.nguyen1701@student.sims.edu,,2005-01-03,555-1994,501 Hai Ba Trung,Can Tho,Information Technology
Minh,Huynh,minh.huynh1702,minh.huynh1702@student.sims.edu,,2002-08-07,555-3633,561 Le Loi,Can Tho,Physics
Thu,Vu,thu.vu1703,thu.vu1703@student.sims.edu,,2001-09-21,555-7525,524 Tran Phu,Ha Noi,Electronics
Ha,Hoang,ha.hoang1704,ha.hoang1704@student.sims.edu,,2005-02-20,555-3103,736 Le Loi,Hai Phong,Physics
Trang,Duong,trang.duong1705,trang.duong1705@student.sims.edu,,2003-08-20,555-6471,438 Le Loi,Ha Noi,Business
Son,Ho,son.ho1706,son.ho1706@student.sims.edu,,2001-03-02,555-9540,871 Tran Phu,Nha Trang,Information Technology
Linh,Tran,linh.tran1707,linh.tran1707@student.sims.edu,,2001-03-12,555-9936,187 Nguyen Hue,Da Nang,Physics
Lan,Tran,lan.tran1708,lan.tran1708@student.sims.edu,,2001-04-26,555-3792,225 Hai Ba Trung,Can Tho,Physics
Hung,Duong,hung.duong1709,hung.duong1709@student.sims.edu,,2003-07-14,555-7746,141 Tran Phu,Hai Phong,Mathematics
Thu,Dang,thu.dang1710,thu.dang1710@student.sims.edu,,2001-09-17,555-7407,120 Nguyen Hue,Hue,Computer Science
Tam,Le,tam.le1711,tam.le1711@student.sims.edu,,2003-10-24,555-2791,169 Tran Phu,Ho Chi Minh,Electronics
Nam,Vu,nam.vu1712,nam.vu1712@student.sims.edu,,2001-04-22,555-7728,495 Hai Ba Trung,Hue,Physics
Bao,Duong,bao.duong1713,bao.duong1713@student.sims.edu,,2004-07-17,555-9921,170 Le Loi,Ha Noi,Information Technology
Giang,Vu,giang.vu1714,giang.vu1714@student.sims.edu,,2001-07-23,555-9343,712 Le Loi,Ha Noi,Mathematics
Binh,Nguyen,binh.nguyen1715,binh.nguyen1715@student.sims.edu,,2001-03-03,555-2517,848 Hai Ba Trung,Ha Noi,Mathematics
Linh,Le,linh.le1716,linh.le1716@student.sims.edu,,2005-10-20,555-3918,564 Le Loi,Hai Phong,Mathematics
Khanh,Ly,khanh.ly1717,khanh.ly1717@student.sims.edu,,2004-11-21,555-4354,8 Hai Ba Trung,Da Nang,Information Technology
Dung,Duong,dung.duong1718,dung.duong1718@student.sims.edu,,2004-09-19,555-2339,183 Nguyen Hue,Hue,Business
Phong,Ly,phong.ly1719,phong.ly1719@student.sims.edu,,2004-09-04,555-6505,722 Hai Ba Trung,Da Nang,Computer Science
Minh,Do,minh.do1720,minh.do1720@student.sims.edu,,2003-01-28,555-5096,203 Nguyen Hue,Nha Trang,Physics
Phong,Pham,phong.pham1721,phong.pham1721@student.sims.edu,,2005-01-09,555-7776,633 Hai Ba Trung,Can Tho,Business
Khanh,Pham,khanh.pham1722,khanh.pham1722@student.sims.edu,,2001-04-18,555-9608,540 Nguyen Hue,Ha Noi,Business
Hung,Tran,hung.tran1723,hung.tran1723@student.sims.edu,,2002-03-25,555-3029,302 Le Loi,Ho Chi Minh,Information Technology
Hoa,Tran,hoa.tran1724,hoa.tran1724@student.sims.edu,,2003-03-05,555-4464,394 Tran Phu,Nha Trang,Mathematics
Khanh,Ngo,khanh.ngo1725,khanh.ngo1725@student.sims.edu,,2005-06-15,555-1966,35 Tran Phu,Da Nang,Business
Lan,Hoang,lan.hoang1726,lan.hoang1726@student.sims.edu,,2001-02-25,555-1565,822 Le Loi,Ha Noi,Physics
Tuan,Ngo,tuan.ngo1727,tuan.ngo1727@student.sims.edu,,2005-09-22,555-6570,814 Nguyen Hue,Hai Phong,Physics
Mai,Tran,mai.tran1728,mai.tran1728@student.sims.edu,,2003-02-15,555-7642,778 Hai Ba Trung,Hue,Information Technology
Binh,Pham,binh.pham1729,binh.pham1729@student.sims.edu,,2003-09-17,555-5897,932 Nguyen Hue,Hai Phong,Electronics
Trang,Duong,trang.duong1730,trang.duong1730@student.sims.edu,,2004-10-25,555-9180,913 Hai Ba Trung,Hai Phong,Physics
Tam,Vu,tam.vu1731,tam.vu1731@student.sims.edu,,2001-06-13,555-7664,624 Hai Ba Trung,Can Tho,Mathematics
Tam,Do,tam.do1732,tam.do1732@student.sims.edu,,2002-01-25,555-1840,789 Nguyen Hue,Ho Chi Minh,Mathematics
Thao,Ho,thao.ho1733,thao.ho1733@student.sims.edu,,2002-09-27,555-4968,978 Nguyen Hue,Hai Phong,Mathematics
An,Ho,an.ho1734,an.ho1734@student.sims.edu,,2002-05-12,555-7749,244 Le Loi,Hue,Information Technology
An,Vu,an.vu1735,an.vu1735@student.sims.edu,,2001-07-18,555-1564,383 Le Loi,Ha Noi,Physics
Nam,Nguyen,nam.nguyen1736,nam.nguyen1736@student.sims.edu,,2001-04-01,555-1488,302 Tran Phu,Nha Trang,Mathematics
Binh,Nguyen,binh.nguyen1737,binh.nguyen1737@student.sims.edu,,2004-12-17,555-3825,401 Nguyen Hue,Hai Phong,Mathematics
Phong,Ho,phong.ho1738,phong.ho1738@student.sims.edu,,2001-09-01,555-5663,452 Tran Phu,Can Tho,Computer Science
Hoa,Nguyen,hoa.nguyen1739,hoa.nguyen1739@student.sims.edu,,2005-05-06,555-3739,835 Hai Ba Trung,Hue,Mathematics
Chi,Dang,chi.dang1740,chi.dang1740@student.sims.edu,,2002-08-12,555-5988,777 Le Loi,Hue,Business
An,Nguyen,an.nguyen1741,an.nguyen1741@student.sims.edu,,2002-12-01,555-2813,157 Hai Ba Trung,Ha Noi,Information Technology
Thu,Ly,thu.ly1742,thu.ly1742@student.sims.edu,,2003-10-14,555-3195,764 Hai Ba Trung,Ho Chi Minh,Computer Science
Thu,Pham,thu.pham1743,thu.pham1743@student.sims.edu,,2003-04-16,555-2158,504 Hai Ba Trung,Hue,Physics
Tam,Hoang,tam.hoang1744,tam.hoang1744@student.sims.edu,,2003-09-14,555-7533,14 Le Loi,Ho Chi Minh,Computer Science
Duc,Vo,duc.vo1745,duc.vo1745@student.sims.edu,,2005-10-08,555-4924,23 Hai Ba Trung,Ha Noi,Business
Dung,Vu,dung.vu1746,dung.vu1746@student.sims.edu,,2005-02-12,555-6986,741 Tran Phu,Ho Chi Minh,Mathematics
Bao,Pham,bao.pham1747,bao.pham1747@student.sims.edu,,2005-11-06,555-9146,947 Hai Ba Trung,Ha Noi,Electronics
Duc,Ho,duc.ho1748,duc.ho1748@student.sims.edu,,2003-06-22,555-3287,177 Hai Ba Trung,Ha Noi,Business
Hoa,Ngo,hoa.ngo1749,hoa.ngo1749@student.sims.edu,,2002-06-03,555-1517,498 Nguyen Hue,Can Tho,Information Technology
Thu,Hoang,thu.hoang1750,thu.hoang1750@student.sims.edu,,2002-11-02,555-6604,95 Tran Phu,Can Tho,Computer Science
Nga,Le,nga.le1751,nga.le1751@student.sims.edu,,2002-04-26,555-5413,658 Tran Phu,Ha Noi,Business
Son,Dang,son.dang1752,son.dang1752@student.sims.edu,,2003-02-08,555-9252,769 Hai Ba Trung,Nha Trang,Computer Science
Yen,Vo,yen.vo1753,yen.vo1753@student.sims.edu,,2003-12-28,555-6421,308 Tran Phu,Ha Noi,Business
Quang,Dang,quang.dang1754,quang.dang1754@student.sims.edu,,2004-12-26,555-7935,125 Tran Phu,Hue,Electronics
Hung,Ho,hung.ho1755,hung.ho1755@student.sims.edu,,2005-05-08,555-3316,858 Nguyen Hue,Ha Noi,Mathematics
Quyen,Pham,quyen.pham1756,quyen.pham1756@student.sims.edu,,2004-11-13,555-9852,281 Tran Phu,Can Tho,Computer Science
Hoa,Vu,hoa.vu1757,hoa.vu1757@student.sims.edu,,2004-09-13,555-1978,358 Hai Ba Trung,Hue,Electronics
Thao,Le,thao.le1758,thao.le1758@student.sims.edu,,2003-01-17,555-7489,692 Le Loi,Ha Noi,Physics
Binh,Nguyen,binh.nguyen1759,binh.nguyen1759@student.sims.edu,,2001-02-18,555-9043,773 Tran Phu,Hai Phong,Mathematics
Quyen,Ho,quyen.ho1760,quyen.ho1760@student.sims.edu,,2005-05-15,555-4142,296 Hai Ba Trung,Can Tho,Information Technology
Lan,Ho,lan.ho1761,lan.ho1761@student.sims.edu,,2005-03-27,555-7990,240 Nguyen Hue,Da Nang,Mathematics
Tam,Ly,tam.ly1762,tam.ly1762@student.sims.edu,,2001-02-11,555-8903,178 Tran Phu,Ha Noi,Business
Giang,Le,giang.le1763,giang.le1763@student.sims.edu,,2004-03-04,555-8725,817 Tran Phu,Hue,Physics
Ngoc,Pham,ngoc.pham1764,ngoc.pham1764@student.sims.edu,,2003-04-10,555-2673,628 Tran Phu,Da Nang,Electronics
Mai,Dang,mai.dang1765,mai.dang1765@student.sims.edu,,2001-04-22,555-1498,977 Tran Phu,Hai Phong,Information Technology
Lan,Duong,lan.duong1766,lan.duong1766@student.sims.edu,,2003-10-22,555-2846,569 Hai Ba Trung,Nha Trang,Information Technology
Ha,Huynh,ha.huynh1767,ha.huynh1767@student.sims.edu,,2003-07-12,555-8355,983 Tran Phu,Hai Phong,Business
Phong,Do,phong.do1768,phong.do1768@student.sims.edu,,2005-02-08,555-5019,320 Le Loi,Ha Noi,Information Technology
Quyen,Vu,quyen.vu1769,quyen.vu1769@student.sims.edu,,2003-08-09,555-2865,624 Le Loi,Ho Chi Minh,Electronics
Minh,Duong,minh.duong1770,minh.duong1770@student.sims.edu,,2001-03-18,555-1674,26 Le Loi,Da Nang,Business
Ha,Vo,ha.vo1771,ha.vo1771@student.sims.edu,,2002-04-21,555-1308,435 Le Loi,Da Nang,Information Technology
Thu,Tran,thu.tran1772,thu.tran1772@student.sims.edu,,2003-02-11,555-5758,217 Hai Ba Trung,Da Nang,Information Technology
Hoa,Tran,hoa.tran1773,hoa.tran1773@student.sims.edu,,2003-09-06,555-1242,987 Tran Phu,Ho Chi Minh,Computer Science
Phong,Do,phong.do1774,phong.do1774@student.sims.edu,,2001-01-15,555-5742,560 Tran Phu,Can Tho,Physics
Nam,Do,nam.do1775,nam.do1775@student.sims.edu,,2003-05-10,555-4590,238 Nguyen Hue,Da Nang,Mathematics
Mai,Vu,mai.vu1776,mai.vu1776@student.sims.edu,,2001-03-01,555-5318,587 Hai Ba Trung,Can Tho,Physics
Hoa,Le,hoa.le1777,hoa.le1777@student.sims.edu,,2003-01-20,555-6023,29 Tran Phu,Can Tho,Electronics
Hai,Ho,hai.ho1778,hai.ho1778@student.sims.edu,,2003-03-26,555-5033,21 Nguyen Hue,Ha Noi,Computer Science
Hoa,Huynh,hoa.huynh1779,hoa.huynh1779@student.sims.edu,,2001-11-08,555-8714,961 Nguyen Hue,Hue,Computer Science
Giang,Pham,giang.pham1780,giang.pham1780@student.sims.edu,,2004-10-07,555-7044,649 Tran Phu,Ho Chi Minh,Business
Bao,Vo,bao.vo1781,bao.vo1781@student.sims.edu,,2003-05-07,555-8047,128 Le Loi,Ho Chi Minh,Physics
Hung,Ngo,hung.ngo1782,hung.ngo1782@student.sims.edu,,2005-01-20,555-2465,922 Tran Phu,Nha Trang,Business
Hung,Vu,hung.vu1783,hung.vu1783@student.sims.edu,,2005-12-21,555-7393,700 Hai Ba Trung,Hue,Electronics
Vy,Dang,vy.dang1784,vy.dang1784@student.sims.edu,,2004-11-22,555-3228,480 Nguyen Hue,Hue,Physics
Trang,Vo,trang.vo1785,trang.vo1785@student.sims.edu,,2003-04-27,555-3775,583 Le Loi,Ha Noi,Electronics
Hai,Nguyen,hai.nguyen1786,hai.nguyen1786@student.sims.edu,,2005-11-28,555-4389,312 Nguyen Hue,Hai Phong,Information Technology
Thu,Duong,thu.duong1787,thu.duong1787@student.sims.edu,,2004-06-23,555-1995,977 Nguyen Hue,Ho Chi Minh,Computer Science
Quyen,Vo,quyen.vo1788,quyen.vo1788@student.sims.edu,,2003-08-18,555-2621,232 Le Loi,Can Tho,Computer Science
Duc,Huynh,duc.huynh1789,duc.huynh1789@student.sims.edu,,2002-06-06,555-4868,33 Hai Ba Trung,Ho Chi Minh,Information Technology
Minh,Ngo,minh.ngo1790,minh.ngo1790@student.sims.edu,,2001-08-04,555-8974,915 Hai Ba Trung,Hai Phong,Mathematics
Mai,Dang,mai.dang1791,mai.dang1791@student.sims.edu,,2004-08-06,555-6045,549 Tran Phu,Da Nang,Business
Tuan,Do,tuan.do1792,tuan.do1792@student.sims.edu,,2005-05-16,555-8643,259 Le Loi,Hai Phong,Business
Minh,Pham,minh.pham1793,minh.pham1793@student.sims.edu,,2002-01-07,555-3756,879 Nguyen Hue,Da Nang,Business
Bao,Tran,bao.tran1794,bao.tran1794@student.sims.edu,,2005-09-18,555-3236,689 Le Loi,Hai Phong,Mathematics
Duc,Bui,duc.bui1795,duc.bui1795@student.sims.edu,,2001-11-28,555-5356,863 Tran Phu,Nha Trang,Physics
Duc,Tran,duc.tran1796,duc.tran1796@student.sims.edu,,2002-07-23,555-8416,760 Nguyen Hue,Da Nang,Electronics
Trang,Bui,trang.bui1797,trang.bui1797@student.sims.edu,,2005-02-15,555-1214,680 Le Loi,Ha Noi,Electronics
Quyen,Ho,quyen.ho1798,quyen.ho1798@student.sims.edu,,2002-04-19,555-1557,603 Le Loi,Ho Chi Minh,Physics
Lan,Huynh,lan.huynh1799,lan.huynh1799@student.sims.edu,,2005-03-09,555-3426,150 Le Loi,Can Tho,Mathematics
Quyen,Dang,quyen.dang1800,quyen.dang1800@student.sims.edu,,2002-02-11,555-6163,207 Nguyen Hue,Ho Chi Minh,Electronics
An,Vo,an.vo1801,an.vo1801@student.sims.edu,,2002-04-09,555-4814,923 Le Loi,Can Tho,Mathematics
Quang,Tran,quang.tran1802,quang.tran1802@student.sims.edu,,2003-03-13,555-4853,284 Tran Phu,Da Nang,Computer Science
Son,Ngo,son.ngo1803,son.ngo1803@student.sims.edu,,2004-02-22,555-7612,271 Nguyen Hue,Da Nang,Mathematics
Dung,Huynh,dung.huynh1804,dung.huynh1804@student.sims.edu,,2003-07-04,555-5080,428 Tran Phu,Da Nang,Information Technology
Ngoc,Vo,ngoc.vo1805,ngoc.vo1805@student.sims.edu,,2002-09-27,555-8357,648 Le Loi,Ho Chi Minh,Business
Yen,Ngo,yen.ngo1806,yen.ngo1806@student.sims.edu,,2005-11-10,555-4257,58 Tran Phu,Hai Phong,Business
Mai,Dang,mai.dang1807,mai.dang1807@student.sims.edu,,2002-08-16,555-7304,116 Nguyen Hue,Ha Noi,Electronics
Vy,Pham,vy.pham1808,vy.pham1808@student.sims.edu,,2001-01-28,555-7198,422 Le Loi,Hai Phong,Electronics
Thao,Vu,thao.vu1809,thao.vu1809@student.sims.edu,,2005-12-24,555-3835,956 Nguyen Hue,Can Tho,Physics
An,Le,an.le1810,an.le1810@student.sims.edu,,2003-05-22,555-3208,553 Tran Phu,Nha Trang,Business
Dung,Ngo,dung.ngo1811,dung.ngo1811@student.sims.edu,,2005-04-08,555-2434,875 Nguyen Hue,Ha Noi,Computer Science
Quang,Ho,quang.ho1812,quang.ho1812@student.sims.edu,,2003-06-06,555-8175,760 Hai Ba Trung,Ha Noi,Business
Yen,Vo,yen.vo1813,yen.vo1813@student.sims.edu,,2005-03-02,555-1806,720 Hai Ba Trung,Hue,Electronics
Hoa,Do,hoa.do1814,hoa.do1814@student.sims.edu,,2004-04-28,555-7903,100 Tran Phu,Da Nang,Mathematics
Linh,Ngo,linh.ngo1815,linh.ngo1815@student.sims.edu,,2004-05-24,555-3951,498 Le Loi,Ho Chi Minh,Physics
Son,Vu,son.vu1816,son.vu1816@student.sims.edu,,2002-05-14,555-2675,718 Hai Ba Trung,Hai Phong,Mathematics
Quyen,Hoang,quyen.hoang1817,quyen.hoang1817@student.sims.edu,,2001-04-24,555-8666,661 Tran Phu,Can Tho,Computer Science
Hai,Bui,hai.bui1818,hai.bui1818@student.sims.edu,,2001-07-22,555-2980,345 Le Loi,Nha Trang,Mathematics
Vy,Nguyen,vy.nguyen1819,vy.nguyen1819@student.sims.edu,,2005-02-08,555-2951,389 Tran Phu,Ho Chi Minh,Physics
Mai,Ngo,mai.ngo1820,mai.ngo1820@student.sims.edu,,2005-03-02,555-2623,374 Tran Phu,Ha Noi,Electronics
Chi,Ngo,chi.ngo1821,chi.ngo1821@student.sims.edu,,2004-03-28,555-9289,901 Tran Phu,Ho Chi Minh,Computer Science
Hoa,Dang,hoa.dang1822,hoa.dang1822@student.sims.edu,,2003-09-23,555-7365,819 Tran Phu,Can Tho,Mathematics
Trang,Hoang,trang.hoang1823,trang.hoang1823@student.sims.edu,,2005-06-02,555-1367,808 Tran Phu,Da Nang,Computer Science
Khanh,Ngo,khanh.ngo1824,khanh.ngo1824@student.sims.edu,,2002-08-04,555-2045,809 Nguyen Hue,Hue,Computer Science
Mai,Ly,mai.ly1825,mai.ly1825@student.sims.edu,,2002-06-04,555-5108,748 Hai Ba Trung,Nha Trang,Business
Hoa,Ho,hoa.ho1826,hoa.ho1826@student.sims.edu,,2005-08-24,555-7919,266 Le Loi,Ho Chi Minh,Computer Science
Hai,Do,hai.do1827,hai.do1827@student.sims.edu,,2005-03-07,555-9742,564 Tran Phu,Can Tho,Computer Science
Trang,Ngo,trang.ngo1828,trang.ngo1828@student.sims.edu,,2002-07-08,555-4570,975 Tran Phu,Nha Trang,Electronics
Binh,Nguyen,binh.nguyen1829,binh.nguyen1829@student.sims.edu,,2005-10-12,555-5335,848 Le Loi,Da Nang,Physics
Trang,Ly,trang.ly1830,trang.ly1830@student.sims.edu,,2005-12-08,555-8527,670 Nguyen Hue,Hai Phong,Computer Science
Ngoc,Pham,ngoc.pham1831,ngoc.pham1831@student.sims.edu,,2003-01-12,555-8888,648 Le Loi,Hai Phong,Physics
Nga,Nguyen,nga.nguyen1832,nga.nguyen1832@student.sims.edu,,2003-12-06,555-1047,519 Tran Phu,Can Tho,Electronics
Vy,Ho,vy.ho1833,vy.ho1833@student.sims.edu,,2002-04-01,555-3187,176 Hai Ba Trung,Hue,Computer Science
Chi,Dang,chi.dang1834,chi.dang1834@student.sims.edu,,2002-03-12,555-4401,58 Tran Phu,Ha Noi,Information Technology
Quyen,Tran,quyen.tran1835,quyen.tran1835@student.sims.edu,,2001-05-09,555-5770,318 Le Loi,Ho Chi Minh,Electronics
An,Le,an.le1836,an.le1836@student.sims.edu,,2004-05-11,555-9250,705 Hai Ba Trung,Ha Noi,Electronics
Thao,Dang,thao.dang1837,thao.dang1837@student.sims.edu,,2005-07-17,555-9963,241 Nguyen Hue,Hue,Electronics
Trang,Ngo,trang.ngo1838,trang.ngo1838@student.sims.edu,,2003-02-07,555-3238,274 Tran Phu,Ho Chi Minh,Business
Duc,Vu,duc.vu1839,duc.vu1839@student.sims.edu,,2005-06-23,555-5288,832 Tran Phu,Nha Trang,Mathematics
Trang,Nguyen,trang.nguyen1840,trang.nguyen1840@student.sims.edu,,2003-08-14,555-4406,224 Hai Ba Trung,Hue,Electronics
Tuan,Bui,tuan.bui1841,tuan.bui1841@student.sims.edu,,2004-07-22,555-3654,555 Hai Ba Trung,Nha Trang,Business
Yen,Vu,yen.vu1842,yen.vu1842@student.sims.edu,,2002-06-12,555-7647,371 Nguyen Hue,Da Nang,Information Technology
Hai,Vo,hai.vo1843,hai.vo1843@student.sims.edu,,2003-08-06,555-2021,856 Tran Phu,Can Tho,Computer Science
Ha,Hoang,ha.hoang1844,ha.hoang1844@student.sims.edu,,2004-05-06,555-3811,90 Le Loi,Can Tho,Information Technology
Quang,Nguyen,quang.nguyen1845,quang.nguyen1845@student.sims.edu,,2005-03-10,555-8797,322 Tran Phu,Ha Noi,Physics
Yen,Do,yen.do1846,yen.do1846@student.sims.edu,,2001-05-05,555-2731,518 Tran Phu,Ho Chi Minh,Business
Mai,Vu,mai.vu1847,mai.vu1847@student.sims.edu,,2003-02-12,555-5966,183 Nguyen Hue,Nha Trang,Electronics
Minh,Do,minh.do1848,minh.do1848@student.sims.edu,,2004-05-27,555-9187,770 Nguyen Hue,Nha Trang,Physics
Quang,Le,quang.le1849,quang.le1849@student.sims.edu,,2002-06-11,555-2593,934 Tran Phu,Hai Phong,Business
Nga,Dang,nga.dang1850,nga.dang1850@student.sims.edu,,2001-01-20,555-9703,799 Hai Ba Trung,Hue,Electronics
Trang,Duong,trang.duong1851,trang.duong1851@student.sims.edu,,2003-04-07,555-5298,535 Hai Ba Trung,Nha Trang,Information Technology
Nga,Vo,nga.vo1852,nga.vo1852@student.sims.edu,,2005-03-19,555-3693,771 Nguyen Hue,Ho Chi Minh,Mathematics
Son,Hoang,son.hoang1853,son.hoang1853@student.sims.edu,,2005-10-02,555-9878,410 Le Loi,Can Tho,Physics
Hung,Nguyen,hung.nguyen1854,hung.nguyen1854@student.sims.edu,,2005-10-12,555-4872,943 Hai Ba Trung,Can Tho,Computer Science
Tuan,Ho,tuan.ho1855,tuan.ho1855@student.sims.edu,,2005-09-15,555-1466,786 Le Loi,Da Nang,Business
Ha,Tran,ha.tran1856,ha.tran1856@student.sims.edu,,2003-08-21,555-6668,371 Le Loi,Can Tho,Electronics
Thu,Bui,thu.bui1857,thu.bui1857@student.sims.edu,,2004-06-16,555-8584,907 Le Loi,Nha Trang,Computer Science
Duc,Le,duc.le1858,duc.le1858@student.sims.edu,,2001-08-05,555-4639,109 Nguyen Hue,Nha Trang,Physics
Lan,Tran,lan.tran1859,lan.tran1859@student.sims.edu,,2003-09-12,555-4014,332 Nguyen Hue,Ho Chi Minh,Physics
Yen,Vo,yen.vo1860,yen.vo1860@student.sims.edu,,2004-01-28,555-7176,95 Tran Phu,Can Tho,Business
Quyen,Do,quyen.do1861,quyen.do1861@student.sims.edu,,2002-08-01,555-4916,42 Nguyen Hue,Ha Noi,Physics
Tuan,Dang,tuan.dang1862,tuan.dang1862@student.sims.edu,,2002-11-24,555-3854,555 Tran Phu,Nha Trang,Electronics
Chi,Dang,chi.dang1863,chi.dang1863@student.sims.edu,,2001-03-02,555-8766,331 Nguyen Hue,Hai Phong,Business
Duc,Le,duc.le1864,duc.le1864@student.sims.edu,,2002-03-17,555-9575,139 Hai Ba Trung,Nha Trang,Information Technology
Binh,Ho,binh.ho1865,binh.ho1865@student.sims.edu,,2002-05-16,555-2146,331 Le Loi,Hai Phong,Information Technology
Giang,Tran,giang.tran1866,giang.tran1866@student.sims.edu,,2001-07-06,555-1271,661 Hai Ba Trung,Hue,Computer Science
Thao,Duong,thao.duong1867,thao.duong1867@student.sims.edu,,2001-12-03,555-3629,438 Hai Ba Trung,Can Tho,Electronics
Nam,Vo,nam.vo1868,nam.vo1868@student.sims.edu,,2003-08-08,555-4253,843 Le Loi,Can Tho,Mathematics
Tam,Pham,tam.pham1869,tam.pham1869@student.sims.edu,,2004-02-20,555-5721,87 Tran Phu,Ho Chi Minh,Information Technology
Quang,Huynh,quang.huynh1870,quang.huynh1870@student.sims.edu,,2005-07-19,555-4857,678 Tran Phu,Nha Trang,Electronics
Tam,Dang,tam.dang1871,tam.dang1871@student.sims.edu,,2004-08-04,555-7402,422 Hai Ba Trung,Hue,Business
Son,Ly,son.ly1872,son.ly1872@student.sims.edu,,2005-01-16,555-4080,964 Tran Phu,Hue,Physics
Bao,Dang,bao.dang1873,bao.dang1873@student.sims.edu,,2001-05-22,555-4726,937 Nguyen Hue,Hai Phong,Electronics
Minh,Ho,minh.ho1874,minh.ho1874@student.sims.edu,,2002-06-23,555-8367,335 Nguyen Hue,Ho Chi Minh,Electronics
Hung,Duong,hung.duong1875,hung.duong1875@student.sims.edu,,2001-05-17,555-9871,608 Le Loi,Nha Trang,Information Technology
Tam,Ho,tam.ho1876,tam.ho1876@student.sims.edu,,2002-05-14,555-3134,827 Tran Phu,Hue,Information Technology
Hoa,Ly,hoa.ly1877,hoa.ly1877@student.sims.edu,,2003-11-27,555-6308,29 Hai Ba Trung,Ho Chi Minh,Physics
Ngoc,Nguyen,ngoc.nguyen1878,ngoc.nguyen1878@student.sims.edu,,2001-09-06,555-2235,532 Nguyen Hue,Nha Trang,Electronics
Vy,Bui,vy.bui1879,vy.bui1879@student.sims.edu,,2002-03-15,555-7790,32 Tran Phu,Can Tho,Mathematics
Thu,Le,thu.le1880,thu.le1880@student.sims.edu,,2005-11-16,555-6286,975 Nguyen Hue,Ha Noi,Information Technology
Nam,Pham,nam.pham1881,nam.pham1881@student.sims.edu,,2001-04-03,555-3339,250 Hai Ba Trung,Ha Noi,Physics
Hai,Le,hai.le1882,hai.le1882@student.sims.edu,,2005-04-01,555-1381,525 Le Loi,Nha Trang,Information Technology
Minh,Ngo,minh.ngo1883,minh.ngo1883@student.sims.edu,,2002-01-20,555-5994,196 Nguyen Hue,Hai Phong,Mathematics
Dung,Ngo,dung.ngo1884,dung.ngo1884@student.sims.edu,,2001-06-10,555-5702,580 Tran Phu,Da Nang,Business
An,Ho,an.ho1885,an.ho1885@student.sims.edu,,2005-08-07,555-1806,23 Tran Phu,Nha Trang,Physics
Hai,Bui,hai.bui1886,hai.bui1886@student.sims.edu,,2004-12-13,555-3352,754 Nguyen Hue,Ho Chi Minh,Information Technology
Yen,Nguyen,yen.nguyen1887,yen.nguyen1887@student.sims.edu,,2004-12-22,555-8910,142 Tran Phu,Ha Noi,Electronics
Son,Hoang,son.hoang1888,son.hoang1888@student.sims.edu,,2004-01-16,555-4927,544 Le Loi,Ho Chi Minh,Computer Science
Hoa,Vu,hoa.vu1889,hoa.vu1889@student.sims.edu,,2001-12-09,555-9060,562 Hai Ba Trung,Hue,Mathematics
Phong,Le,phong.le1890,phong.le1890@student.sims.edu,,2001-12-21,555-3127,265 Le Loi,Can Tho,Electronics
Phong,Vu,phong.vu1891,phong.vu1891@student.sims.edu,,2003-01-12,555-4204,340 Nguyen Hue,Hai Phong,Business
Nga,Ho,nga.ho1892,nga.ho1892@student.sims.edu,,2004-08-14,555-7710,492 Nguyen Hue,Can Tho,Business
Linh,Nguyen,linh.nguyen1893,linh.nguyen1893@student.sims.edu,,2003-01-22,555-3430,744 Hai Ba Trung,Can Tho,Mathematics
Chi,Vu,chi.vu1894,chi.vu1894@student.sims.edu,,2001-05-20,555-5277,929 Nguyen Hue,Hue,Physics
Ngoc,Bui,ngoc.bui1895,ngoc.bui1895@student.sims.edu,,2001-02-27,555-3465,59 Le Loi,Hai Phong,Business
Tuan,Duong,tuan.duong1896,tuan.duong1896@student.sims.edu,,2003-06-02,555-2003,463 Nguyen Hue,Ho Chi Minh,Electronics
Thao,Dang,thao.dang1897,thao.dang1897@student.sims.edu,,2002-04-20,555-4478,130 Tran Phu,Hue,Information Technology
Khanh,Vo,khanh.vo1898,khanh.vo1898@student.sims.edu,,2002-01-28,555-9200,743 Hai Ba Trung,Hue,Business
Hai,Pham,hai.pham1899,hai.pham1899@student.sims.edu,,2002-04-16,555-6308,465 Tran Phu,Hai Phong,Business
Nam,Pham,nam.pham1900,nam.pham1900@student.sims.edu,,2004-04-01,555-4046,702 Hai Ba Trung,Ha Noi,Mathematics
Khanh,Huynh,khanh.huynh1901,khanh.huynh1901@student.sims.edu,,2004-07-09,555-1015,985 Nguyen Hue,Hue,Physics
Dung,Ly,dung.ly1902,dung.ly1902@student.sims.edu,,2002-11-04,555-5491,306 Le Loi,Can Tho,Physics
Thu,Ho,thu.ho1903,thu.ho1903@student.sims.edu,,2001-05-15,555-2063,692 Le Loi,Can Tho,Information Technology
Quang,Huynh,quang.huynh1904,quang.huynh1904@student.sims.edu,,2003-10-14,555-1684,731 Tran Phu,Hai Phong,Information Technology
Quyen,Do,quyen.do1905,quyen.do1905@student.sims.edu,,2003-07-11,555-2726,566 Le Loi,Hue,Business
Ngoc,Nguyen,ngoc.nguyen1906,ngoc.nguyen1906@student.sims.edu,,2002-01-01,555-8045,974 Nguyen Hue,Hai Phong,Mathematics
Thao,Huynh,thao.huynh1907,thao.huynh1907@student.sims.edu,,2003-02-07,555-3612,197 Le Loi,Can Tho,Business
Duc,Hoang,duc.hoang1908,duc.hoang1908@student.sims.edu,,2002-09-15,555-7345,591 Tran Phu,Can Tho,Business
Lan,Ho,lan.ho1909,lan.ho1909@student.sims.edu,,2004-01-22,555-2331,194 Nguyen Hue,Nha Trang,Computer Science
Quyen,Vu,quyen.vu1910,quyen.vu1910@student.sims.edu,,2001-12-26,555-6488,653 Nguyen Hue,Hai Phong,Business
Giang,Do,giang.do1911,giang.do1911@student.sims.edu,,2005-01-06,555-9160,829 Nguyen Hue,Hai Phong,Computer Science
Minh,Le,minh.le1912,minh.le1912@student.sims.edu,,2004-10-12,555-3036,903 Tran Phu,Nha Trang,Computer Science
Chi,Duong,chi.duong1913,chi.duong1913@student.sims.edu,,2001-05-03,555-8237,357 Tran Phu,Hai Phong,Information Technology
Khanh,Hoang,khanh.hoang1914,khanh.hoang1914@student.sims.edu,,2002-12-15,555-4551,611 Tran Phu,Hai Phong,Electronics
Bao,Ly,bao.ly1915,bao.ly1915@student.sims.edu,,2005-10-14,555-2093,591 Nguyen Hue,Da Nang,Computer Science
Linh,Huynh,linh.huynh1916,linh.huynh1916@student.sims.edu,,2004-04-15,555-7517,492 Nguyen Hue,Ho Chi Minh,Mathematics
Yen,Hoang,yen.hoang1917,yen.hoang1917@student.sims.edu,,2001-06-26,555-3568,267 Le Loi,Nha Trang,Electronics
Trang,Ngo,trang.ngo1918,trang.ngo1918@student.sims.edu,,2002-07-04,555-4934,868 Tran Phu,Nha Trang,Information Technology
Minh,Vo,minh.vo1919,minh.vo1919@student.sims.edu,,2001-08-06,555-3080,596 Hai Ba Trung,Ha Noi,Information Technology
Mai,Huynh,mai.huynh1920,mai.huynh1920@student.sims.edu,,2004-12-17,555-1641,288 Le Loi,Hue,Information Technology
Linh,Duong,linh.duong1921,linh.duong1921@student.sims.edu,,2002-01-09,555-3040,312 Nguyen Hue,Nha Trang,Mathematics
Quang,Duong,quang.duong1922,quang.duong1922@student.sims.edu,,2001-05-05,555-7022,423 Hai Ba Trung,Hai Phong,Physics
Lan,Dang,lan.dang1923,lan.dang1923@student.sims.edu,,2005-12-23,555-6361,834 Nguyen Hue,Can Tho,Computer Science
Chi,Vo,chi.vo1924,chi.vo1924@student.sims.edu,,2002-12-24,555-3964,235 Nguyen Hue,Hue,Business
Ngoc,Dang,ngoc.dang1925,ngoc.dang1925@student.sims.edu,,2004-10-18,555-9525,371 Nguyen Hue,Can Tho,Electronics
Binh,Tran,binh.tran1926,binh.tran1926@student.sims.edu,,2003-07-20,555-1026,500 Le Loi,Hue,Physics
Giang,Huynh,giang.huynh1927,giang.huynh1927@student.sims.edu,,2003-11-03,555-3380,889 Tran Phu,Nha Trang,Business
Thu,Ly,thu.ly1928,thu.ly1928@student.sims.edu,,2005-02-06,555-3519,463 Tran Phu,Ha Noi,Computer Science
Yen,Hoang,yen.hoang1929,yen.hoang1929@student.sims.edu,,2003-03-05,555-7821,679 Nguyen Hue,Hue,Electronics
Hai,Bui,hai.bui1930,hai.bui1930@student.sims.edu,,2002-08-01,555-7905,668 Le Loi,Nha Trang,Mathematics
Nga,Le,nga.le1931,nga.le1931@student.sims.edu,,2001-03-06,555-2726,745 Nguyen Hue,Nha Trang,Electronics
Nga,Bui,nga.bui1932,nga.bui1932@student.sims.edu,,2003-01-05,555-3855,630 Le Loi,Can Tho,Physics
Thao,Hoang,thao.hoang1933,thao.hoang1933@student.sims.edu,,2001-11-28,555-5698,141 Hai Ba Trung,Da Nang,Electronics
Bao,Ho,bao.ho1934,bao.ho1934@student.sims.edu,,2003-03-15,555-2245,374 Nguyen Hue,Can Tho,Physics
Ngoc,Bui,ngoc.bui1935,ngoc.bui1935@student.sims.edu,,2002-09-22,555-1433,434 Hai Ba Trung,Hai Phong,Computer Science
Lan,Pham,lan.pham1936,lan.pham1936@student.sims.edu,,2004-03-14,555-9463,277 Nguyen Hue,Hai Phong,Electronics
Giang,Do,giang.do1937,giang.do1937@student.sims.edu,,2001-05-15,555-5012,925 Tran Phu,Can Tho,Information Technology
Quang,Le,quang.le1938,quang.le1938@student.sims.edu,,2001-12-25,555-4062,460 Tran Phu,Nha Trang,Physics
Minh,Do,minh.do1939,minh.do1939@student.sims.edu,,2003-10-03,555-4607,984 Le Loi,Nha Trang,Electronics
Minh,Nguyen,minh.nguyen1940,minh.nguyen1940@student.sims.edu,,2002-08-13,555-9443,329 Le Loi,Hai Phong,Business
Minh,Nguyen,minh.nguyen1941,minh.nguyen1941@student.sims.edu,,2005-08-21,555-5188,396 Tran Phu,Hai Phong,Mathematics
Khanh,Duong,khanh.duong1942,khanh.duong1942@student.sims.edu,,2003-06-01,555-8460,471 Hai Ba Trung,Nha Trang,Business
An,Hoang,an.hoang1943,an.hoang1943@student.sims.edu,,2002-04-16,555-5940,674 Tran Phu,Ha Noi,Computer Science
Lan,Bui,lan.bui1944,lan.bui1944@student.sims.edu,,2001-05-03,555-8911,460 Le Loi,Ha Noi,Computer Science
Mai,Bui,mai.bui1945,mai.bui1945@student.sims.edu,,2004-06-07,555-2578,879 Le Loi,Da Nang,Computer Science
Thu,Do,thu.do1946,thu.do1946@student.sims.edu,,2005-04-24,555-9590,797 Tran Phu,Can Tho,Mathematics
Quyen,Huynh,quyen.huynh1947,quyen.huynh1947@student.sims.edu,,2004-09-26,555-4677,799 Nguyen Hue,Nha Trang,Business
Nam,Tran,nam.tran1948,nam.tran1948@student.sims.edu,,2003-03-26,555-6515,856 Hai Ba Trung,Ho Chi Minh,Information Technology
Hung,Bui,hung.bui1949,hung.bui1949@student.sims.edu,,2005-03-24,555-5245,718 Tran Phu,Can Tho,Information Technology
Tuan,Dang,tuan.dang1950,tuan.dang1950@student.sims.edu,,2003-04-04,555-4146,584 Nguyen Hue,Ha Noi,Computer Science
Thu,Ly,thu.ly1951,thu.ly1951@student.sims.edu,,2003-06-05,555-4317,641 Tran Phu,Ho Chi Minh,Mathematics
Phong,Bui,phong.bui1952,phong.bui1952@student.sims.edu,,2004-06-23,555-1647,745 Tran Phu,Da Nang,Information Technology
Yen,Ho,yen.ho1953,yen.ho1953@student.sims.edu,,2005-07-17,555-6373,408 Le Loi,Hue,Mathematics
Hai,Le,hai.le1954,hai.le1954@student.sims.edu,,2004-05-21,555-9039,334 Le Loi,Da Nang,Information Technology
Bao,Nguyen,bao.nguyen1955,bao.nguyen1955@student.sims.edu,,2002-12-11,555-4929,671 Tran Phu,Ha Noi,Mathematics
Ha,Dang,ha.dang1956,ha.dang1956@student.sims.edu,,2005-01-04,555-7322,375 Le Loi,Nha Trang,Business
Tam,Nguyen,tam.nguyen1957,tam.nguyen1957@student.sims.edu,,2003-03-01,555-8636,144 Hai Ba Trung,Can Tho,Physics
Lan,Ly,lan.ly1958,lan.ly1958@student.sims.edu,,2001-09-12,555-7451,902 Hai Ba Trung,Hai Phong,Business
Hoa,Ho,hoa.ho1959,hoa.ho1959@student.sims.edu,,2001-09-13,555-2344,31 Hai Ba Trung,Hai Phong,Computer Science
An,Dang,an.dang1960,an.dang1960@student.sims.edu,,2004-09-05,555-6887,729 Hai Ba Trung,Hai Phong,Mathematics
Trang,Huynh,trang.huynh1961,trang.huynh1961@student.sims.edu,,2004-08-15,555-4805,197 Nguyen Hue,Ho Chi Minh,Information Technology
Ha,Vu,ha.vu1962,ha.vu1962@student.sims.edu,,2005-03-15,555-5565,861 Hai Ba Trung,Ha Noi,Business
Giang,Do,giang.do1963,giang.do1963@student.sims.edu,,2002-09-12,555-2210,931 Le Loi,Da Nang,Computer Science
Yen,Tran,yen.tran1964,yen.tran1964@student.sims.edu,,2005-01-02,555-4080,64 Hai Ba Trung,Da Nang,Computer Science
Thu,Dang,thu.dang1965,thu.dang1965@student.sims.edu,,2004-04-23,555-7101,439 Tran Phu,Hai Phong,Computer Science
Son,Le,son.le1966,son.le1966@student.sims.edu,,2002-02-03,555-8572,105 Nguyen Hue,Nha Trang,Information Technology
Mai,Duong,mai.duong1967,mai.duong1967@student.sims.edu,,2001-09-12,555-7280,796 Le Loi,Ho Chi Minh,Physics
Lan,Duong,lan.duong1968,lan.duong1968@student.sims.edu,,2004-09-19,555-9431,441 Le Loi,Hai Phong,Physics
Minh,Vu,minh.vu1969,minh.vu1969@student.sims.edu,,2002-10-03,555-2696,979 Nguyen Hue,Nha Trang,Mathematics
Trang,Nguyen,trang.nguyen1970,trang.nguyen1970@student.sims.edu,,2005-01-28,555-3199,833 Hai Ba Trung,Da Nang,Information Technology
Lan,Hoang,lan.hoang1971,lan.hoang1971@student.sims.edu,,2001-05-28,555-5200,926 Nguyen Hue,Hue,Electronics
Trang,Le,trang.le1972,trang.le1972@student.sims.edu,,2003-06-13,555-4117,541 Nguyen Hue,Can Tho,Physics
Phong,Nguyen,phong.nguyen1973,phong.nguyen1973@student.sims.edu,,2003-04-14,555-9979,694 Nguyen Hue,Hai Phong,Electronics
Minh,Bui,minh.bui1974,minh.bui1974@student.sims.edu,,2002-01-28,555-3773,985 Nguyen Hue,Ho Chi Minh,Mathematics
Khanh,Nguyen,khanh.nguyen1975,khanh.nguyen1975@student.sims.edu,,2005-10-11,555-6634,792 Tran Phu,Nha Trang,Information Technology
Ha,Vo,ha.vo1976,ha.vo1976@student.sims.edu,,2005-09-09,555-6786,223 Hai Ba Trung,Hai Phong,Information Technology
Ha,Hoang,ha.hoang1977,ha.hoang1977@student.sims.edu,,2001-04-04,555-6452,514 Nguyen Hue,Ho Chi Minh,Business
Nam,Huynh,nam.huynh1978,nam.huynh1978@student.sims.edu,,2002-09-28,555-2254,567 Le Loi,Ha Noi,Business
Hung,Dang,hung.dang1979,hung.dang1979@student.sims.edu,,2001-05-21,555-9254,975 Tran Phu,Ho Chi Minh,Electronics
Binh,Le,binh.le1980,binh.le1980@student.sims.edu,,2002-03-15,555-6284,160 Nguyen Hue,Can Tho,Physics
Tam,Duong,tam.duong1981,tam.duong1981@student.sims.edu,,2005-07-24,555-7213,62 Nguyen Hue,Nha Trang,Computer Science
Giang,Dang,giang.dang1982,giang.dang1982@student.sims.edu,,2002-09-27,555-2362,638 Tran Phu,Can Tho,Mathematics
Tuan,Vo,tuan.vo1983,tuan.vo1983@student.sims.edu,,2002-08-06,555-3792,444 Le Loi,Hue,Electronics
Lan,Duong,lan.duong1984,lan.duong1984@student.sims.edu,,2004-11-09,555-4586,201 Nguyen Hue,Hai Phong,Business
Khanh,Pham,khanh.pham1985,khanh.pham1985@student.sims.edu,,2003-06-19,555-3763,3 Hai Ba Trung,Hai Phong,Computer Science
Giang,Do,giang.do1986,giang.do1986@student.sims.edu,,2005-09-04,555-4370,575 Tran Phu,Can Tho,Computer Science
Duc,Duong,duc.duong1987,duc.duong1987@student.sims.edu,,2005-11-28,555-7900,129 Hai Ba Trung,Nha Trang,Mathematics
Giang,Huynh,giang.huynh1988,giang.huynh1988@student.sims.edu,,2001-09-20,555-8331,217 Le Loi,Ha Noi,Physics
Trang,Tran,trang.tran1989,trang.tran1989@student.sims.edu,,2005-03-22,555-4397,226 Le Loi,Ho Chi Minh,Business
Phong,Ngo,phong.ngo1990,phong.ngo1990@student.sims.edu,,2005-11-16,555-1357,734 Nguyen Hue,Hai Phong,Physics
Hung,Le,hung.le1991,hung.le1991@student.sims.edu,,2002-11-15,555-2469,517 Le Loi,Hai Phong,Business
Dung,Hoang,dung.hoang1992,dung.hoang1992@student.sims.edu,,2001-06-05,555-2979,950 Hai Ba Trung,Hai Phong,Electronics
Dung,Duong,dung.duong1993,dung.duong1993@student.sims.edu,,2004-08-25,555-4477,605 Le Loi,Hai Phong,Mathematics
Lan,Ly,lan.ly1994,lan.ly1994@student.sims.edu,,2001-10-27,555-1045,677 Tran Phu,Da Nang,Mathematics
Nam,Nguyen,nam.nguyen1995,nam.nguyen1995@student.sims.edu,,2005-12-23,555-3666,744 Le Loi,Can Tho,Information Technology
Nam,Dang,nam.dang1996,nam.dang1996@student.sims.edu,,2005-02-15,555-9143,82 Tran Phu,Da Nang,Electronics
Yen,Vu,yen.vu1997,yen.vu1997@student.sims.edu,,2001-07-08,555-2299,691 Tran Phu,Nha Trang,Business
Son,Vo,son.vo1998,son.vo1998@student.sims.edu,,2002-08-24,555-5472,385 Tran Phu,Ho Chi Minh,Information Technology
Trang,Ngo,trang.ngo1999,trang.ngo1999@student.sims.edu,,2003-11-28,555-3892,273 Le Loi,Ha Noi,Business
Minh,Dang,minh.dang2000,minh.dang2000@student.sims.edu,,2004-10-26,555-8283,458 Le Loi,Hue,Electronics
Minh,Vu,minh.vu2001,minh.vu2001@student.sims.edu,,2002-06-15,555-8477,58 Hai Ba Trung,Nha Trang,Mathematics
Hung,Dang,hung.dang2002,hung.dang2002@student.sims.edu,,2003-10-22,555-1782,242 Hai Ba Trung,Can Tho,Business
Tam,Bui,tam.bui2003,tam.bui2003@student.sims.edu,,2002-01-12,555-5197,525 Le Loi,Hai Phong,Mathematics
Tuan,Ho,tuan.ho2004,tuan.ho2004@student.sims.edu,,2002-04-11,555-8874,953 Nguyen Hue,Ha Noi,Computer Science
Quang,Pham,quang.pham2005,quang.pham2005@student.sims.edu,,2002-05-19,555-2310,382 Tran Phu,Da Nang,Business
Giang,Pham,giang.pham2006,giang.pham2006@student.sims.edu,,2002-10-18,555-2606,959 Hai Ba Trung,Ho Chi Minh,Mathematics
Phong,Dang,phong.dang2007,phong.dang2007@student.sims.edu,,2002-02-14,555-2865,947 Tran Phu,Can Tho,Information Technology
Duc,Dang,duc.dang2008,duc.dang2008@student.sims.edu,,2004-04-24,555-5564,560 Hai Ba Trung,Ho Chi Minh,Information Technology
Trang,Vu,trang.vu2009,trang.vu2009@student.sims.edu,,2004-05-02,555-9277,986 Le Loi,Hai Phong,Business
Binh,Vu,binh.vu2010,binh.vu2010@student.sims.edu,,2001-01-17,555-9905,627 Le Loi,Nha Trang,Business
Son,Ho,son.ho2011,son.ho2011@student.sims.edu,,2005-11-15,555-8921,707 Nguyen Hue,Ho Chi Minh,Business
Khanh,Ho,khanh.ho2012,khanh.ho2012@student.sims.edu,,2004-10-03,555-2554,726 Tran Phu,Hai Phong,Business
Lan,Huynh,lan.huynh2013,lan.huynh2013@student.sims.edu,,2001-08-05,555-5062,587 Hai Ba Trung,Da Nang,Physics
Hung,Huynh,hung.huynh2014,hung.huynh2014@student.sims.edu,,2001-02-27,555-3997,997 Nguyen Hue,Ho Chi Minh,Computer Science
Quyen,Tran,quyen.tran2015,quyen.tran2015@student.sims.edu,,2003-10-18,555-3153,202 Hai Ba Trung,Ha Noi,Physics
Khanh,Vo,khanh.vo2016,khanh.vo2016@student.sims.edu,,2004-12-20,555-8905,309 Le Loi,Ho Chi Minh,Physics
Ha,Dang,ha.dang2017,ha.dang2017@student.sims.edu,,2003-09-28,555-2425,351 Tran Phu,Can Tho,Information Technology
Hoa,Ho,hoa.ho2018,hoa.ho2018@student.sims.edu,,2003-02-16,555-8654,96 Nguyen Hue,Hue,Computer Science
Vy,Le,vy.le2019,vy.le2019@student.sims.edu,,2001-01-19,555-9731,154 Nguyen Hue,Hue,Mathematics
Tam,Do,tam.do2020,tam.do2020@student.sims.edu,,2004-04-27,555-2745,410 Nguyen Hue,Ho Chi Minh,Electronics
Nga,Vo,nga.vo2021,nga.vo2021@student.sims.edu,,2005-07-13,555-7175,866 Tran Phu,Nha Trang,Business
Yen,Hoang,yen.hoang2022,yen.hoang2022@student.sims.edu,,2001-05-07,555-9743,554 Hai Ba Trung,Hai Phong,Electronics
An,Dang,an.dang2023,an.dang2023@student.sims.edu,,2004-10-10,555-1333,391 Tran Phu,Hai Phong,Electronics
Vy,Vu,vy.vu2024,vy.vu2024@student.sims.edu,,2001-12-16,555-5204,996 Nguyen Hue,Can Tho,Mathematics
Dung,Huynh,dung.huynh2025,dung.huynh2025@student.sims.edu,,2001-07-16,555-1317,268 Tran Phu,Ha Noi,Physics
Chi,Vo,chi.vo2026,chi.vo2026@student.sims.edu,,2004-03-24,555-6232,789 Nguyen Hue,Da Nang,Computer Science
Thao,Ngo,thao.ngo2027,thao.ngo2027@student.sims.edu,,2003-05-24,555-6781,525 Hai Ba Trung,Da Nang,Electronics
Bao,Pham,bao.pham2028,bao.pham2028@student.sims.edu,,2005-06-17,555-9069,406 Nguyen Hue,Can Tho,Business
Ngoc,Ly,ngoc.ly2029,ngoc.ly2029@student.sims.edu,,2001-12-04,555-8419,849 Nguyen Hue,Ho Chi Minh,Physics
An,Vu,an.vu2030,an.vu2030@student.sims.edu,,2005-09-11,555-4375,191 Nguyen Hue,Hai Phong,Electronics
Mai,Tran,mai.tran2031,mai.tran2031@student.sims.edu,,2003-07-04,555-1631,699 Le Loi,Ha Noi,Mathematics
Nga,Vu,nga.vu2032,nga.vu2032@student.sims.edu,,2003-08-10,555-7820,431 Nguyen Hue,Nha Trang,Computer Science
Nga,Ngo,nga.ngo2033,nga.ngo2033@student.sims.edu,,2003-10-15,555-9712,167 Hai Ba Trung,Ho Chi Minh,Business
Yen,Hoang,yen.hoang2034,yen.hoang2034@student.sims.edu,,2003-06-18,555-9860,878 Nguyen Hue,Nha Trang,Computer Science
Tam,Ngo,tam.ngo2035,tam.ngo2035@student.sims.edu,,2002-12-10,555-4423,147 Tran Phu,Ha Noi,Physics
An,Le,an.le2036,an.le2036@student.sims.edu,,2001-05-18,555-1004,662 Le Loi,Hue,Physics
Binh,Hoang,binh.hoang2037,binh.hoang2037@student.sims.edu,,2001-10-06,555-8179,523 Hai Ba Trung,Da Nang,Mathematics
Vy,Ho,vy.ho2038,vy.ho2038@student.sims.edu,,2002-10-01,555-8743,828 Nguyen Hue,Hai Phong,Mathematics
Giang,Huynh,giang.huynh2039,giang.huynh2039@student.sims.edu,,2003-03-04,555-8391,800 Le Loi,Hai Phong,Electronics
Khanh,Bui,khanh.bui2040,khanh.bui2040@student.sims.edu,,2001-01-12,555-8386,964 Nguyen Hue,Da Nang,Physics
Giang,Pham,giang.pham2041,giang.pham2041@student.sims.edu,,2004-08-01,555-1892,171 Le Loi,Can Tho,Electronics
Mai,Vu,mai.vu2042,mai.vu2042@student.sims.edu,,2005-05-04,555-9460,413 Nguyen Hue,Ha Noi,Mathematics
Giang,Tran,giang.tran2043,giang.tran2043@student.sims.edu,,2002-02-16,555-6229,429 Tran Phu,Hai Phong,Mathematics
Trang,Ho,trang.ho2044,trang.ho2044@student.sims.edu,,2004-06-02,555-6448,583 Nguyen Hue,Da Nang,Information Technology
Nga,Duong,nga.duong2045,nga.duong2045@student.sims.edu,,2002-06-07,555-4190,692 Tran Phu,Da Nang,Mathematics
Thao,Dang,thao.dang2046,thao.dang2046@student.sims.edu,,2005-11-16,555-5283,546 Nguyen Hue,Ha Noi,Mathematics
Quyen,Bui,quyen.bui2047,quyen.bui2047@student.sims.edu,,2001-10-25,555-4382,776 Nguyen Hue,Can Tho,Information Technology
Minh,Duong,minh.duong2048,minh.duong2048@student.sims.edu,,2005-08-13,555-8699,90 Nguyen Hue,Nha Trang,Computer Science
An,Ngo,an.ngo2049,an.ngo2049@student.sims.edu,,2003-03-06,555-1370,735 Tran Phu,Nha Trang,Physics
Dung,Dang,dung.dang2050,dung.dang2050@student.sims.edu,,2004-07-25,555-1897,828 Tran Phu,Hai Phong,Electronics
Bao,Bui,bao.bui2051,bao.bui2051@student.sims.edu,,2001-04-17,555-1559,262 Hai Ba Trung,Hai Phong,Information Technology
Ngoc,Hoang,ngoc.hoang2052,ngoc.hoang2052@student.sims.edu,,2004-10-08,555-5370,636 Tran Phu,Nha Trang,Business
Binh,Dang,binh.dang2053,binh.dang2053@student.sims.edu,,2005-11-06,555-1331,360 Nguyen Hue,Can Tho,Mathematics
Linh,Ly,linh.ly2054,linh.ly2054@student.sims.edu,,2001-04-18,555-9799,983 Nguyen Hue,Hai Phong,Information Technology
Tuan,Tran,tuan.tran2055,tuan.tran2055@student.sims.edu,,2003-02-08,555-3146,18 Hai Ba Trung,Da Nang,Computer Science
Duc,Ho,duc.ho2056,duc.ho2056@student.sims.edu,,2005-08-20,555-7382,303 Hai Ba Trung,Can Tho,Mathematics
Giang,Ho,giang.ho2057,giang.ho2057@student.sims.edu,,2002-08-23,555-1810,649 Nguyen Hue,Ha Noi,Electronics
Son,Hoang,son.hoang2058,son.hoang2058@student.sims.edu,,2002-08-08,555-9273,278 Nguyen Hue,Da Nang,Physics
Hai,Hoang,hai.hoang2059,hai.hoang2059@student.sims.edu,,2001-07-10,555-7452,193 Le Loi,Hue,Computer Science
Nam,Le,nam.le2060,nam.le2060@student.sims.edu,,2003-09-15,555-6420,234 Tran Phu,Can Tho,Physics
Phong,Vu,phong.vu2061,phong.vu2061@student.sims.edu,,2004-09-16,555-3820,927 Le Loi,Ha Noi,Computer Science
Hai,Le,hai.le2062,hai.le2062@student.sims.edu,,2004-01-07,555-7537,398 Tran Phu,Ho Chi Minh,Information Technology
Khanh,Dang,khanh.dang2063,khanh.dang2063@student.sims.edu,,2004-11-23,555-6299,415 Nguyen Hue,Ha Noi,Mathematics
Binh,Ngo,binh.ngo2064,binh.ngo2064@student.sims.edu,,2004-09-08,555-4615,457 Nguyen Hue,Hue,Mathematics
An,Ngo,an.ngo2065,an.ngo2065@student.sims.edu,,2005-04-16,555-5481,731 Le Loi,Da Nang,Electronics
Trang,Bui,trang.bui2066,trang.bui2066@student.sims.edu,,2001-10-01,555-1254,492 Tran Phu,Nha Trang,Business
Hai,Dang,hai.dang2067,hai.dang2067@student.sims.edu,,2004-03-14,555-8731,828 Hai Ba Trung,Ha Noi,Computer Science
Nga,Tran,nga.tran2068,nga.tran2068@student.sims.edu,,2004-03-03,555-6020,481 Nguyen Hue,Nha Trang,Information Technology
Tuan,Pham,tuan.pham2069,tuan.pham2069@student.sims.edu,,2003-03-14,555-7520,907 Tran Phu,Nha Trang,Physics
Chi,Do,chi.do2070,chi.do2070@student.sims.edu,,2003-04-02,555-6863,630 Nguyen Hue,Can Tho,Electronics
Son,Vo,son.vo2071,son.vo2071@student.sims.edu,,2002-08-07,555-3109,795 Hai Ba Trung,Hai Phong,Mathematics
Nga,Dang,nga.dang2072,nga.dang2072@student.sims.edu,,2002-06-22,555-6141,99 Tran Phu,Hai Phong,Business
Ha,Nguyen,ha.nguyen2073,ha.nguyen2073@student.sims.edu,,2004-05-18,555-3951,624 Nguyen Hue,Ho Chi Minh,Electronics
Trang,Do,trang.do2074,trang.do2074@student.sims.edu,,2003-11-21,555-8457,455 Tran Phu,Hai Phong,Computer Science
Hai,Bui,hai.bui2075,hai.bui2075@student.sims.edu,,2002-11-14,555-8544,401 Hai Ba Trung,Da Nang,Information Technology
Hai,Ly,hai.ly2076,hai.ly2076@student.sims.edu,,2003-03-16,555-3440,186 Le Loi,Nha Trang,Electronics
Bao,Le,bao.le2077,bao.le2077@student.sims.edu,,2001-03-10,555-5081,48 Le Loi,Hue,Electronics
Ngoc,Tran,ngoc.tran2078,ngoc.tran2078@student.sims.edu,,2003-10-13,555-8809,395 Hai Ba Trung,Ha Noi,Information Technology
Giang,Hoang,giang.hoang2079,giang.hoang2079@student.sims.edu,,2001-04-26,555-2691,487 Le Loi,Da Nang,Business
Dung,Duong,dung.duong2080,dung.duong2080@student.sims.edu,,2002-05-25,555-4885,165 Hai Ba Trung,Da Nang,Electronics
Dung,Vo,dung.vo2081,dung.vo2081@student.sims.edu,,2002-10-11,555-2989,819 Hai Ba Trung,Hai Phong,Information Technology
Nam,Tran,nam.tran2082,nam.tran2082@student.sims.edu,,2001-08-10,555-1180,516 Le Loi,Hue,Computer Science
Tam,Dang,tam.dang2083,tam.dang2083@student.sims.edu,,2001-07-12,555-5595,832 Le Loi,Nha Trang,Computer Science
Dung,Vu,dung.vu2084,dung.vu2084@student.sims.edu,,2003-07-10,555-5968,82 Le Loi,Nha Trang,Electronics
Quyen,Bui,quyen.bui2085,quyen.bui2085@student.sims.edu,,2004-10-26,555-5111,940 Hai Ba Trung,Da Nang,Information Technology
Hoa,Nguyen,hoa.nguyen2086,hoa.nguyen2086@student.sims.edu,,2001-11-24,555-7630,572 Le Loi,Can Tho,Electronics
Binh,Do,binh.do2087,binh.do2087@student.sims.edu,,2003-10-07,555-9598,307 Tran Phu,Ha Noi,Computer Science
Bao,Hoang,bao.hoang2088,bao.hoang2088@student.sims.edu,,2001-05-15,555-3954,178 Le Loi,Hue,Business
Yen,Le,yen.le2089,yen.le2089@student.sims.edu,,2003-07-17,555-1397,577 Le Loi,Hai Phong,Electronics
Hoa,Bui,hoa.bui2090,hoa.bui2090@student.sims.edu,,2005-08-09,555-7074,624 Hai Ba Trung,Hai Phong,Information Technology
Nga,Ho,nga.ho2091,nga.ho2091@student.sims.edu,,2001-01-11,555-6102,84 Nguyen Hue,Can Tho,Information Technology
Tam,Le,tam.le2092,tam.le2092@student.sims.edu,,2005-11-20,555-8536,695 Tran Phu,Can Tho,Business
Tuan,Ho,tuan.ho2093,tuan.ho2093@student.sims.edu,,2004-02-06,555-7328,926 Tran Phu,Can Tho,Business
Ha,Hoang,ha.hoang2094,ha.hoang2094@student.sims.edu,,2004-12-08,555-8607,170 Tran Phu,Hue,Information Technology
Lan,Dang,lan.dang2095,lan.dang2095@student.sims.edu,,2003-10-24,555-9420,53 Hai Ba Trung,Da Nang,Business
Vy,Dang,vy.dang2096,vy.dang2096@student.sims.edu,,2001-01-02,555-6857,887 Tran Phu,Can Tho,Mathematics
Hung,Pham,hung.pham2097,hung.pham2097@student.sims.edu,,2004-06-01,555-1795,248 Le Loi,Can Tho,Business
Tam,Tran,tam.tran2098,tam.tran2098@student.sims.edu,,2002-09-21,555-7617,741 Nguyen Hue,Ha Noi,Mathematics
An,Duong,an.duong2099,an.duong2099@student.sims.edu,,2002-10-04,555-4634,308 Tran Phu,Ho Chi Minh,Mathematics
Nga,Ly,nga.ly2100,nga.ly2100@student.sims.edu,,2003-02-16,555-2804,822 Tran Phu,Da Nang,Business
Hoa,Duong,hoa.duong2101,hoa.duong2101@student.sims.edu,,2003-04-23,555-5431,939 Hai Ba Trung,Ha Noi,Business
Lan,Vo,lan.vo2102,lan.vo2102@student.sims.edu,,2003-11-12,555-7387,301 Hai Ba Trung,Hai Phong,Computer Science
Minh,Nguyen,minh.nguyen2103,minh.nguyen2103@student.sims.edu,,2005-09-10,555-7277,657 Tran Phu,Da Nang,Computer Science
Bao,Huynh,bao.huynh2104,bao.huynh2104@student.sims.edu,,2005-09-18,555-2561,353 Tran Phu,Ho Chi Minh,Information Technology
An,Dang,an.dang2105,an.dang2105@student.sims.edu,,2002-03-07,555-9988,717 Tran Phu,Can Tho,Mathematics
Vy,Huynh,vy.huynh2106,vy.huynh2106@student.sims.edu,,2002-04-07,555-2468,963 Hai Ba Trung,Can Tho,Business
Giang,Ho,giang.ho2107,giang.ho2107@student.sims.edu,,2002-09-08,555-5443,625 Tran Phu,Hue,Physics
Nam,Vu,nam.vu2108,nam.vu2108@student.sims.edu,,2003-06-24,555-1065,989 Hai Ba Trung,Hue,Business
Vy,Vu,vy.vu2109,vy.vu2109@student.sims.edu,,2003-10-02,555-6474,696 Le Loi,Nha Trang,Computer Science
Trang,Duong,trang.duong2110,trang.duong2110@student.sims.edu,,2002-01-10,555-3238,600 Nguyen Hue,Ho Chi Minh,Business
An,Tran,an.tran2111,an.tran2111@student.sims.edu,,2004-01-04,555-5841,483 Tran Phu,Can Tho,Information Technology
Tam,Ly,tam.ly2112,tam.ly2112@student.sims.edu,,2002-08-21,555-1322,949 Nguyen Hue,Nha Trang,Business
Bao,Nguyen,bao.nguyen2113,bao.nguyen2113@student.sims.edu,,2005-07-07,555-6471,780 Tran Phu,Hai Phong,Physics
Dung,Duong,dung.duong2114,dung.duong2114@student.sims.edu,,2002-08-09,555-2550,567 Hai Ba Trung,Ho Chi Minh,Physics
Mai,Vu,mai.vu2115,mai.vu2115@student.sims.edu,,2005-12-11,555-8110,589 Tran Phu,Ho Chi Minh,Information Technology
Nam,Huynh,nam.huynh2116,nam.huynh2116@student.sims.edu,,2003-09-15,555-2551,682 Hai Ba Trung,Hai Phong,Business
Ha,Pham,ha.pham2117,ha.pham2117@student.sims.edu,,2004-07-03,555-2378,168 Nguyen Hue,Ho Chi Minh,Computer Science
Chi,Pham,chi.pham2118,chi.pham2118@student.sims.edu,,2002-01-14,555-4436,978 Hai Ba Trung,Ha Noi,Physics
Linh,Vu,linh.vu2119,linh.vu2119@student.sims.edu,,2001-06-18,555-6166,901 Hai Ba Trung,Ha Noi,Physics
Thu,Vo,thu.vo2120,thu.vo2120@student.sims.edu,,2001-12-25,555-4086,602 Hai Ba Trung,Nha Trang,Mathematics
Quang,Duong,quang.duong2121,quang.duong2121@student.sims.edu,,2002-02-03,555-4897,785 Nguyen Hue,Hai Phong,Business
Giang,Ly,giang.ly2122,giang.ly2122@student.sims.edu,,2001-05-07,555-4755,561 Tran Phu,Ho Chi Minh,Electronics
Nga,Le,nga.le2123,nga.le2123@student.sims.edu,,2003-09-02,555-7445,935 Nguyen Hue,Hue,Physics
Trang,Duong,trang.duong2124,trang.duong2124@student.sims.edu,,2002-11-28,555-4460,585 Tran Phu,Can Tho,Business
Trang,Huynh,trang.huynh2125,trang.huynh2125@student.sims.edu,,2002-03-06,555-7930,858 Le Loi,Hai Phong,Physics
Tuan,Vo,tuan.vo2126,tuan.vo2126@student.sims.edu,,2004-12-19,555-9558,366 Nguyen Hue,Ho Chi Minh,Computer Science
Duc,Ngo,duc.ngo2127,duc.ngo2127@student.sims.edu,,2004-05-13,555-2067,686 Le Loi,Hai Phong,Computer Science
Phong,Bui,phong.bui2128,phong.bui2128@student.sims.edu,,2004-11-24,555-7713,212 Nguyen Hue,Hue,Information Technology
Lan,Hoang,lan.hoang2129,lan.hoang2129@student.sims.edu,,2002-11-01,555-1329,522 Le Loi,Da Nang,Mathematics
Ha,Dang,ha.dang2130,ha.dang2130@student.sims.edu,,2002-07-12,555-2144,401 Le Loi,Hai Phong,Computer Science
Minh,Ly,minh.ly2131,minh.ly2131@student.sims.edu,,2001-01-21,555-3969,497 Le Loi,Nha Trang,Electronics
Mai,Vo,mai.vo2132,mai.vo2132@student.sims.edu,,2003-06-25,555-8575,366 Le Loi,Da Nang,Physics
Thao,Le,thao.le2133,thao.le2133@student.sims.edu,,2005-01-24,555-4144,382 Nguyen Hue,Can Tho,Business
Giang,Ngo,giang.ngo2134,giang.ngo2134@student.sims.edu,,2005-11-11,555-5059,553 Nguyen Hue,Ha Noi,Electronics
Chi,Ngo,chi.ngo2135,chi.ngo2135@student.sims.edu,,2003-07-16,555-2307,194 Hai Ba Trung,Hai Phong,Computer Science
Khanh,Huynh,khanh.huynh2136,khanh.huynh2136@student.sims.edu,,2002-07-18,555-2583,145 Nguyen Hue,Ho Chi Minh,Business
Thao,Vo,thao.vo2137,thao.vo2137@student.sims.edu,,2003-12-15,555-4009,149 Hai Ba Trung,Nha Trang,Business
Tam,Dang,tam.dang2138,tam.dang2138@student.sims.edu,,2002-01-26,555-4977,582 Tran Phu,Hue,Electronics
Ngoc,Pham,ngoc.pham2139,ngoc.pham2139@student.sims.edu,,2004-10-06,555-5403,271 Hai Ba Trung,Ho Chi Minh,Computer Science
Binh,Huynh,binh.huynh2140,binh.huynh2140@student.sims.edu,,2005-07-13,555-2198,541 Tran Phu,Can Tho,Business
Khanh,Ho,khanh.ho2141,khanh.ho2141@student.sims.edu,,2004-08-17,555-7831,948 Hai Ba Trung,Ha Noi,Mathematics
Ha,Pham,ha.pham2142,ha.pham2142@student.sims.edu,,2004-11-13,555-2910,846 Tran Phu,Nha Trang,Information Technology
Mai,Huynh,mai.huynh2143,mai.huynh2143@student.sims.edu,,2004-03-05,555-2733,284 Hai Ba Trung,Can Tho,Electronics
Chi,Do,chi.do2144,chi.do2144@student.sims.edu,,2003-06-17,555-2468,777 Hai Ba Trung,Ho Chi Minh,Mathematics
Thao,Vo,thao.vo2145,thao.vo2145@student.sims.edu,,2004-03-03,555-4367,919 Tran Phu,Ha Noi,Physics
Mai,Vo,mai.vo2146,mai.vo2146@student.sims.edu,,2002-01-27,555-7147,605 Tran Phu,Hai Phong,Electronics
Nam,Vu,nam.vu2147,nam.vu2147@student.sims.edu,,2002-07-21,555-9247,3 Le Loi,Can Tho,Computer Science
Nam,Vo,nam.vo2148,nam.vo2148@student.sims.edu,,2001-01-10,555-1365,836 Tran Phu,Ho Chi Minh,Information Technology
Yen,Vu,yen.vu2149,yen.vu2149@student.sims.edu,,2001-12-08,555-5825,639 Nguyen Hue,Can Tho,Physics
Trang,Tran,trang.tran2150,trang.tran2150@student.sims.edu,,2005-11-10,555-5919,996 Tran Phu,Ha Noi,Information Technology
Yen,Tran,yen.tran2151,yen.tran2151@student.sims.edu,,2003-07-27,555-6431,419 Nguyen Hue,Ho Chi Minh,Electronics
Tuan,Pham,tuan.pham2152,tuan.pham2152@student.sims.edu,,2001-09-01,555-3360,540 Tran Phu,Ha Noi,Electronics
Hoa,Do,hoa.do2153,hoa.do2153@student.sims.edu,,2001-06-05,555-5424,710 Le Loi,Ha Noi,Electronics
Hung,Ly,hung.ly2154,hung.ly2154@student.sims.edu,,2001-10-09,555-5306,673 Tran Phu,Hai Phong,Physics
Linh,Vu,linh.vu2155,linh.vu2155@student.sims.edu,,2004-07-19,555-3430,187 Tran Phu,Ha Noi,Business
An,Vu,an.vu2156,an.vu2156@student.sims.edu,,2004-07-17,555-4738,666 Le Loi,Ha Noi,Physics
Quang,Do,quang.do2157,quang.do2157@student.sims.edu,,2004-03-05,555-5502,673 Tran Phu,Da Nang,Electronics
Dung,Dang,dung.dang2158,dung.dang2158@student.sims.edu,,2001-04-10,555-4156,250 Le Loi,Hue,Computer Science
Nga,Le,nga.le2159,nga.le2159@student.sims.edu,,2005-06-08,555-5616,704 Le Loi,Ha Noi,Business
Binh,Pham,binh.pham2160,binh.pham2160@student.sims.edu,,2004-01-10,555-2543,235 Nguyen Hue,Hai Phong,Mathematics
Dung,Ho,dung.ho2161,dung.ho2161@student.sims.edu,,2002-04-02,555-7265,190 Tran Phu,Ha Noi,Business
Phong,Le,phong.le2162,phong.le2162@student.sims.edu,,2001-09-25,555-1351,316 Hai Ba Trung,Ho Chi Minh,Computer Science
Giang,Duong,giang.duong2163,giang.duong2163@student.sims.edu,,2004-06-01,555-5935,952 Nguyen Hue,Da Nang,Business
Duc,Huynh,duc.huynh2164,duc.huynh2164@student.sims.edu,,2005-06-03,555-5615,556 Le Loi,Ho Chi Minh,Electronics
An,Ho,an.ho2165,an.ho2165@student.sims.edu,,2005-12-18,555-9121,182 Tran Phu,Hue,Electronics
Tam,Vo,tam.vo2166,tam.vo2166@student.sims.edu,,2003-11-01,555-4801,112 Nguyen Hue,Ho Chi Minh,Business
Lan,Vo,lan.vo2167,lan.vo2167@student.sims.edu,,2003-01-25,555-8231,945 Le Loi,Hue,Computer Science
Mai,Hoang,mai.hoang2168,mai.hoang2168@student.sims.edu,,2003-06-22,555-1810,273 Hai Ba Trung,Hai Phong,Information Technology
Duc,Bui,duc.bui2169,duc.bui2169@student.sims.edu,,2003-10-07,555-3680,610 Hai Ba Trung,Ha Noi,Computer Science
Chi,Vo,chi.vo2170,chi.vo2170@student.sims.edu,,2005-04-14,555-1205,504 Nguyen Hue,Nha Trang,Physics
Ngoc,Do,ngoc.do2171,ngoc.do2171@student.sims.edu,,2003-03-26,555-5336,25 Le Loi,Nha Trang,Computer Science
Tuan,Do,tuan.do2172,tuan.do2172@student.sims.edu,,2005-04-14,555-5029,532 Le Loi,Hai Phong,Information Technology
Hai,Ho,hai.ho2173,hai.ho2173@student.sims.edu,,2005-03-19,555-5273,310 Tran Phu,Ha Noi,Electronics
Hoa,Do,hoa.do2174,hoa.do2174@student.sims.edu,,2004-09-06,555-1009,494 Le Loi,Hai Phong,Business
Ngoc,Do,ngoc.do2175,ngoc.do2175@student.sims.edu,,2002-03-13,555-1208,722 Nguyen Hue,Can Tho,Business
Nga,Nguyen,nga.nguyen2176,nga.nguyen2176@student.sims.edu,,2005-03-22,555-1274,852 Nguyen Hue,Can Tho,Information Technology
Thao,Tran,thao.tran2177,thao.tran2177@student.sims.edu,,2002-07-08,555-5259,516 Hai Ba Trung,Hai Phong,Computer Science
Lan,Vu,lan.vu2178,lan.vu2178@student.sims.edu,,2001-12-23,555-8006,651 Hai Ba Trung,Ho Chi Minh,Business
Yen,Ly,yen.ly2179,yen.ly2179@student.sims.edu,,2001-01-08,555-9548,828 Nguyen Hue,Can Tho,Mathematics
Khanh,Ly,khanh.ly2180,khanh.ly2180@student.sims.edu,,2005-10-17,555-4230,541 Nguyen Hue,Hai Phong,Mathematics
Hai,Duong,hai.duong2181,hai.duong2181@student.sims.edu,,2005-08-18,555-6907,514 Hai Ba Trung,Hai Phong,Computer Science
Yen,Le,yen.le2182,yen.le2182@student.sims.edu,,2005-07-25,555-3230,154 Hai Ba Trung,Nha Trang,Electronics
Bao,Ly,bao.ly2183,bao.ly2183@student.sims.edu,,2004-04-11,555-4082,872 Tran Phu,Can Tho,Business
Mai,Ngo,mai.ngo2184,mai.ngo2184@student.sims.edu,,2004-01-06,555-7367,769 Nguyen Hue,Nha Trang,Physics
Thu,Pham,thu.pham2185,thu.pham2185@student.sims.edu,,2004-10-24,555-3988,972 Le Loi,Can Tho,Information Technology
Duc,Do,duc.do2186,duc.do2186@student.sims.edu,,2003-03-09,555-9457,138 Tran Phu,Ho Chi Minh,Physics
Linh,Do,linh.do2187,linh.do2187@student.sims.edu,,2005-07-09,555-8126,711 Hai Ba Trung,Ha Noi,Physics
Tam,Do,tam.do2188,tam.do2188@student.sims.edu,,2001-03-21,555-6325,511 Tran Phu,Ha Noi,Computer Science
Tuan,Ly,tuan.ly2189,tuan.ly2189@student.sims.edu,,2004-10-21,555-6340,474 Le Loi,Nha Trang,Computer Science
Ha,Dang,ha.dang2190,ha.dang2190@student.sims.edu,,2003-05-08,555-3026,397 Le Loi,Hai Phong,Information Technology
Linh,Dang,linh.dang2191,linh.dang2191@student.sims.edu,,2003-05-02,555-7890,15 Nguyen Hue,Ha Noi,Information Technology
Thao,Ngo,thao.ngo2192,thao.ngo2192@student.sims.edu,,2003-08-27,555-6628,921 Le Loi,Da Nang,Electronics
Chi,Duong,chi.duong2193,chi.duong2193@student.sims.edu,,2004-01-14,555-1396,50 Le Loi,Hue,Physics
Tuan,Vo,tuan.vo2194,tuan.vo2194@student.sims.edu,,2003-11-26,555-5777,742 Tran Phu,Hai Phong,Physics
Dung,Nguyen,dung.nguyen2195,dung.nguyen2195@student.sims.edu,,2001-06-21,555-8299,621 Hai Ba Trung,Ha Noi,Computer Science
Ngoc,Le,ngoc.le2196,ngoc.le2196@student.sims.edu,,2001-11-24,555-9209,855 Le Loi,Hue,Information Technology
Vy,Duong,vy.duong2197,vy.duong2197@student.sims.edu,,2005-07-20,555-1372,607 Tran Phu,Hue,Electronics
Linh,Duong,linh.duong2198,linh.duong2198@student.sims.edu,,2003-03-08,555-3109,309 Nguyen Hue,Nha Trang,Physics
Yen,Dang,yen.dang2199,yen.dang2199@student.sims.edu,,2004-05-05,555-6265,585 Nguyen Hue,Hue,Information Technology
Yen,Hoang,yen.hoang2200,yen.hoang2200@student.sims.edu,,2005-08-27,555-6372,322 Le Loi,Can Tho,Information Technology
Tam,Le,tam.le2201,tam.le2201@student.sims.edu,,2001-06-20,555-4551,875 Tran Phu,Da Nang,Business
Nam,Ly,nam.ly2202,nam.ly2202@student.sims.edu,,2005-06-23,555-8498,492 Hai Ba Trung,Da Nang,Physics
Dung,Vo,dung.vo2203,dung.vo2203@student.sims.edu,,2002-11-21,555-2951,471 Nguyen Hue,Can Tho,Business
Linh,Tran,linh.tran2204,linh.tran2204@student.sims.edu,,2002-09-23,555-1594,438 Tran Phu,Hue,Electronics
Tam,Huynh,tam.huynh2205,tam.huynh2205@student.sims.edu,,2001-06-01,555-2010,230 Tran Phu,Ho Chi Minh,Physics
Giang,Hoang,giang.hoang2206,giang.hoang2206@student.sims.edu,,2002-10-02,555-7977,451 Hai Ba Trung,Can Tho,Information Technology
Binh,Ly,binh.ly2207,binh.ly2207@student.sims.edu,,2002-09-24,555-5073,472 Nguyen Hue,Ho Chi Minh,Physics
Dung,Pham,dung.pham2208,dung.pham2208@student.sims.edu,,2003-02-28,555-4017,384 Nguyen Hue,Ha Noi,Electronics
Hung,Dang,hung.dang2209,hung.dang2209@student.sims.edu,,2001-07-01,555-8917,592 Nguyen Hue,Ho Chi Minh,Electronics
Hoa,Hoang,hoa.hoang2210,hoa.hoang2210@student.sims.edu,,2002-02-19,555-6257,889 Tran Phu,Da Nang,Information Technology
Hung,Le,hung.le2211,hung.le2211@student.sims.edu,,2004-08-12,555-1508,153 Hai Ba Trung,Ha Noi,Computer Science
Khanh,Nguyen,khanh.nguyen2212,khanh.nguyen2212@student.sims.edu,,2004-06-09,555-7774,8 Tran Phu,Nha Trang,Business
Trang,Huynh,trang.huynh2213,trang.huynh2213@student.sims.edu,,2001-07-22,555-6374,915 Nguyen Hue,Hai Phong,Mathematics
Hoa,Ho,hoa.ho2214,hoa.ho2214@student.sims.edu,,2004-08-08,555-6208,703 Le Loi,Hai Phong,Mathematics
Yen,Do,yen.do2215,yen.do2215@student.sims.edu,,2001-11-17,555-8697,536 Nguyen Hue,Ho Chi Minh,Mathematics
Nam,Nguyen,nam.nguyen2216,nam.nguyen2216@student.sims.edu,,2002-09-25,555-4623,156 Hai Ba Trung,Nha Trang,Mathematics
Tam,Pham,tam.pham2217,tam.pham2217@student.sims.edu,,2004-01-19,555-3644,312 Nguyen Hue,Hai Phong,Business
Bao,Ho,bao.ho2218,bao.ho2218@student.sims.edu,,2002-02-16,555-2668,854 Nguyen Hue,Nha Trang,Computer Science
Ha,Ho,ha.ho2219,ha.ho2219@student.sims.edu,,2004-01-09,555-9864,252 Hai Ba Trung,Hai Phong,Computer Science
Tuan,Ho,tuan.ho2220,tuan.ho2220@student.sims.edu,,2002-03-24,555-7417,204 Tran Phu,Ho Chi Minh,Computer Science
Nga,Ho,nga.ho2221,nga.ho2221@student.sims.edu,,2004-10-18,555-1229,969 Le Loi,Hue,Information Technology
Duc,Do,duc.do2222,duc.do2222@student.sims.edu,,2004-04-21,555-6072,497 Tran Phu,Ha Noi,Computer Science
Bao,Duong,bao.duong2223,bao.duong2223@student.sims.edu,,2001-04-03,555-7991,858 Hai Ba Trung,Can Tho,Information Technology
Tam,Vo,tam.vo2224,tam.vo2224@student.sims.edu,,2003-03-05,555-5693,592 Hai Ba Trung,Hai Phong,Computer Science
Nga,Ho,nga.ho2225,nga.ho2225@student.sims.edu,,2004-05-07,555-7480,63 Tran Phu,Can Tho,Electronics
Nga,Ly,nga.ly2226,nga.ly2226@student.sims.edu,,2001-12-11,555-9163,890 Tran Phu,Da Nang,Physics
Hoa,Le,hoa.le2227,hoa.le2227@student.sims.edu,,2004-04-10,555-6672,19 Tran Phu,Hai Phong,Electronics
An,Tran,an.tran2228,an.tran2228@student.sims.edu,,2002-07-10,555-4158,371 Hai Ba Trung,Ho Chi Minh,Business
Nga,Nguyen,nga.nguyen2229,nga.nguyen2229@student.sims.edu,,2001-05-04,555-6634,625 Nguyen Hue,Hai Phong,Business
Mai,Vo,mai.vo2230,mai.vo2230@student.sims.edu,,2005-09-02,555-2834,77 Nguyen Hue,Hue,Computer Science
Lan,Bui,lan.bui2231,lan.bui2231@student.sims.edu,,2004-12-11,555-2853,442 Le Loi,Ha Noi,Electronics
Trang,Ngo,trang.ngo2232,trang.ngo2232@student.sims.edu,,2002-04-21,555-2472,15 Tran Phu,Hue,Electronics
An,Huynh,an.huynh2233,an.huynh2233@student.sims.edu,,2001-09-04,555-8668,335 Le Loi,Nha Trang,Information Technology
Mai,Dang,mai.dang2234,mai.dang2234@student.sims.edu,,2005-07-11,555-9155,698 Tran Phu,Ha Noi,Business
Quang,Nguyen,quang.nguyen2235,quang.nguyen2235@student.sims.edu,,2001-06-04,555-4806,612 Nguyen Hue,Nha Trang,Computer Science
An,Ngo,an.ngo2236,an.ngo2236@student.sims.edu,,2003-06-21,555-1170,890 Hai Ba Trung,Ho Chi Minh,Computer Science
Ngoc,Do,ngoc.do2237,ngoc.do2237@student.sims.edu,,2004-12-21,555-7567,713 Tran Phu,Hue,Information Technology
Phong,Ly,phong.ly2238,phong.ly2238@student.sims.edu,,2005-05-12,555-1860,166 Nguyen Hue,Can Tho,Electronics
Ha,Vo,ha.vo2239,ha.vo2239@student.sims.edu,,2005-12-04,555-2695,349 Tran Phu,Ha Noi,Information Technology
Tam,Ho,tam.ho2240,tam.ho2240@student.sims.edu,,2001-12-23,555-5740,164 Hai Ba Trung,Can Tho,Physics
An,Dang,an.dang2241,an.dang2241@student.sims.edu,,2001-10-06,555-2615,337 Nguyen Hue,Nha Trang,Computer Science
Tam,Ngo,tam.ngo2242,tam.ngo2242@student.sims.edu,,2005-01-10,555-8989,437 Le Loi,Da Nang,Mathematics
Tuan,Pham,tuan.pham2243,tuan.pham2243@student.sims.edu,,2005-01-09,555-9454,720 Le Loi,Hai Phong,Business
Lan,Huynh,lan.huynh2244,lan.huynh2244@student.sims.edu,,2004-04-09,555-5620,386 Tran Phu,Da Nang,Physics
Lan,Ho,lan.ho2245,lan.ho2245@student.sims.edu,,2004-05-04,555-3224,984 Hai Ba Trung,Da Nang,Business
Giang,Bui,giang.bui2246,giang.bui2246@student.sims.edu,,2004-02-17,555-8864,832 Nguyen Hue,Ha Noi,Electronics
Bao,Pham,bao.pham2247,bao.pham2247@student.sims.edu,,2003-04-23,555-8681,540 Le Loi,Hue,Information Technology
Vy,Do,vy.do2248,vy.do2248@student.sims.edu,,2004-08-21,555-4494,72 Hai Ba Trung,Can Tho,Computer Science
Minh,Huynh,minh.huynh2249,minh.huynh2249@student.sims.edu,,2002-09-08,555-5843,83 Hai Ba Trung,Hue,Business
Ngoc,Do,ngoc.do2250,ngoc.do2250@student.sims.edu,,2001-11-01,555-1805,599 Tran Phu,Hue,Physics
Vy,Ly,vy.ly2251,vy.ly2251@student.sims.edu,,2005-03-16,555-1899,292 Hai Ba Trung,Can Tho,Computer Science
Ngoc,Le,ngoc.le2252,ngoc.le2252@student.sims.edu,,2001-06-28,555-9065,53 Nguyen Hue,Can Tho,Electronics
An,Tran,an.tran2253,an.tran2253@student.sims.edu,,2004-10-17,555-7430,184 Le Loi,Hue,Computer Science
Thu,Do,thu.do2254,thu.do2254@student.sims.edu,,2003-05-16,555-6110,400 Tran Phu,Ha Noi,Business
Hung,Ngo,hung.ngo2255,hung.ngo2255@student.sims.edu,,2003-10-17,555-8789,14 Nguyen Hue,Ha Noi,Electronics
Ngoc,Do,ngoc.do2256,ngoc.do2256@student.sims.edu,,2003-10-13,555-7899,984 Tran Phu,Ha Noi,Computer Science
Thu,Vo,thu.vo2257,thu.vo2257@student.sims.edu,,2005-09-15,555-6501,514 Hai Ba Trung,Da Nang,Computer Science
Ngoc,Huynh,ngoc.huynh2258,ngoc.huynh2258@student.sims.edu,,2001-03-06,555-5283,537 Hai Ba Trung,Nha Trang,Physics
Hai,Vo,hai.vo2259,hai.vo2259@student.sims.edu,,2002-03-15,555-3513,871 Tran Phu,Hai Phong,Business
Yen,Duong,yen.duong2260,yen.duong2260@student.sims.edu,,2001-11-27,555-7188,543 Nguyen Hue,Hue,Business
Duc,Le,duc.le2261,duc.le2261@student.sims.edu,,2005-04-27,555-2246,859 Le Loi,Hue,Electronics
Trang,Huynh,trang.huynh2262,trang.huynh2262@student.sims.edu,,2004-07-28,555-6060,772 Hai Ba Trung,Ho Chi Minh,Electronics
Quyen,Hoang,quyen.hoang2263,quyen.hoang2263@student.sims.edu,,2003-05-27,555-2170,554 Hai Ba Trung,Hai Phong,Information Technology
Nga,Ly,nga.ly2264,nga.ly2264@student.sims.edu,,2003-12-06,555-9001,149 Hai Ba Trung,Hai Phong,Electronics
Ngoc,Ho,ngoc.ho2265,ngoc.ho2265@student.sims.edu,,2005-09-26,555-7144,789 Tran Phu,Ha Noi,Computer Science
Khanh,Duong,khanh.duong2266,khanh.duong2266@student.sims.edu,,2004-05-14,555-5641,523 Tran Phu,Can Tho,Business
Trang,Dang,trang.dang2267,trang.dang2267@student.sims.edu,,2003-02-11,555-8953,160 Nguyen Hue,Hue,Computer Science
Quang,Tran,quang.tran2268,quang.tran2268@student.sims.edu,,2003-05-02,555-9578,546 Le Loi,Da Nang,Business
Quyen,Vu,quyen.vu2269,quyen.vu2269@student.sims.edu,,2001-11-27,555-6695,875 Hai Ba Trung,Ha Noi,Information Technology
Thu,Do,thu.do2270,thu.do2270@student.sims.edu,,2002-11-07,555-4114,626 Tran Phu,Nha Trang,Electronics
Quyen,Bui,quyen.bui2271,quyen.bui2271@student.sims.edu,,2001-04-05,555-5709,142 Hai Ba Trung,Ha Noi,Electronics
Tam,Ngo,tam.ngo2272,tam.ngo2272@student.sims.edu,,2004-03-09,555-4205,712 Le Loi,Ha Noi,Computer Science
Vy,Le,vy.le2273,vy.le2273@student.sims.edu,,2004-02-03,555-6145,103 Tran Phu,Ho Chi Minh,Computer Science
An,Pham,an.pham2274,an.pham2274@student.sims.edu,,2003-07-07,555-2026,578 Hai Ba Trung,Ha Noi,Computer Science
Hung,Ly,hung.ly2275,hung.ly2275@student.sims.edu,,2002-02-23,555-1721,819 Nguyen Hue,Hue,Mathematics
Hai,Ngo,hai.ngo2276,hai.ngo2276@student.sims.edu,,2001-10-03,555-1292,687 Nguyen Hue,Hue,Information Technology
Hung,Tran,hung.tran2277,hung.tran2277@student.sims.edu,,2003-09-19,555-5684,521 Hai Ba Trung,Can Tho,Business
Quyen,Nguyen,quyen.nguyen2278,quyen.nguyen2278@student.sims.edu,,2002-08-15,555-7838,314 Tran Phu,Ho Chi Minh,Information Technology
Nam,Le,nam.le2279,nam.le2279@student.sims.edu,,2005-08-22,555-4290,660 Hai Ba Trung,Can Tho,Computer Science
Lan,Vu,lan.vu2280,lan.vu2280@student.sims.edu,,2002-03-27,555-4722,621 Nguyen Hue,Hai Phong,Computer Science
Minh,Vo,minh.vo2281,minh.vo2281@student.sims.edu,,2004-08-06,555-4545,841 Tran Phu,Can Tho,Information Technology
Binh,Ly,binh.ly2282,binh.ly2282@student.sims.edu,,2003-05-26,555-4225,621 Hai Ba Trung,Hai Phong,Business
Thu,Dang,thu.dang2283,thu.dang2283@student.sims.edu,,2002-07-06,555-3555,56 Hai Ba Trung,Hai Phong,Business
Thao,Nguyen,thao.nguyen2284,thao.nguyen2284@student.sims.edu,,2001-07-01,555-8708,660 Le Loi,Hai Phong,Information Technology
Vy,Tran,vy.tran2285,vy.tran2285@student.sims.edu,,2002-05-10,555-6720,126 Nguyen Hue,Da Nang,Electronics
Chi,Hoang,chi.hoang2286,chi.hoang2286@student.sims.edu,,2003-07-19,555-3425,483 Nguyen Hue,Ha Noi,Electronics
Ha,Ly,ha.ly2287,ha.ly2287@student.sims.edu,,2001-09-06,555-7930,908 Nguyen Hue,Hai Phong,Physics
Khanh,Vu,khanh.vu2288,khanh.vu2288@student.sims.edu,,2003-07-11,555-9270,270 Nguyen Hue,Ho Chi Minh,Business
Yen,Le,yen.le2289,yen.le2289@student.sims.edu,,2005-06-21,555-5346,378 Tran Phu,Ho Chi Minh,Computer Science
Nam,Huynh,nam.huynh2290,nam.huynh2290@student.sims.edu,,2004-01-13,555-5127,426 Le Loi,Ho Chi Minh,Business
Hoa,Bui,hoa.bui2291,hoa.bui2291@student.sims.edu,,2005-06-17,555-8593,703 Le Loi,Can Tho,Business
An,Tran,an.tran2292,an.tran2292@student.sims.edu,,2003-02-27,555-1264,927 Hai Ba Trung,Ho Chi Minh,Information Technology
Trang,Ngo,trang.ngo2293,trang.ngo2293@student.sims.edu,,2002-12-03,555-5145,985 Le Loi,Nha Trang,Electronics
Yen,Dang,yen.dang2294,yen.dang2294@student.sims.edu,,2004-04-04,555-5466,386 Tran Phu,Ha Noi,Electronics
Binh,Ly,binh.ly2295,binh.ly2295@student.sims.edu,,2005-09-19,555-6524,606 Nguyen Hue,Ho Chi Minh,Electronics
Lan,Ngo,lan.ngo2296,lan.ngo2296@student.sims.edu,,2002-01-20,555-5164,547 Hai Ba Trung,Ho Chi Minh,Mathematics
Minh,Duong,minh.duong2297,minh.duong2297@student.sims.edu,,2005-03-05,555-9481,204 Nguyen Hue,Da Nang,Information Technology
Nga,Vo,nga.vo2298,nga.vo2298@student.sims.edu,,2003-04-26,555-7542,579 Hai Ba Trung,Hai Phong,Physics
Dung,Ho,dung.ho2299,dung.ho2299@student.sims.edu,,2004-08-25,555-2067,164 Le Loi,Da Nang,Electronics
Thu,Vu,thu.vu2300,thu.vu2300@student.sims.edu,,2004-04-08,555-8339,921 Nguyen Hue,Hai Phong,Mathematics
Hoa,Do,hoa.do2301,hoa.do2301@student.sims.edu,,2003-02-20,555-8340,993 Tran Phu,Hai Phong,Mathematics
Son,Dang,son.dang2302,son.dang2302@student.sims.edu,,2002-06-26,555-6217,499 Le Loi,Da Nang,Computer Science
Bao,Ho,bao.ho2303,bao.ho2303@student.sims.edu,,2005-04-03,555-3096,360 Hai Ba Trung,Ha Noi,Business
Thao,Le,thao.le2304,thao.le2304@student.sims.edu,,2003-12-20,555-2073,94 Tran Phu,Ha Noi,Computer Science
Lan,Ho,lan.ho2305,lan.ho2305@student.sims.edu,,2004-12-20,555-2785,886 Nguyen Hue,Da Nang,Information Technology
Hoa,Do,hoa.do2306,hoa.do2306@student.sims.edu,,2002-02-09,555-9941,926 Tran Phu,Ho Chi Minh,Mathematics
Lan,Huynh,lan.huynh2307,lan.huynh2307@student.sims.edu,,2003-10-11,555-3262,135 Nguyen Hue,Nha Trang,Physics
Mai,Do,mai.do2308,mai.do2308@student.sims.edu,,2003-09-22,555-9654,946 Hai Ba Trung,Nha Trang,Electronics
Ngoc,Ly,ngoc.ly2309,ngoc.ly2309@student.sims.edu,,2001-04-20,555-7166,787 Nguyen Hue,Ha Noi,Electronics
Duc,Ho,duc.ho2310,duc.ho2310@student.sims.edu,,2001-11-20,555-4428,686 Tran Phu,Da Nang,Electronics
Giang,Ho,giang.ho2311,giang.ho2311@student.sims.edu,,2004-07-19,555-7669,700 Hai Ba Trung,Hai Phong,Computer Science
Chi,Le,chi.le2312,chi.le2312@student.sims.edu,,2001-05-28,555-3765,606 Tran Phu,Nha Trang,Information Technology
Nam,Le,nam.le2313,nam.le2313@student.sims.edu,,2002-09-01,555-6478,418 Hai Ba Trung,Can Tho,Computer Science
Quyen,Do,quyen.do2314,quyen.do2314@student.sims.edu,,2001-04-22,555-9125,667 Nguyen Hue,Ho Chi Minh,Mathematics
Tuan,Hoang,tuan.hoang2315,tuan.hoang2315@student.sims.edu,,2004-12-18,555-9595,662 Nguyen Hue,Da Nang,Physics
Duc,Nguyen,duc.nguyen2316,duc.nguyen2316@student.sims.edu,,2004-04-10,555-6694,944 Le Loi,Hai Phong,Business
Vy,Do,vy.do2317,vy.do2317@student.sims.edu,,2002-04-05,555-3115,263 Hai Ba Trung,Hai Phong,Information Technology
Hung,Dang,hung.dang2318,hung.dang2318@student.sims.edu,,2005-04-12,555-7023,987 Nguyen Hue,Hai Phong,Electronics
Yen,Dang,yen.dang2319,yen.dang2319@student.sims.edu,,2004-03-23,555-7696,735 Le Loi,Ho Chi Minh,Information Technology
Lan,Vo,lan.vo2320,lan.vo2320@student.sims.edu,,2002-01-02,555-5755,878 Nguyen Hue,Da Nang,Mathematics
Binh,Hoang,binh.hoang2321,binh.hoang2321@student.sims.edu,,2003-02-28,555-4177,428 Nguyen Hue,Nha Trang,Information Technology
Bao,Vu,bao.vu2322,bao.vu2322@student.sims.edu,,2003-12-25,555-8167,655 Le Loi,Ho Chi Minh,Business
Chi,Tran,chi.tran2323,chi.tran2323@student.sims.edu,,2004-06-21,555-6248,981 Le Loi,Can Tho,Business
Vy,Dang,vy.dang2324,vy.dang2324@student.sims.edu,,2002-05-14,555-5545,730 Tran Phu,Hai Phong,Information Technology
Duc,Ly,duc.ly2325,duc.ly2325@student.sims.edu,,2005-05-14,555-5126,748 Le Loi,Nha Trang,Computer Science
Chi,Dang,chi.dang2326,chi.dang2326@student.sims.edu,,2004-05-02,555-4477,859 Le Loi,Ha Noi,Physics
Nam,Duong,nam.duong2327,nam.duong2327@student.sims.edu,,2001-10-13,555-4832,121 Tran Phu,Ha Noi,Mathematics
Hai,Vu,hai.vu2328,hai.vu2328@student.sims.edu,,2001-12-08,555-8889,26 Le Loi,Can Tho,Physics
Son,Ngo,son.ngo2329,son.ngo2329@student.sims.edu,,2001-01-22,555-2055,496 Nguyen Hue,Nha Trang,Physics
Quyen,Nguyen,quyen.nguyen2330,quyen.nguyen2330@student.sims.edu,,2005-04-18,555-9322,822 Le Loi,Can Tho,Electronics
Nga,Huynh,nga.huynh2331,nga.huynh2331@student.sims.edu,,2001-07-26,555-7056,567 Hai Ba Trung,Hai Phong,Computer Science
Khanh,Hoang,khanh.hoang2332,khanh.hoang2332@student.sims.edu,,2002-12-28,555-6341,575 Le Loi,Ho Chi Minh,Computer Science
Ha,Huynh,ha.huynh2333,ha.huynh2333@student.sims.edu,,2005-01-05,555-3888,497 Nguyen Hue,Can Tho,Mathematics
Lan,Hoang,lan.hoang2334,lan.hoang2334@student.sims.edu,,2001-08-24,555-3148,461 Nguyen Hue,Ho Chi Minh,Information Technology
Lan,Pham,lan.pham2335,lan.pham2335@student.sims.edu,,2005-01-01,555-6127,119 Hai Ba Trung,Nha Trang,Computer Science
Phong,Nguyen,phong.nguyen2336,phong.nguyen2336@student.sims.edu,,2003-02-21,555-5616,177 Tran Phu,Nha Trang,Mathematics
Vy,Vo,vy.vo2337,vy.vo2337@student.sims.edu,,2003-03-02,555-7821,677 Tran Phu,Hue,Computer Science
Tuan,Dang,tuan.dang2338,tuan.dang2338@student.sims.edu,,2001-09-06,555-3675,442 Nguyen Hue,Hue,Physics
Son,Huynh,son.huynh2339,son.huynh2339@student.sims.edu,,2002-09-10,555-8184,425 Le Loi,Nha Trang,Computer Science
Duc,Ho,duc.ho2340,duc.ho2340@student.sims.edu,,2002-05-18,555-4674,749 Le Loi,Hue,Physics
Ha,Tran,ha.tran2341,ha.tran2341@student.sims.edu,,2005-05-22,555-5947,44 Hai Ba Trung,Hai Phong,Electronics
Nga,Bui,nga.bui2342,nga.bui2342@student.sims.edu,,2003-05-22,555-3321,321 Tran Phu,Ha Noi,Computer Science
Hoa,Vo,hoa.vo2343,hoa.vo2343@student.sims.edu,,2002-09-09,555-3137,7 Tran Phu,Hue,Business
Tuan,Vo,tuan.vo2344,tuan.vo2344@student.sims.edu,,2002-04-24,555-2302,499 Le Loi,Ho Chi Minh,Computer Science
Quyen,Hoang,quyen.hoang2345,quyen.hoang2345@student.sims.edu,,2001-04-16,555-8614,724 Tran Phu,Nha Trang,Physics
Ha,Pham,ha.pham2346,ha.pham2346@student.sims.edu,,2003-12-07,555-3324,649 Nguyen Hue,Hai Phong,Mathematics
Linh,Vo,linh.vo2347,linh.vo2347@student.sims.edu,,2001-08-17,555-7320,135 Hai Ba Trung,Can Tho,Mathematics
Yen,Vo,yen.vo2348,yen.vo2348@student.sims.edu,,2002-03-06,555-3124,671 Nguyen Hue,Da Nang,Physics
Quang,Vu,quang.vu2349,quang.vu2349@student.sims.edu,,2001-06-17,555-1616,520 Le Loi,Nha Trang,Mathematics
Ngoc,Ly,ngoc.ly2350,ngoc.ly2350@student.sims.edu,,2005-04-18,555-5929,117 Tran Phu,Hai Phong,Electronics
Quang,Nguyen,quang.nguyen2351,quang.nguyen2351@student.sims.edu,,2005-02-01,555-9814,27 Nguyen Hue,Can Tho,Information Technology
Nga,Le,nga.le2352,nga.le2352@student.sims.edu,,2002-05-18,555-4987,777 Nguyen Hue,Hai Phong,Business
Hung,Pham,hung.pham2353,hung.pham2353@student.sims.edu,,2003-08-05,555-4690,368 Nguyen Hue,Hai Phong,Physics
Phong,Le,phong.le2354,phong.le2354@student.sims.edu,,2004-07-08,555-6813,112 Tran Phu,Nha Trang,Business
Minh,Vo,minh.vo2355,minh.vo2355@student.sims.edu,,2004-08-08,555-7478,827 Hai Ba Trung,Ho Chi Minh,Mathematics
Thao,Duong,thao.duong2356,thao.duong2356@student.sims.edu,,2002-03-09,555-7459,276 Hai Ba Trung,Ho Chi Minh,Electronics
Phong,Ngo,phong.ngo2357,phong.ngo2357@student.sims.edu,,2001-10-17,555-2391,300 Hai Ba Trung,Da Nang,Business
Bao,Dang,bao.dang2358,bao.dang2358@student.sims.edu,,2002-10-11,555-8539,218 Hai Ba Trung,Ha Noi,Electronics
Khanh,Vo,khanh.vo2359,khanh.vo2359@student.sims.edu,,2005-08-15,555-9716,482 Tran Phu,Ho Chi Minh,Physics
Thu,Vu,thu.vu2360,thu.vu2360@student.sims.edu,,2004-04-02,555-9214,999 Hai Ba Trung,Da Nang,Physics
Bao,Nguyen,bao.nguyen2361,bao.nguyen2361@student.sims.edu,,2004-08-08,555-2144,311 Hai Ba Trung,Ha Noi,Information Technology
Nga,Ho,nga.ho2362,nga.ho2362@student.sims.edu,,2004-10-03,555-9017,673 Hai Ba Trung,Hai Phong,Electronics
Dung,Do,dung.do2363,dung.do2363@student.sims.edu,,2003-02-15,555-7611,987 Tran Phu,Ha Noi,Computer Science
Quyen,Hoang,quyen.hoang2364,quyen.hoang2364@student.sims.edu,,2002-10-05,555-2692,402 Hai Ba Trung,Hue,Information Technology
Bao,Ngo,bao.ngo2365,bao.ngo2365@student.sims.edu,,2004-10-10,555-6322,355 Le Loi,Nha Trang,Mathematics
Tuan,Pham,tuan.pham2366,tuan.pham2366@student.sims.edu,,2004-07-02,555-9283,206 Tran Phu,Can Tho,Business
Duc,Huynh,duc.huynh2367,duc.huynh2367@student.sims.edu,,2004-08-26,555-7005,686 Hai Ba Trung,Ho Chi Minh,Mathematics
Chi,Do,chi.do2368,chi.do2368@student.sims.edu,,2001-12-19,555-3978,452 Nguyen Hue,Nha Trang,Business
Yen,Ngo,yen.ngo2369,yen.ngo2369@student.sims.edu,,2001-06-28,555-2311,550 Hai Ba Trung,Ha Noi,Computer Science
Ha,Huynh,ha.huynh2370,ha.huynh2370@student.sims.edu,,2003-03-25,555-4363,144 Hai Ba Trung,Hai Phong,Business
Minh,Hoang,minh.hoang2371,minh.hoang2371@student.sims.edu,,2005-09-09,555-3545,797 Le Loi,Can Tho,Electronics
Khanh,Vo,khanh.vo2372,khanh.vo2372@student.sims.edu,,2003-05-28,555-6291,755 Le Loi,Ho Chi Minh,Information Technology
Duc,Vo,duc.vo2373,duc.vo2373@student.sims.edu,,2005-02-16,555-9377,440 Tran Phu,Ho Chi Minh,Business
Hung,Dang,hung.dang2374,hung.dang2374@student.sims.edu,,2003-03-17,555-3641,687 Nguyen Hue,Can Tho,Electronics
Tuan,Nguyen,tuan.nguyen2375,tuan.nguyen2375@student.sims.edu,,2001-03-17,555-7344,53 Hai Ba Trung,Can Tho,Information Technology
Hoa,Le,hoa.le2376,hoa.le2376@student.sims.edu,,2003-11-19,555-1812,150 Hai Ba Trung,Can Tho,Mathematics
Tuan,Bui,tuan.bui2377,tuan.bui2377@student.sims.edu,,2001-02-07,555-5394,292 Tran Phu,Ha Noi,Information Technology
Minh,Tran,minh.tran2378,minh.tran2378@student.sims.edu,,2005-01-05,555-2512,537 Nguyen Hue,Ha Noi,Physics
Khanh,Ly,khanh.ly2379,khanh.ly2379@student.sims.edu,,2001-10-24,555-5252,333 Hai Ba Trung,Da Nang,Mathematics
Thao,Vo,thao.vo2380,thao.vo2380@student.sims.edu,,2005-10-03,555-8078,184 Hai Ba Trung,Nha Trang,Electronics
Quyen,Tran,quyen.tran2381,quyen.tran2381@student.sims.edu,,2002-08-13,555-8951,894 Tran Phu,Da Nang,Mathematics
Khanh,Vu,khanh.vu2382,khanh.vu2382@student.sims.edu,,2004-05-26,555-9389,869 Hai Ba Trung,Ha Noi,Electronics
Quyen,Duong,quyen.duong2383,quyen.duong2383@student.sims.edu,,2002-11-14,555-4316,166 Hai Ba Trung,Can Tho,Electronics
Mai,Nguyen,mai.nguyen2384,mai.nguyen2384@student.sims.edu,,2001-08-24,555-3582,293 Nguyen Hue,Hue,Physics
Lan,Do,lan.do2385,lan.do2385@student.sims.edu,,2003-03-09,555-1351,482 Nguyen Hue,Can Tho,Information Technology
Quang,Tran,quang.tran2386,quang.tran2386@student.sims.edu,,2005-04-08,555-7872,546 Tran Phu,Ha Noi,Information Technology
Yen,Bui,yen.bui2387,yen.bui2387@student.sims.edu,,2002-08-22,555-2530,577 Nguyen Hue,Ha Noi,Computer Science
Giang,Huynh,giang.huynh2388,giang.huynh2388@student.sims.edu,,2003-09-01,555-2652,73 Le Loi,Can Tho,Electronics
Duc,Duong,duc.duong2389,duc.duong2389@student.sims.edu,,2003-01-14,555-1233,697 Le Loi,Da Nang,Electronics
Thu,Pham,thu.pham2390,thu.pham2390@student.sims.edu,,2002-02-08,555-7845,692 Hai Ba Trung,Nha Trang,Business
Hai,Tran,hai.tran2391,hai.tran2391@student.sims.edu,,2001-02-04,555-3122,114 Tran Phu,Hai Phong,Electronics
Hai,Le,hai.le2392,hai.le2392@student.sims.edu,,2004-09-04,555-2647,244 Tran Phu,Hue,Physics
Tam,Huynh,tam.huynh2393,tam.huynh2393@student.sims.edu,,2001-05-26,555-1252,700 Le Loi,Can Tho,Information Technology
Thao,Dang,thao.dang2394,thao.dang2394@student.sims.edu,,2004-06-26,555-1541,264 Le Loi,Hai Phong,Electronics
Bao,Duong,bao.duong2395,bao.duong2395@student.sims.edu,,2005-03-01,555-3980,27 Tran Phu,Hue,Business
Bao,Vu,bao.vu2396,bao.vu2396@student.sims.edu,,2004-01-06,555-6316,707 Hai Ba Trung,Hai Phong,Electronics
Khanh,Duong,khanh.duong2397,khanh.duong2397@student.sims.edu,,2002-03-17,555-6410,58 Tran Phu,Hai Phong,Electronics
Linh,Ly,linh.ly2398,linh.ly2398@student.sims.edu,,2001-08-02,555-9628,126 Nguyen Hue,Can Tho,Mathematics
Phong,Do,phong.do2399,phong.do2399@student.sims.edu,,2002-05-16,555-5056,474 Hai Ba Trung,Da Nang,Physics
Tuan,Le,tuan.le2400,tuan.le2400@student.sims.edu,,2002-09-14,555-6776,86 Hai Ba Trung,Hai Phong,Computer Science
Yen,Duong,yen.duong2401,yen.duong2401@student.sims.edu,,2002-03-12,555-8030,365 Nguyen Hue,Da Nang,Information Technology
Mai,Ngo,mai.ngo2402,mai.ngo2402@student.sims.edu,,2001-09-09,555-7536,978 Nguyen Hue,Ho Chi Minh,Electronics
Khanh,Bui,khanh.bui2403,khanh.bui2403@student.sims.edu,,2001-09-10,555-2034,658 Le Loi,Nha Trang,Electronics
Trang,Bui,trang.bui2404,trang.bui2404@student.sims.edu,,2001-08-19,555-1592,598 Le Loi,Hai Phong,Mathematics
Lan,Ngo,lan.ngo2405,lan.ngo2405@student.sims.edu,,2002-09-19,555-6959,538 Hai Ba Trung,Hue,Information Technology
Ngoc,Bui,ngoc.bui2406,ngoc.bui2406@student.sims.edu,,2005-03-27,555-9962,443 Hai Ba Trung,Hue,Electronics
Hoa,Vu,hoa.vu2407,hoa.vu2407@student.sims.edu,,2003-07-04,555-3600,836 Tran Phu,Hai Phong,Information Technology
Khanh,Bui,khanh.bui2408,khanh.bui2408@student.sims.edu,,2004-06-27,555-9663,404 Hai Ba Trung,Hai Phong,Business
Lan,Ly,lan.ly2409,lan.ly2409@student.sims.edu,,2004-11-23,555-7255,406 Nguyen Hue,Nha Trang,Business
Quyen,Vu,quyen.vu2410,quyen.vu2410@student.sims.edu,,2003-05-27,555-7638,41 Nguyen Hue,Hue,Mathematics
Duc,Vo,duc.vo2411,duc.vo2411@student.sims.edu,,2004-09-06,555-4744,563 Nguyen Hue,Da Nang,Computer Science
Binh,Le,binh.le2412,binh.le2412@student.sims.edu,,2004-08-02,555-1007,851 Tran Phu,Hai Phong,Computer Science
Quyen,Hoang,quyen.hoang2413,quyen.hoang2413@student.sims.edu,,2002-06-12,555-8646,90 Nguyen Hue,Ho Chi Minh,Physics
Vy,Do,vy.do2414,vy.do2414@student.sims.edu,,2005-08-18,555-7784,467 Le Loi,Can Tho,Physics
Yen,Tran,yen.tran2415,yen.tran2415@student.sims.edu,,2005-10-06,555-8876,525 Hai Ba Trung,Da Nang,Business
Bao,Ngo,bao.ngo2416,bao.ngo2416@student.sims.edu,,2003-11-23,555-7855,723 Le Loi,Nha Trang,Computer Science
Linh,Vo,linh.vo2417,linh.vo2417@student.sims.edu,,2002-05-22,555-8986,282 Nguyen Hue,Can Tho,Physics
Trang,Nguyen,trang.nguyen2418,trang.nguyen2418@student.sims.edu,,2001-10-20,555-2178,498 Nguyen Hue,Hue,Business
Dung,Vu,dung.vu2419,dung.vu2419@student.sims.edu,,2003-02-11,555-5128,453 Le Loi,Can Tho,Electronics
Thu,Vo,thu.vo2420,thu.vo2420@student.sims.edu,,2001-04-05,555-1548,95 Le Loi,Ho Chi Minh,Physics
An,Nguyen,an.nguyen2421,an.nguyen2421@student.sims.edu,,2005-04-26,555-6671,603 Le Loi,Hue,Mathematics
Duc,Huynh,duc.huynh2422,duc.huynh2422@student.sims.edu,,2003-11-08,555-7013,429 Hai Ba Trung,Hai Phong,Business
Ha,Ly,ha.ly2423,ha.ly2423@student.sims.edu,,2003-03-20,555-6816,599 Hai Ba Trung,Ha Noi,Information Technology
Quyen,Hoang,quyen.hoang2424,quyen.hoang2424@student.sims.edu,,2002-07-22,555-9220,659 Hai Ba Trung,Hue,Electronics
Dung,Hoang,dung.hoang2425,dung.hoang2425@student.sims.edu,,2002-07-03,555-5351,865 Le Loi,Can Tho,Electronics
Ngoc,Le,ngoc.le2426,ngoc.le2426@student.sims.edu,,2003-09-17,555-6453,490 Tran Phu,Hue,Computer Science
Khanh,Ly,khanh.ly2427,khanh.ly2427@student.sims.edu,,2001-06-20,555-1909,134 Tran Phu,Ha Noi,Physics
Minh,Vu,minh.vu2428,minh.vu2428@student.sims.edu,,2002-07-08,555-5257,244 Hai Ba Trung,Ha Noi,Business
Yen,Nguyen,yen.nguyen2429,yen.nguyen2429@student.sims.edu,,2002-09-08,555-2377,750 Hai Ba Trung,Da Nang,Electronics
Tuan,Bui,tuan.bui2430,tuan.bui2430@student.sims.edu,,2003-10-04,555-4999,413 Le Loi,Ha Noi,Information Technology
Yen,Bui,yen.bui2431,yen.bui2431@student.sims.edu,,2005-06-01,555-7864,386 Tran Phu,Ho Chi Minh,Physics
Thao,Ly,thao.ly2432,thao.ly2432@student.sims.edu,,2001-12-19,555-4763,553 Hai Ba Trung,Nha Trang,Mathematics
Linh,Vu,linh.vu2433,linh.vu2433@student.sims.edu,,2002-05-01,555-9541,673 Le Loi,Ho Chi Minh,Electronics
Phong,Vo,phong.vo2434,phong.vo2434@student.sims.edu,,2005-12-24,555-8955,644 Hai Ba Trung,Hue,Computer Science
Trang,Vu,trang.vu2435,trang.vu2435@student.sims.edu,,2002-12-19,555-1728,71 Hai Ba Trung,Ho Chi Minh,Information Technology
Linh,Nguyen,linh.nguyen2436,linh.nguyen2436@student.sims.edu,,2002-02-21,555-9648,67 Tran Phu,Nha Trang,Business
Tam,Ngo,tam.ngo2437,tam.ngo2437@student.sims.edu,,2002-05-17,555-4327,377 Nguyen Hue,Ha Noi,Physics
Nga,Vu,nga.vu2438,nga.vu2438@student.sims.edu,,2001-07-05,555-9630,546 Tran Phu,Can Tho,Business
Tuan,Huynh,tuan.huynh2439,tuan.huynh2439@student.sims.edu,,2003-06-01,555-4715,286 Hai Ba Trung,Hai Phong,Mathematics
Minh,Do,minh.do2440,minh.do2440@student.sims.edu,,2005-02-10,555-8213,599 Le Loi,Ha Noi,Information Technology
Ha,Ly,ha.ly2441,ha.ly2441@student.sims.edu,,2001-06-22,555-3610,80 Nguyen Hue,Ho Chi Minh,Computer Science
Hoa,Duong,hoa.duong2442,hoa.duong2442@student.sims.edu,,2003-11-04,555-6936,855 Nguyen Hue,Da Nang,Physics
Phong,Huynh,phong.huynh2443,phong.huynh2443@student.sims.edu,,2003-10-19,555-4308,195 Nguyen Hue,Nha Trang,Information Technology
Tuan,Ho,tuan.ho2444,tuan.ho2444@student.sims.edu,,2005-03-20,555-8588,387 Nguyen Hue,Nha Trang,Computer Science
Yen,Vu,yen.vu2445,yen.vu2445@student.sims.edu,,2002-10-11,555-5685,57 Tran Phu,Hue,Computer Science
Giang,Dang,giang.dang2446,giang.dang2446@student.sims.edu,,2004-07-05,555-9358,333 Nguyen Hue,Da Nang,Mathematics
Mai,Bui,mai.bui2447,mai.bui2447@student.sims.edu,,2005-07-09,555-5012,756 Nguyen Hue,Ho Chi Minh,Physics
Binh,Duong,binh.duong2448,binh.duong2448@student.sims.edu,,2001-03-25,555-7300,231 Tran Phu,Ho Chi Minh,Electronics
Thao,Ly,thao.ly2449,thao.ly2449@student.sims.edu,,2004-10-04,555-2774,625 Tran Phu,Hai Phong,Physics
Dung,Ly,dung.ly2450,dung.ly2450@student.sims.edu,,2005-01-02,555-7601,145 Hai Ba Trung,Hue,Mathematics
Dung,Ly,dung.ly2451,dung.ly2451@student.sims.edu,,2002-04-26,555-9581,525 Tran Phu,Hai Phong,Business
Linh,Nguyen,linh.nguyen2452,linh.nguyen2452@student.sims.edu,,2001-02-28,555-4727,566 Le Loi,Ho Chi Minh,Information Technology
Hoa,Nguyen,hoa.nguyen2453,hoa.nguyen2453@student.sims.edu,,2003-11-27,555-8836,949 Nguyen Hue,Ha Noi,Electronics
Ngoc,Hoang,ngoc.hoang2454,ngoc.hoang2454@student.sims.edu,,2002-07-04,555-9179,391 Le Loi,Hai Phong,Electronics
Quang,Nguyen,quang.nguyen2455,quang.nguyen2455@student.sims.edu,,2005-03-22,555-8332,349 Le Loi,Hue,Physics
Minh,Ngo,minh.ngo2456,minh.ngo2456@student.sims.edu,,2003-11-05,555-3244,14 Tran Phu,Nha Trang,Information Technology
Ngoc,Do,ngoc.do2457,ngoc.do2457@student.sims.edu,,2003-05-13,555-4780,756 Hai Ba Trung,Hai Phong,Information Technology
Phong,Vu,phong.vu2458,phong.vu2458@student.sims.edu,,2005-05-07,555-6700,537 Hai Ba Trung,Ho Chi Minh,Information Technology
Khanh,Hoang,khanh.hoang2459,khanh.hoang2459@student.sims.edu,,2005-12-11,555-7727,812 Nguyen Hue,Da Nang,Electronics
Chi,Ly,chi.ly2460,chi.ly2460@student.sims.edu,,2003-09-15,555-8021,144 Nguyen Hue,Da Nang,Physics
Tuan,Ngo,tuan.ngo2461,tuan.ngo2461@student.sims.edu,,2002-04-12,555-6209,726 Nguyen Hue,Ha Noi,Business
Trang,Le,trang.le2462,trang.le2462@student.sims.edu,,2005-07-21,555-8730,328 Hai Ba Trung,Hue,Information Technology
Linh,Bui,linh.bui2463,linh.bui2463@student.sims.edu,,2001-10-12,555-6430,539 Le Loi,Hai Phong,Information Technology
Phong,Vo,phong.vo2464,phong.vo2464@student.sims.edu,,2002-04-26,555-6932,269 Le Loi,Ha Noi,Information Technology
Quang,Ho,quang.ho2465,quang.ho2465@student.sims.edu,,2002-11-02,555-3965,77 Tran Phu,Ha Noi,Electronics
Lan,Dang,lan.dang2466,lan.dang2466@student.sims.edu,,2005-01-13,555-2666,990 Tran Phu,Hue,Physics
Trang,Ngo,trang.ngo2467,trang.ngo2467@student.sims.edu,,2005-04-02,555-2626,197 Tran Phu,Hue,Computer Science
Nam,Nguyen,nam.nguyen2468,nam.nguyen2468@student.sims.edu,,2003-11-13,555-4218,302 Hai Ba Trung,Hue,Computer Science
Tuan,Le,tuan.le2469,tuan.le2469@student.sims.edu,,2001-03-21,555-9422,827 Nguyen Hue,Hai Phong,Business
Ngoc,Huynh,ngoc.huynh2470,ngoc.huynh2470@student.sims.edu,,2005-04-21,555-4105,405 Tran Phu,Can Tho,Electronics
Khanh,Dang,khanh.dang2471,khanh.dang2471@student.sims.edu,,2005-10-27,555-2213,553 Le Loi,Ho Chi Minh,Computer Science
Minh,Bui,minh.bui2472,minh.bui2472@student.sims.edu,,2002-11-13,555-3802,40 Nguyen Hue,Nha Trang,Mathematics
Ngoc,Vu,ngoc.vu2473,ngoc.vu2473@student.sims.edu,,2005-06-24,555-1961,236 Le Loi,Ha Noi,Mathematics
Binh,Vu,binh.vu2474,binh.vu2474@student.sims.edu,,2003-02-17,555-4966,654 Nguyen Hue,Da Nang,Mathematics
Duc,Duong,duc.duong2475,duc.duong2475@student.sims.edu,,2003-09-04,555-6017,699 Nguyen Hue,Ha Noi,Business
Trang,Le,trang.le2476,trang.le2476@student.sims.edu,,2004-12-07,555-1150,287 Nguyen Hue,Nha Trang,Computer Science
Ha,Nguyen,ha.nguyen2477,ha.nguyen2477@student.sims.edu,,2002-08-04,555-6350,918 Tran Phu,Ha Noi,Business
Yen,Pham,yen.pham2478,yen.pham2478@student.sims.edu,,2002-05-09,555-2113,606 Nguyen Hue,Ho Chi Minh,Information Technology
Ngoc,Tran,ngoc.tran2479,ngoc.tran2479@student.sims.edu,,2003-01-25,555-5355,609 Nguyen Hue,Hue,Physics
Giang,Vu,giang.vu2480,giang.vu2480@student.sims.edu,,2003-10-11,555-8752,254 Le Loi,Da Nang,Mathematics
Khanh,Nguyen,khanh.nguyen2481,khanh.nguyen2481@student.sims.edu,,2001-08-20,555-1254,596 Nguyen Hue,Ho Chi Minh,Information Technology
Mai,Vo,mai.vo2482,mai.vo2482@student.sims.edu,,2004-10-26,555-8468,684 Tran Phu,Nha Trang,Mathematics
Yen,Le,yen.le2483,yen.le2483@student.sims.edu,,2002-10-18,555-5595,447 Nguyen Hue,Hai Phong,Business
Chi,Duong,chi.duong2484,chi.duong2484@student.sims.edu,,2005-08-03,555-1255,609 Le Loi,Nha Trang,Physics
Tuan,Duong,tuan.duong2485,tuan.duong2485@student.sims.edu,,2001-10-26,555-9113,276 Hai Ba Trung,Hai Phong,Business
Giang,Pham,giang.pham2486,giang.pham2486@student.sims.edu,,2004-02-12,555-7483,296 Hai Ba Trung,Nha Trang,Information Technology
Thu,Le,thu.le2487,thu.le2487@student.sims.edu,,2005-12-14,555-8530,86 Tran Phu,Da Nang,Business
Nam,Ly,nam.ly2488,nam.ly2488@student.sims.edu,,2001-05-27,555-9165,77 Nguyen Hue,Ha Noi,Mathematics
Tam,Hoang,tam.hoang2489,tam.hoang2489@student.sims.edu,,2003-03-05,555-6316,145 Le Loi,Hue,Computer Science
Phong,Do,phong.do2490,phong.do2490@student.sims.edu,,2003-03-08,555-3277,242 Nguyen Hue,Ha Noi,Information Technology
Bao,Bui,bao.bui2491,bao.bui2491@student.sims.edu,,2004-11-02,555-4162,864 Hai Ba Trung,Hue,Business
Nga,Hoang,nga.hoang2492,nga.hoang2492@student.sims.edu,,2001-01-12,555-4774,789 Le Loi,Da Nang,Electronics
Lan,Ly,lan.ly2493,lan.ly2493@student.sims.edu,,2005-09-11,555-1799,995 Hai Ba Trung,Nha Trang,Electronics
Nam,Hoang,nam.hoang2494,nam.hoang2494@student.sims.edu,,2002-11-23,555-2137,933 Tran Phu,Nha Trang,Physics
Ha,Nguyen,ha.nguyen2495,ha.nguyen2495@student.sims.edu,,2005-07-18,555-5499,547 Tran Phu,Can Tho,Mathematics
Thu,Nguyen,thu.nguyen2496,thu.nguyen2496@student.sims.edu,,2004-09-28,555-8911,19 Tran Phu,Nha Trang,Computer Science
Khanh,Vo,khanh.vo2497,khanh.vo2497@student.sims.edu,,2001-04-27,555-2632,876 Hai Ba Trung,Hai Phong,Information Technology
Hai,Tran,hai.tran2498,hai.tran2498@student.sims.edu,,2001-04-22,555-1256,405 Hai Ba Trung,Ho Chi Minh,Business
Hung,Bui,hung.bui2499,hung.bui2499@student.sims.edu,,2005-05-26,555-6403,2 Nguyen Hue,Ho Chi Minh,Physics
Mai,Vo,mai.vo2500,mai.vo2500@student.sims.edu,,2002-09-27,555-6820,120 Nguyen Hue,Nha Trang,Information Technology
Dung,Nguyen,dung.nguyen2501,dung.nguyen2501@student.sims.edu,,2002-10-25,555-7719,369 Le Loi,Hue,Physics
Tam,Bui,tam.bui2502,tam.bui2502@student.sims.edu,,2004-09-03,555-7779,524 Hai Ba Trung,Hai Phong,Electronics
Tam,Le,tam.le2503,tam.le2503@student.sims.edu,,2002-09-06,555-5334,426 Nguyen Hue,Ho Chi Minh,Mathematics
Vy,Ngo,vy.ngo2504,vy.ngo2504@student.sims.edu,,2005-08-26,555-3301,548 Le Loi,Hai Phong,Electronics
Ngoc,Nguyen,ngoc.nguyen2505,ngoc.nguyen2505@student.sims.edu,,2005-09-09,555-8554,46 Hai Ba Trung,Hai Phong,Mathematics
Thao,Hoang,thao.hoang2506,thao.hoang2506@student.sims.edu,,2004-05-19,555-7230,943 Nguyen Hue,Hue,Electronics
Yen,Ngo,yen.ngo2507,yen.ngo2507@student.sims.edu,,2003-02-23,555-3127,274 Hai Ba Trung,Nha Trang,Electronics
Phong,Ho,phong.ho2508,phong.ho2508@student.sims.edu,,2001-05-22,555-3433,513 Hai Ba Trung,Ha Noi,Business
Ngoc,Ngo,ngoc.ngo2509,ngoc.ngo2509@student.sims.edu,,2005-02-09,555-6633,744 Hai Ba Trung,Hai Phong,Electronics
Thu,Tran,thu.tran2510,thu.tran2510@student.sims.edu,,2003-01-25,555-6728,233 Hai Ba Trung,Can Tho,Mathematics
Dung,Le,dung.le2511,dung.le2511@student.sims.edu,,2004-04-26,555-3938,350 Hai Ba Trung,Da Nang,Electronics
Dung,Ho,dung.ho2512,dung.ho2512@student.sims.edu,,2005-12-16,555-9147,868 Le Loi,Can Tho,Electronics
Phong,Vu,phong.vu2513,phong.vu2513@student.sims.edu,,2002-10-13,555-6427,662 Le Loi,Da Nang,Business
Ha,Ngo,ha.ngo2514,ha.ngo2514@student.sims.edu,,2005-04-26,555-3435,995 Nguyen Hue,Can Tho,Physics
Duc,Dang,duc.dang2515,duc.dang2515@student.sims.edu,,2001-11-27,555-9602,543 Le Loi,Hue,Business
Trang,Vu,trang.vu2516,trang.vu2516@student.sims.edu,,2002-04-12,555-6117,832 Le Loi,Ho Chi Minh,Mathematics
Son,Duong,son.duong2517,son.duong2517@student.sims.edu,,2003-07-17,555-7270,255 Hai Ba Trung,Nha Trang,Electronics
Yen,Vo,yen.vo2518,yen.vo2518@student.sims.edu,,2005-02-04,555-1396,110 Le Loi,Hai Phong,Mathematics
Tam,Pham,tam.pham2519,tam.pham2519@student.sims.edu,,2001-07-01,555-9870,8 Nguyen Hue,Da Nang,Computer Science
Trang,Tran,trang.tran2520,trang.tran2520@student.sims.edu,,2005-04-08,555-3419,975 Le Loi,Da Nang,Physics
Bao,Vo,bao.vo2521,bao.vo2521@student.sims.edu,,2004-02-07,555-6481,365 Nguyen Hue,Nha Trang,Mathematics
Quang,Vo,quang.vo2522,quang.vo2522@student.sims.edu,,2005-04-26,555-7677,615 Le Loi,Ho Chi Minh,Mathematics
Binh,Vo,binh.vo2523,binh.vo2523@student.sims.edu,,2004-05-20,555-5076,823 Le Loi,Da Nang,Electronics
Thao,Nguyen,thao.nguyen2524,thao.nguyen2524@student.sims.edu,,2004-09-16,555-8302,985 Le Loi,Nha Trang,Mathematics
An,Ngo,an.ngo2525,an.ngo2525@student.sims.edu,,2001-11-13,555-6113,455 Le Loi,Can Tho,Electronics
Nga,Pham,nga.pham2526,nga.pham2526@student.sims.edu,,2005-10-16,555-4738,575 Nguyen Hue,Nha Trang,Information Technology
Bao,Duong,bao.duong2527,bao.duong2527@student.sims.edu,,2003-11-09,555-4102,882 Le Loi,Hue,Mathematics
Vy,Vu,vy.vu2528,vy.vu2528@student.sims.edu,,2003-01-03,555-4580,771 Nguyen Hue,Hai Phong,Electronics
Minh,Vo,minh.vo2529,minh.vo2529@student.sims.edu,,2004-03-24,555-5156,567 Hai Ba Trung,Hue,Mathematics
Giang,Vu,giang.vu2530,giang.vu2530@student.sims.edu,,2003-03-12,555-5317,236 Le Loi,Can Tho,Business
Vy,Vu,vy.vu2531,vy.vu2531@student.sims.edu,,2005-10-06,555-5229,843 Hai Ba Trung,Da Nang,Business
Tuan,Vo,tuan.vo2532,tuan.vo2532@student.sims.edu,,2002-12-14,555-6195,324 Le Loi,Hue,Electronics
Hoa,Dang,hoa.dang2533,hoa.dang2533@student.sims.edu,,2005-03-28,555-8657,651 Le Loi,Can Tho,Mathematics
Hoa,Pham,hoa.pham2534,hoa.pham2534@student.sims.edu,,2004-02-22,555-1200,131 Nguyen Hue,Hue,Information Technology
Vy,Vu,vy.vu2535,vy.vu2535@student.sims.edu,,2005-12-24,555-3696,177 Nguyen Hue,Can Tho,Computer Science
Quyen,Vo,quyen.vo2536,quyen.vo2536@student.sims.edu,,2001-12-26,555-4465,130 Hai Ba Trung,Hai Phong,Computer Science
Khanh,Bui,khanh.bui2537,khanh.bui2537@student.sims.edu,,2002-08-24,555-4069,691 Nguyen Hue,Nha Trang,Business
Hung,Tran,hung.tran2538,hung.tran2538@student.sims.edu,,2003-01-09,555-6407,489 Nguyen Hue,Hue,Computer Science
Khanh,Nguyen,khanh.nguyen2539,khanh.nguyen2539@student.sims.edu,,2003-09-25,555-8981,295 Le Loi,Can Tho,Business
Quyen,Le,quyen.le2540,quyen.le2540@student.sims.edu,,2001-08-20,555-1873,47 Tran Phu,Hai Phong,Information Technology
Phong,Dang,phong.dang2541,phong.dang2541@student.sims.edu,,2003-04-21,555-9313,616 Le Loi,Nha Trang,Information Technology
Dung,Hoang,dung.hoang2542,dung.hoang2542@student.sims.edu,,2002-10-07,555-1286,647 Le Loi,Hai Phong,Electronics
Vy,Vo,vy.vo2543,vy.vo2543@student.sims.edu,,2002-01-15,555-9668,596 Tran Phu,Da Nang,Information Technology
Hai,Hoang,hai.hoang2544,hai.hoang2544@student.sims.edu,,2002-12-02,555-2538,113 Nguyen Hue,Ho Chi Minh,Information Technology
Giang,Vu,giang.vu2545,giang.vu2545@student.sims.edu,,2002-11-24,555-7013,68 Nguyen Hue,Hai Phong,Physics
Tam,Tran,tam.tran2546,tam.tran2546@student.sims.edu,,2002-10-08,555-3202,347 Nguyen Hue,Can Tho,Electronics
Dung,Bui,dung.bui2547,dung.bui2547@student.sims.edu,,2001-05-24,555-9257,65 Hai Ba Trung,Ho Chi Minh,Business
Lan,Nguyen,lan.nguyen2548,lan.nguyen2548@student.sims.edu,,2001-02-26,555-8739,158 Tran Phu,Hue,Information Technology
Mai,Bui,mai.bui2549,mai.bui2549@student.sims.edu,,2003-11-12,555-9996,31 Nguyen Hue,Can Tho,Electronics
Son,Vo,son.vo2550,son.vo2550@student.sims.edu,,2002-07-28,555-9810,757 Hai Ba Trung,Da Nang,Computer Science
Hung,Bui,hung.bui2551,hung.bui2551@student.sims.edu,,2003-06-10,555-5959,687 Hai Ba Trung,Can Tho,Physics
Phong,Ho,phong.ho2552,phong.ho2552@student.sims.edu,,2004-05-06,555-4610,370 Hai Ba Trung,Hue,Electronics
Phong,Duong,phong.duong2553,phong.duong2553@student.sims.edu,,2004-03-26,555-2273,711 Hai Ba Trung,Da Nang,Business
Dung,Tran,dung.tran2554,dung.tran2554@student.sims.edu,,2002-01-24,555-2140,754 Nguyen Hue,Ho Chi Minh,Business
Tam,Hoang,tam.hoang2555,tam.hoang2555@student.sims.edu,,2002-01-04,555-1715,529 Tran Phu,Ha Noi,Mathematics
Binh,Dang,binh.dang2556,binh.dang2556@student.sims.edu,,2001-10-21,555-6431,541 Tran Phu,Ha Noi,Business
Hai,Do,hai.do2557,hai.do2557@student.sims.edu,,2002-01-16,555-1533,832 Hai Ba Trung,Ha Noi,Electronics
Yen,Hoang,yen.hoang2558,yen.hoang2558@student.sims.edu,,2001-02-19,555-3647,810 Nguyen Hue,Ho Chi Minh,Computer Science
Chi,Ho,chi.ho2559,chi.ho2559@student.sims.edu,,2002-08-21,555-7881,59 Nguyen Hue,Hai Phong,Information Technology
Tuan,Vo,tuan.vo2560,tuan.vo2560@student.sims.edu,,2004-08-19,555-7525,987 Nguyen Hue,Da Nang,Information Technology
An,Le,an.le2561,an.le2561@student.sims.edu,,2001-04-21,555-8693,918 Le Loi,Hai Phong,Information Technology
Son,Do,son.do2562,son.do2562@student.sims.edu,,2001-03-16,555-7862,174 Hai Ba Trung,Nha Trang,Information Technology
Hai,Do,hai.do2563,hai.do2563@student.sims.edu,,2005-01-01,555-8485,63 Hai Ba Trung,Hue,Physics
Bao,Bui,bao.bui2564,bao.bui2564@student.sims.edu,,2001-03-10,555-8206,545 Tran Phu,Nha Trang,Electronics
Chi,Ly,chi.ly2565,chi.ly2565@student.sims.edu,,2005-12-05,555-9463,840 Le Loi,Can Tho,Computer Science
Vy,Pham,vy.pham2566,vy.pham2566@student.sims.edu,,2002-03-25,555-4134,118 Nguyen Hue,Da Nang,Mathematics
Linh,Tran,linh.tran2567,linh.tran2567@student.sims.edu,,2004-07-20,555-5163,18 Hai Ba Trung,Can Tho,Business
Linh,Pham,linh.pham2568,linh.pham2568@student.sims.edu,,2002-06-26,555-7967,314 Hai Ba Trung,Hue,Physics
Dung,Do,dung.do2569,dung.do2569@student.sims.edu,,2004-01-15,555-4176,206 Tran Phu,Da Nang,Mathematics
Khanh,Ho,khanh.ho2570,khanh.ho2570@student.sims.edu,,2002-09-21,555-1117,826 Le Loi,Ha Noi,Physics
Dung,Dang,dung.dang2571,dung.dang2571@student.sims.edu,,2004-11-27,555-4052,44 Le Loi,Can Tho,Mathematics
Ngoc,Ngo,ngoc.ngo2572,ngoc.ngo2572@student.sims.edu,,2001-04-17,555-8387,203 Le Loi,Ha Noi,Business
Hung,Pham,hung.pham2573,hung.pham2573@student.sims.edu,,2002-11-01,555-4545,263 Nguyen Hue,Ha Noi,Mathematics
Tuan,Pham,tuan.pham2574,tuan.pham2574@student.sims.edu,,2002-09-20,555-9460,328 Hai Ba Trung,Da Nang,Computer Science
Duc,Nguyen,duc.nguyen2575,duc.nguyen2575@student.sims.edu,,2001-10-10,555-9190,440 Hai Ba Trung,Da Nang,Business
Thao,Pham,thao.pham2576,thao.pham2576@student.sims.edu,,2004-04-27,555-2560,738 Tran Phu,Da Nang,Business
Nga,Bui,nga.bui2577,nga.bui2577@student.sims.edu,,2001-02-27,555-2583,635 Nguyen Hue,Hue,Computer Science
Giang,Huynh,giang.huynh2578,giang.huynh2578@student.sims.edu,,2005-10-21,555-9397,377 Nguyen Hue,Can Tho,Computer Science
Mai,Ly,mai.ly2579,mai.ly2579@student.sims.edu,,2002-07-22,555-1273,375 Hai Ba Trung,Hai Phong,Computer Science
Giang,Le,giang.le2580,giang.le2580@student.sims.edu,,2003-05-05,555-7888,568 Hai Ba Trung,Nha Trang,Electronics
Ha,Ngo,ha.ngo2581,ha.ngo2581@student.sims.edu,,2003-08-01,555-7600,751 Le Loi,Can Tho,Mathematics
Mai,Tran,mai.tran2582,mai.tran2582@student.sims.edu,,2004-10-25,555-8798,754 Tran Phu,Can Tho,Business
Tuan,Nguyen,tuan.nguyen2583,tuan.nguyen2583@student.sims.edu,,2002-12-15,555-5520,847 Hai Ba Trung,Da Nang,Business
Lan,Duong,lan.duong2584,lan.duong2584@student.sims.edu,,2002-02-22,555-6626,121 Tran Phu,Da Nang,Information Technology
Phong,Dang,phong.dang2585,phong.dang2585@student.sims.edu,,2005-08-21,555-4067,426 Le Loi,Nha Trang,Computer Science
Bao,Ly,bao.ly2586,bao.ly2586@student.sims.edu,,2001-02-07,555-8654,796 Nguyen Hue,Nha Trang,Electronics
Lan,Tran,lan.tran2587,lan.tran2587@student.sims.edu,,2005-05-13,555-8366,382 Le Loi,Da Nang,Information Technology
Hoa,Do,hoa.do2588,hoa.do2588@student.sims.edu,,2003-11-27,555-6643,495 Nguyen Hue,Hue,Information Technology
Hai,Le,hai.le2589,hai.le2589@student.sims.edu,,2005-07-08,555-7863,972 Le Loi,Can Tho,Electronics
Linh,Ho,linh.ho2590,linh.ho2590@student.sims.edu,,2004-11-04,555-1197,176 Hai Ba Trung,Hue,Physics
Yen,Hoang,yen.hoang2591,yen.hoang2591@student.sims.edu,,2001-04-26,555-9631,15 Hai Ba Trung,Can Tho,Information Technology
Minh,Hoang,minh.hoang2592,minh.hoang2592@student.sims.edu,,2001-04-13,555-4663,378 Le Loi,Nha Trang,Computer Science
Tam,Dang,tam.dang2593,tam.dang2593@student.sims.edu,,2005-10-02,555-5178,122 Hai Ba Trung,Ho Chi Minh,Computer Science
Giang,Bui,giang.bui2594,giang.bui2594@student.sims.edu,,2003-08-22,555-4486,652 Le Loi,Can Tho,Mathematics
Tuan,Ngo,tuan.ngo2595,tuan.ngo2595@student.sims.edu,,2004-11-03,555-5994,601 Le Loi,Ho Chi Minh,Mathematics
Thu,Tran,thu.tran2596,thu.tran2596@student.sims.edu,,2003-10-06,555-6382,424 Le Loi,Da Nang,Mathematics
Thu,Pham,thu.pham2597,thu.pham2597@student.sims.edu,,2004-05-18,555-7649,464 Tran Phu,Hue,Electronics
An,Vu,an.vu2598,an.vu2598@student.sims.edu,,2003-11-17,555-2397,716 Nguyen Hue,Da Nang,Electronics
Khanh,Do,khanh.do2599,khanh.do2599@student.sims.edu,,2005-01-13,555-3693,517 Le Loi,Ho Chi Minh,Electronics
Minh,Vo,minh.vo2600,minh.vo2600@student.sims.edu,,2003-11-05,555-2881,388 Le Loi,Da Nang,Business
Nga,Ho,nga.ho2601,nga.ho2601@student.sims.edu,,2002-06-03,555-1851,383 Nguyen Hue,Hai Phong,Electronics
Chi,Ngo,chi.ngo2602,chi.ngo2602@student.sims.edu,,2005-02-27,555-2312,168 Hai Ba Trung,Hai Phong,Electronics
Trang,Nguyen,trang.nguyen2603,trang.nguyen2603@student.sims.edu,,2005-04-11,555-1092,383 Nguyen Hue,Nha Trang,Electronics
Quyen,Do,quyen.do2604,quyen.do2604@student.sims.edu,,2002-06-25,555-4127,429 Nguyen Hue,Can Tho,Computer Science
Linh,Nguyen,linh.nguyen2605,linh.nguyen2605@student.sims.edu,,2001-01-07,555-8409,473 Nguyen Hue,Can Tho,Physics
Tuan,Tran,tuan.tran2606,tuan.tran2606@student.sims.edu,,2002-08-04,555-6491,181 Hai Ba Trung,Da Nang,Physics
Khanh,Hoang,khanh.hoang2607,khanh.hoang2607@student.sims.edu,,2001-05-20,555-8125,261 Le Loi,Hue,Information Technology
Quyen,Huynh,quyen.huynh2608,quyen.huynh2608@student.sims.edu,,2002-04-22,555-4888,285 Tran Phu,Hue,Mathematics
Quang,Nguyen,quang.nguyen2609,quang.nguyen2609@student.sims.edu,,2003-02-04,555-1473,811 Tran Phu,Da Nang,Electronics
Khanh,Vo,khanh.vo2610,khanh.vo2610@student.sims.edu,,2003-02-12,555-2874,112 Hai Ba Trung,Can Tho,Computer Science
Yen,Tran,yen.tran2611,yen.tran2611@student.sims.edu,,2003-07-15,555-1892,254 Le Loi,Can Tho,Physics
Quyen,Do,quyen.do2612,quyen.do2612@student.sims.edu,,2005-10-06,555-6108,302 Hai Ba Trung,Nha Trang,Electronics
Trang,Ngo,trang.ngo2613,trang.ngo2613@student.sims.edu,,2003-04-18,555-4615,703 Nguyen Hue,Hue,Electronics
Chi,Pham,chi.pham2614,chi.pham2614@student.sims.edu,,2005-12-11,555-6565,722 Hai Ba Trung,Da Nang,Business
Quang,Do,quang.do2615,quang.do2615@student.sims.edu,,2004-12-20,555-3999,282 Tran Phu,Ha Noi,Computer Science
Quyen,Vo,quyen.vo2616,quyen.vo2616@student.sims.edu,,2002-05-21,555-2661,723 Nguyen Hue,Hai Phong,Information Technology
Bao,Bui,bao.bui2617,bao.bui2617@student.sims.edu,,2003-10-18,555-6630,712 Le Loi,Can Tho,Information Technology
Dung,Nguyen,dung.nguyen2618,dung.nguyen2618@student.sims.edu,,2004-04-03,555-8168,152 Le Loi,Ha Noi,Information Technology
Bao,Vu,bao.vu2619,bao.vu2619@student.sims.edu,,2002-06-28,555-7613,845 Le Loi,Hue,Electronics
Binh,Ngo,binh.ngo2620,binh.ngo2620@student.sims.edu,,2002-10-04,555-4272,733 Nguyen Hue,Hai Phong,Computer Science
Minh,Tran,minh.tran2621,minh.tran2621@student.sims.edu,,2004-12-27,555-7573,306 Hai Ba Trung,Can Tho,Physics
Vy,Hoang,vy.hoang2622,vy.hoang2622@student.sims.edu,,2001-07-08,555-2709,132 Nguyen Hue,Can Tho,Mathematics
Vy,Tran,vy.tran2623,vy.tran2623@student.sims.edu,,2004-09-26,555-9993,690 Nguyen Hue,Can Tho,Mathematics
Nam,Dang,nam.dang2624,nam.dang2624@student.sims.edu,,2002-05-04,555-4591,617 Nguyen Hue,Ha Noi,Business
Ngoc,Dang,ngoc.dang2625,ngoc.dang2625@student.sims.edu,,2002-09-14,555-7172,308 Hai Ba Trung,Hai Phong,Information Technology
Nam,Huynh,nam.huynh2626,nam.huynh2626@student.sims.edu,,2003-06-18,555-7420,909 Hai Ba Trung,Can Tho,Computer Science
Nga,Do,nga.do2627,nga.do2627@student.sims.edu,,2004-11-01,555-4074,142 Le Loi,Hai Phong,Electronics
Quang,Hoang,quang.hoang2628,quang.hoang2628@student.sims.edu,,2004-01-27,555-4360,864 Nguyen Hue,Ho Chi Minh,Physics
Ha,Vu,ha.vu2629,ha.vu2629@student.sims.edu,,2001-06-28,555-2563,344 Nguyen Hue,Hue,Computer Science
Duc,Huynh,duc.huynh2630,duc.huynh2630@student.sims.edu,,2003-11-06,555-9630,103 Tran Phu,Hue,Electronics
Bao,Duong,bao.duong2631,bao.duong2631@student.sims.edu,,2003-04-11,555-4665,399 Nguyen Hue,Can Tho,Physics
Quang,Tran,quang.tran2632,quang.tran2632@student.sims.edu,,2004-07-17,555-6213,598 Hai Ba Trung,Ho Chi Minh,Information Technology
Ngoc,Do,ngoc.do2633,ngoc.do2633@student.sims.edu,,2005-06-18,555-1218,768 Le Loi,Ha Noi,Physics
Tam,Hoang,tam.hoang2634,tam.hoang2634@student.sims.edu,,2003-01-28,555-3831,272 Hai Ba Trung,Ha Noi,Physics
Thao,Nguyen,thao.nguyen2635,thao.nguyen2635@student.sims.edu,,2002-08-15,555-3201,405 Hai Ba Trung,Ho Chi Minh,Business
Mai,Ngo,mai.ngo2636,mai.ngo2636@student.sims.edu,,2002-08-02,555-5264,295 Nguyen Hue,Nha Trang,Business
Thu,Pham,thu.pham2637,thu.pham2637@student.sims.edu,,2003-09-27,555-2399,601 Le Loi,Hue,Mathematics
Giang,Vu,giang.vu2638,giang.vu2638@student.sims.edu,,2004-03-18,555-6356,995 Le Loi,Ho Chi Minh,Information Technology
Tam,Pham,tam.pham2639,tam.pham2639@student.sims.edu,,2005-12-03,555-9138,843 Hai Ba Trung,Nha Trang,Mathematics
Tuan,Vo,tuan.vo2640,tuan.vo2640@student.sims.edu,,2001-02-26,555-1982,294 Tran Phu,Ha Noi,Business
Mai,Dang,mai.dang2641,mai.dang2641@student.sims.edu,,2004-03-07,555-8181,438 Nguyen Hue,Hue,Information Technology
Linh,Hoang,linh.hoang2642,linh.hoang2642@student.sims.edu,,2002-04-09,555-8818,273 Nguyen Hue,Ha Noi,Computer Science
Thao,Do,thao.do2643,thao.do2643@student.sims.edu,,2003-03-19,555-4112,296 Nguyen Hue,Ha Noi,Physics
Yen,Vu,yen.vu2644,yen.vu2644@student.sims.edu,,2004-03-09,555-5181,819 Hai Ba Trung,Ha Noi,Information Technology
Linh,Ngo,linh.ngo2645,linh.ngo2645@student.sims.edu,,2001-08-23,555-6196,493 Nguyen Hue,Da Nang,Electronics
Trang,Do,trang.do2646,trang.do2646@student.sims.edu,,2002-06-17,555-5079,777 Tran Phu,Da Nang,Physics
Son,Huynh,son.huynh2647,son.huynh2647@student.sims.edu,,2001-09-07,555-8546,250 Le Loi,Ho Chi Minh,Physics
Hai,Nguyen,hai.nguyen2648,hai.nguyen2648@student.sims.edu,,2002-11-16,555-4703,282 Hai Ba Trung,Ho Chi Minh,Business
Vy,Ho,vy.ho2649,vy.ho2649@student.sims.edu,,2003-05-25,555-3118,392 Hai Ba Trung,Ho Chi Minh,Information Technology
Mai,Vu,mai.vu2650,mai.vu2650@student.sims.edu,,2005-07-06,555-4452,610 Nguyen Hue,Ho Chi Minh,Electronics
Bao,Vo,bao.vo2651,bao.vo2651@student.sims.edu,,2003-09-17,555-8598,961 Hai Ba Trung,Can Tho,Information Technology
Phong,Bui,phong.bui2652,phong.bui2652@student.sims.edu,,2001-07-17,555-7641,432 Tran Phu,Can Tho,Business
Giang,Ly,giang.ly2653,giang.ly2653@student.sims.edu,,2003-04-23,555-5912,451 Tran Phu,Hai Phong,Electronics
Thao,Bui,thao.bui2654,thao.bui2654@student.sims.edu,,2003-08-23,555-5920,102 Nguyen Hue,Ha Noi,Business
Hoa,Tran,hoa.tran2655,hoa.tran2655@student.sims.edu,,2004-03-24,555-8224,482 Hai Ba Trung,Ho Chi Minh,Physics
Chi,Tran,chi.tran2656,chi.tran2656@student.sims.edu,,2005-11-21,555-7509,624 Nguyen Hue,Ha Noi,Business
Quang,Ngo,quang.ngo2657,quang.ngo2657@student.sims.edu,,2003-07-10,555-7525,761 Tran Phu,Ha Noi,Mathematics
Chi,Vo,chi.vo2658,chi.vo2658@student.sims.edu,,2005-01-21,555-4720,952 Le Loi,Da Nang,Information Technology
Hai,Duong,hai.duong2659,hai.duong2659@student.sims.edu,,2002-08-17,555-4970,192 Le Loi,Hue,Electronics
Thao,Nguyen,thao.nguyen2660,thao.nguyen2660@student.sims.edu,,2002-01-08,555-3784,481 Tran Phu,Hue,Computer Science
Linh,Ngo,linh.ngo2661,linh.ngo2661@student.sims.edu,,2004-05-05,555-1919,674 Nguyen Hue,Nha Trang,Physics
Ha,Ho,ha.ho2662,ha.ho2662@student.sims.edu,,2004-09-15,555-8855,165 Hai Ba Trung,Can Tho,Mathematics
Duc,Huynh,duc.huynh2663,duc.huynh2663@student.sims.edu,,2003-12-23,555-4302,9 Tran Phu,Ha Noi,Computer Science
Thu,Tran,thu.tran2664,thu.tran2664@student.sims.edu,,2001-03-22,555-7963,316 Nguyen Hue,Can Tho,Mathematics
Thao,Vu,thao.vu2665,thao.vu2665@student.sims.edu,,2002-12-25,555-8485,181 Tran Phu,Ha Noi,Computer Science
Tam,Ngo,tam.ngo2666,tam.ngo2666@student.sims.edu,,2003-02-05,555-3233,609 Tran Phu,Ho Chi Minh,Mathematics
Linh,Ngo,linh.ngo2667,linh.ngo2667@student.sims.edu,,2003-07-11,555-2742,838 Le Loi,Can Tho,Information Technology
Mai,Ngo,mai.ngo2668,mai.ngo2668@student.sims.edu,,2001-03-27,555-8949,386 Nguyen Hue,Can Tho,Business
Tuan,Pham,tuan.pham2669,tuan.pham2669@student.sims.edu,,2005-10-24,555-4163,485 Tran Phu,Ho Chi Minh,Computer Science
Ha,Dang,ha.dang2670,ha.dang2670@student.sims.edu,,2004-09-28,555-1269,567 Hai Ba Trung,Hai Phong,Physics
Tam,Tran,tam.tran2671,tam.tran2671@student.sims.edu,,2003-03-16,555-1364,687 Tran Phu,Ha Noi,Physics
Yen,Ngo,yen.ngo2672,yen.ngo2672@student.sims.edu,,2002-01-19,555-5110,324 Le Loi,Hai Phong,Business
Ngoc,Huynh,ngoc.huynh2673,ngoc.huynh2673@student.sims.edu,,2003-03-14,555-4455,707 Tran Phu,Nha Trang,Computer Science
Giang,Ly,giang.ly2674,giang.ly2674@student.sims.edu,,2005-03-18,555-7948,295 Nguyen Hue,Nha Trang,Mathematics
Vy,Tran,vy.tran2675,vy.tran2675@student.sims.edu,,2005-08-20,555-5516,976 Le Loi,Ho Chi Minh,Computer Science
Vy,Ho,vy.ho2676,vy.ho2676@student.sims.edu,,2003-10-10,555-5206,703 Nguyen Hue,Da Nang,Information Technology
Binh,Vo,binh.vo2677,binh.vo2677@student.sims.edu,,2004-10-06,555-1388,400 Hai Ba Trung,Hue,Computer Science
Bao,Pham,bao.pham2678,bao.pham2678@student.sims.edu,,2003-06-03,555-7052,161 Hai Ba Trung,Hai Phong,Information Technology
Nam,Vu,nam.vu2679,nam.vu2679@student.sims.edu,,2005-01-22,555-1725,932 Tran Phu,Hue,Computer Science
Binh,Tran,binh.tran2680,binh.tran2680@student.sims.edu,,2002-08-22,555-6724,759 Le Loi,Hai Phong,Mathematics
Hung,Ho,hung.ho2681,hung.ho2681@student.sims.edu,,2002-02-17,555-2689,400 Hai Ba Trung,Da Nang,Information Technology
Chi,Duong,chi.duong2682,chi.duong2682@student.sims.edu,,2002-10-17,555-7279,514 Hai Ba Trung,Da Nang,Computer Science
Chi,Duong,chi.duong2683,chi.duong2683@student.sims.edu,,2004-03-04,555-3924,243 Nguyen Hue,Hue,Mathematics
Thao,Nguyen,thao.nguyen2684,thao.nguyen2684@student.sims.edu,,2002-09-13,555-6565,991 Tran Phu,Nha Trang,Mathematics
Mai,Pham,mai.pham2685,mai.pham2685@student.sims.edu,,2004-12-24,555-3396,608 Le Loi,Hai Phong,Business
Phong,Tran,phong.tran2686,phong.tran2686@student.sims.edu,,2004-12-27,555-6384,870 Tran Phu,Ho Chi Minh,Computer Science
Ha,Vo,ha.vo2687,ha.vo2687@student.sims.edu,,2005-09-13,555-7934,918 Hai Ba Trung,Hai Phong,Business
Dung,Hoang,dung.hoang2688,dung.hoang2688@student.sims.edu,,2001-05-23,555-4793,164 Hai Ba Trung,Da Nang,Computer Science
Son,Duong,son.duong2689,son.duong2689@student.sims.edu,,2002-09-10,555-2422,147 Hai Ba Trung,Ho Chi Minh,Electronics
Duc,Vo,duc.vo2690,duc.vo2690@student.sims.edu,,2001-10-06,555-1978,527 Le Loi,Ha Noi,Mathematics
Dung,Bui,dung.bui2691,dung.bui2691@student.sims.edu,,2003-10-11,555-3019,885 Tran Phu,Ha Noi,Mathematics
Lan,Dang,lan.dang2692,lan.dang2692@student.sims.edu,,2005-10-12,555-8973,789 Hai Ba Trung,Nha Trang,Physics
Tam,Ly,tam.ly2693,tam.ly2693@student.sims.edu,,2005-01-17,555-5296,389 Nguyen Hue,Hai Phong,Information Technology
Ngoc,Tran,ngoc.tran2694,ngoc.tran2694@student.sims.edu,,2005-03-03,555-1777,114 Hai Ba Trung,Ho Chi Minh,Computer Science
Lan,Ho,lan.ho2695,lan.ho2695@student.sims.edu,,2003-06-08,555-3709,704 Le Loi,Can Tho,Electronics
Hoa,Do,hoa.do2696,hoa.do2696@student.sims.edu,,2005-10-14,555-9390,832 Le Loi,Hue,Electronics
Thao,Huynh,thao.huynh2697,thao.huynh2697@student.sims.edu,,2002-06-27,555-8236,656 Nguyen Hue,Ho Chi Minh,Physics
Tuan,Le,tuan.le2698,tuan.le2698@student.sims.edu,,2003-04-16,555-9505,155 Le Loi,Da Nang,Information Technology
Yen,Dang,yen.dang2699,yen.dang2699@student.sims.edu,,2005-12-26,555-5309,271 Tran Phu,Nha Trang,Physics
An,Dang,an.dang2700,an.dang2700@student.sims.edu,,2003-12-04,555-1947,493 Nguyen Hue,Hue,Business
Binh,Duong,binh.duong2701,binh.duong2701@student.sims.edu,,2002-02-15,555-7383,385 Le Loi,Ha Noi,Mathematics
Ha,Huynh,ha.huynh2702,ha.huynh2702@student.sims.edu,,2001-05-20,555-9902,612 Hai Ba Trung,Hai Phong,Information Technology
Bao,Dang,bao.dang2703,bao.dang2703@student.sims.edu,,2003-01-05,555-3746,238 Tran Phu,Da Nang,Information Technology
Ha,Tran,ha.tran2704,ha.tran2704@student.sims.edu,,2003-08-24,555-5556,353 Tran Phu,Ho Chi Minh,Mathematics
Binh,Ngo,binh.ngo2705,binh.ngo2705@student.sims.edu,,2003-10-28,555-2518,367 Hai Ba Trung,Hue,Information Technology
Nam,Le,nam.le2706,nam.le2706@student.sims.edu,,2001-11-20,555-9979,500 Tran Phu,Hue,Mathematics
Thao,Huynh,thao.huynh2707,thao.huynh2707@student.sims.edu,,2005-05-23,555-5691,523 Hai Ba Trung,Nha Trang,Mathematics
Hung,Tran,hung.tran2708,hung.tran2708@student.sims.edu,,2003-06-03,555-1058,976 Hai Ba Trung,Da Nang,Physics
Phong,Le,phong.le2709,phong.le2709@student.sims.edu,,2001-03-16,555-6111,816 Hai Ba Trung,Ha Noi,Electronics
Dung,Nguyen,dung.nguyen2710,dung.nguyen2710@student.sims.edu,,2005-03-01,555-6495,97 Hai Ba Trung,Ha Noi,Electronics
Binh,Vo,binh.vo2711,binh.vo2711@student.sims.edu,,2001-03-01,555-6357,543 Le Loi,Da Nang,Computer Science
Giang,Pham,giang.pham2712,giang.pham2712@student.sims.edu,,2001-12-27,555-8372,308 Hai Ba Trung,Can Tho,Computer Science
Hoa,Ngo,hoa.ngo2713,hoa.ngo2713@student.sims.edu,,2003-11-23,555-2816,377 Nguyen Hue,Hai Phong,Mathematics
Giang,Ho,giang.ho2714,giang.ho2714@student.sims.edu,,2002-09-11,555-3451,170 Hai Ba Trung,Hai Phong,Electronics
Ha,Pham,ha.pham2715,ha.pham2715@student.sims.edu,,2003-01-07,555-4575,535 Tran Phu,Nha Trang,Electronics
Hai,Huynh,hai.huynh2716,hai.huynh2716@student.sims.edu,,2003-12-02,555-4286,225 Le Loi,Nha Trang,Business
Hoa,Huynh,hoa.huynh2717,hoa.huynh2717@student.sims.edu,,2002-07-28,555-7215,733 Hai Ba Trung,Nha Trang,Electronics
Chi,Tran,chi.tran2718,chi.tran2718@student.sims.edu,,2004-01-22,555-1631,109 Nguyen Hue,Da Nang,Mathematics
Thao,Ly,thao.ly2719,thao.ly2719@student.sims.edu,,2002-12-10,555-2104,190 Nguyen Hue,Ho Chi Minh,Computer Science
Phong,Le,phong.le2720,phong.le2720@student.sims.edu,,2004-06-04,555-8260,979 Tran Phu,Ho Chi Minh,Business
Chi,Le,chi.le2721,chi.le2721@student.sims.edu,,2005-05-16,555-3256,241 Le Loi,Hue,Computer Science
Nga,Pham,nga.pham2722,nga.pham2722@student.sims.edu,,2005-02-27,555-8429,500 Hai Ba Trung,Ho Chi Minh,Information Technology
Tam,Duong,tam.duong2723,tam.duong2723@student.sims.edu,,2003-05-24,555-5843,985 Hai Ba Trung,Nha Trang,Electronics
Minh,Pham,minh.pham2724,minh.pham2724@student.sims.edu,,2005-05-03,555-9716,715 Nguyen Hue,Ha Noi,Physics
Quang,Bui,quang.bui2725,quang.bui2725@student.sims.edu,,2003-06-24,555-1109,489 Tran Phu,Ha Noi,Computer Science
Giang,Dang,giang.dang2726,giang.dang2726@student.sims.edu,,2004-11-08,555-2678,622 Hai Ba Trung,Ha Noi,Business
Thao,Hoang,thao.hoang2727,thao.hoang2727@student.sims.edu,,2004-07-03,555-4875,619 Tran Phu,Hai Phong,Information Technology
Khanh,Le,khanh.le2728,khanh.le2728@student.sims.edu,,2002-01-06,555-9769,835 Tran Phu,Hue,Electronics
Lan,Duong,lan.duong2729,lan.duong2729@student.sims.edu,,2004-02-23,555-6290,980 Le Loi,Can Tho,Information Technology
Tam,Bui,tam.bui2730,tam.bui2730@student.sims.edu,,2002-08-27,555-4889,84 Le Loi,Hai Phong,Business
Tuan,Pham,tuan.pham2731,tuan.pham2731@student.sims.edu,,2005-09-17,555-1204,924 Nguyen Hue,Ho Chi Minh,Mathematics
Trang,Vo,trang.vo2732,trang.vo2732@student.sims.edu,,2001-08-20,555-4558,838 Hai Ba Trung,Ha Noi,Electronics
Giang,Vo,giang.vo2733,giang.vo2733@student.sims.edu,,2004-02-23,555-2241,45 Tran Phu,Da Nang,Mathematics
Chi,Ho,chi.ho2734,chi.ho2734@student.sims.edu,,2001-06-06,555-2041,106 Tran Phu,Ho Chi Minh,Physics
Binh,Pham,binh.pham2735,binh.pham2735@student.sims.edu,,2004-04-24,555-5648,165 Nguyen Hue,Can Tho,Physics
Linh,Tran,linh.tran2736,linh.tran2736@student.sims.edu,,2003-03-19,555-1477,670 Tran Phu,Ho Chi Minh,Business
Duc,Duong,duc.duong2737,duc.duong2737@student.sims.edu,,2004-12-18,555-6312,518 Le Loi,Da Nang,Electronics
Vy,Duong,vy.duong2738,vy.duong2738@student.sims.edu,,2004-05-23,555-5222,259 Le Loi,Ha Noi,Computer Science
Minh,Tran,minh.tran2739,minh.tran2739@student.sims.edu,,2005-12-22,555-3145,932 Tran Phu,Nha Trang,Business
Nam,Pham,nam.pham2740,nam.pham2740@student.sims.edu,,2001-11-08,555-9942,958 Le Loi,Nha Trang,Information Technology
Minh,Ngo,minh.ngo2741,minh.ngo2741@student.sims.edu,,2004-05-21,555-9630,322 Nguyen Hue,Ho Chi Minh,Computer Science
Tam,Ngo,tam.ngo2742,tam.ngo2742@student.sims.edu,,2001-12-20,555-6324,586 Tran Phu,Da Nang,Computer Science
Hung,Do,hung.do2743,hung.do2743@student.sims.edu,,2001-06-22,555-6435,249 Nguyen Hue,Da Nang,Mathematics
Quyen,Bui,quyen.bui2744,quyen.bui2744@student.sims.edu,,2002-01-04,555-8538,188 Tran Phu,Can Tho,Business
Hung,Vo,hung.vo2745,hung.vo2745@student.sims.edu,,2004-04-25,555-4934,88 Tran Phu,Hue,Business
Tam,Nguyen,tam.nguyen2746,tam.nguyen2746@student.sims.edu,,2004-01-07,555-1285,317 Tran Phu,Ho Chi Minh,Business
An,Dang,an.dang2747,an.dang2747@student.sims.edu,,2005-09-19,555-3034,851 Nguyen Hue,Ha Noi,Mathematics
Khanh,Ly,khanh.ly2748,khanh.ly2748@student.sims.edu,,2004-02-08,555-2974,233 Hai Ba Trung,Hue,Business
Vy,Vu,vy.vu2749,vy.vu2749@student.sims.edu,,2001-09-01,555-5111,442 Tran Phu,Ha Noi,Physics
Mai,Bui,mai.bui2750,mai.bui2750@student.sims.edu,,2005-11-15,555-6244,986 Hai Ba Trung,Da Nang,Information Technology
Hung,Vo,hung.vo2751,hung.vo2751@student.sims.edu,,2003-05-05,555-3537,818 Hai Ba Trung,Hai Phong,Physics
Hoa,Bui,hoa.bui2752,hoa.bui2752@student.sims.edu,,2001-05-19,555-1466,97 Nguyen Hue,Ha Noi,Physics
Duc,Huynh,duc.huynh2753,duc.huynh2753@student.sims.edu,,2005-06-26,555-4451,81 Nguyen Hue,Ha Noi,Physics
Yen,Pham,yen.pham2754,yen.pham2754@student.sims.edu,,2003-08-09,555-7876,303 Nguyen Hue,Nha Trang,Physics
Hai,Ngo,hai.ngo2755,hai.ngo2755@student.sims.edu,,2003-10-23,555-4615,456 Nguyen Hue,Ho Chi Minh,Information Technology
Thu,Dang,thu.dang2756,thu.dang2756@student.sims.edu,,2001-10-10,555-3397,416 Tran Phu,Ha Noi,Physics
Yen,Nguyen,yen.nguyen2757,yen.nguyen2757@student.sims.edu,,2005-09-20,555-9480,725 Le Loi,Ho Chi Minh,Information Technology
Linh,Ngo,linh.ngo2758,linh.ngo2758@student.sims.edu,,2005-04-06,555-8189,674 Hai Ba Trung,Hai Phong,Mathematics
Khanh,Duong,khanh.duong2759,khanh.duong2759@student.sims.edu,,2001-06-15,555-4790,295 Hai Ba Trung,Hue,Information Technology
Phong,Pham,phong.pham2760,phong.pham2760@student.sims.edu,,2005-04-27,555-7505,788 Le Loi,Hai Phong,Electronics
Quyen,Vo,quyen.vo2761,quyen.vo2761@student.sims.edu,,2002-02-17,555-6773,59 Le Loi,Hai Phong,Physics
Hoa,Tran,hoa.tran2762,hoa.tran2762@student.sims.edu,,2001-05-10,555-2954,270 Le Loi,Ha Noi,Computer Science
Binh,Huynh,binh.huynh2763,binh.huynh2763@student.sims.edu,,2001-11-03,555-1545,460 Hai Ba Trung,Ha Noi,Computer Science
Giang,Le,giang.le2764,giang.le2764@student.sims.edu,,2002-08-16,555-7765,720 Tran Phu,Ha Noi,Mathematics
Tam,Nguyen,tam.nguyen2765,tam.nguyen2765@student.sims.edu,,2005-01-21,555-3722,27 Hai Ba Trung,Hai Phong,Business
Duc,Duong,duc.duong2766,duc.duong2766@student.sims.edu,,2005-11-15,555-9281,527 Nguyen Hue,Da Nang,Mathematics
Vy,Pham,vy.pham2767,vy.pham2767@student.sims.edu,,2005-01-27,555-5943,876 Le Loi,Ho Chi Minh,Business
Yen,Ho,yen.ho2768,yen.ho2768@student.sims.edu,,2003-01-12,555-1320,734 Nguyen Hue,Ha Noi,Business
Khanh,Dang,khanh.dang2769,khanh.dang2769@student.sims.edu,,2005-01-24,555-8535,420 Hai Ba Trung,Ha Noi,Business
Trang,Vu,trang.vu2770,trang.vu2770@student.sims.edu,,2001-10-23,555-6455,589 Hai Ba Trung,Hue,Computer Science
Chi,Le,chi.le2771,chi.le2771@student.sims.edu,,2005-05-05,555-9577,263 Tran Phu,Nha Trang,Mathematics
Ngoc,Dang,ngoc.dang2772,ngoc.dang2772@student.sims.edu,,2004-02-04,555-9192,912 Le Loi,Hai Phong,Physics
Quyen,Vu,quyen.vu2773,quyen.vu2773@student.sims.edu,,2003-04-14,555-9002,168 Tran Phu,Hue,Business
Minh,Pham,minh.pham2774,minh.pham2774@student.sims.edu,,2003-02-20,555-3940,15 Le Loi,Ho Chi Minh,Business
Minh,Vu,minh.vu2775,minh.vu2775@student.sims.edu,,2001-07-12,555-8720,179 Hai Ba Trung,Da Nang,Mathematics
An,Do,an.do2776,an.do2776@student.sims.edu,,2002-02-04,555-6483,890 Hai Ba Trung,Da Nang,Electronics
Binh,Huynh,binh.huynh2777,binh.huynh2777@student.sims.edu,,2003-06-24,555-4712,856 Le Loi,Nha Trang,Electronics
Quyen,Vo,quyen.vo2778,quyen.vo2778@student.sims.edu,,2003-10-24,555-5418,517 Le Loi,Ha Noi,Computer Science
Khanh,Dang,khanh.dang2779,khanh.dang2779@student.sims.edu,,2002-06-05,555-4836,261 Tran Phu,Da Nang,Business
Chi,Ly,chi.ly2780,chi.ly2780@student.sims.edu,,2002-04-06,555-5277,620 Hai Ba Trung,Nha Trang,Mathematics
Minh,Nguyen,minh.nguyen2781,minh.nguyen2781@student.sims.edu,,2001-10-23,555-6478,934 Tran Phu,Da Nang,Physics
Quyen,Ho,quyen.ho2782,quyen.ho2782@student.sims.edu,,2001-09-09,555-2094,945 Hai Ba Trung,Hai Phong,Information Technology
Hoa,Vo,hoa.vo2783,hoa.vo2783@student.sims.edu,,2005-08-22,555-2862,803 Nguyen Hue,Ha Noi,Electronics
Phong,Nguyen,phong.nguyen2784,phong.nguyen2784@student.sims.edu,,2001-01-13,555-6743,414 Nguyen Hue,Da Nang,Computer Science
Duc,Le,duc.le2785,duc.le2785@student.sims.edu,,2001-06-05,555-9733,803 Nguyen Hue,Can Tho,Physics
Minh,Bui,minh.bui2786,minh.bui2786@student.sims.edu,,2001-11-02,555-5467,966 Le Loi,Hue,Business
Nam,Huynh,nam.huynh2787,nam.huynh2787@student.sims.edu,,2002-01-15,555-7224,628 Hai Ba Trung,Ha Noi,Information Technology
Thao,Nguyen,thao.nguyen2788,thao.nguyen2788@student.sims.edu,,2005-04-20,555-7227,836 Tran Phu,Nha Trang,Information Technology
Minh,Ngo,minh.ngo2789,minh.ngo2789@student.sims.edu,,2004-01-23,555-6250,497 Tran Phu,Hai Phong,Computer Science
Ha,Ngo,ha.ngo2790,ha.ngo2790@student.sims.edu,,2002-10-27,555-9596,478 Tran Phu,Ha Noi,Electronics
Yen,Hoang,yen.hoang2791,yen.hoang2791@student.sims.edu,,2005-06-11,555-5788,472 Le Loi,Hai Phong,Electronics
Nam,Nguyen,nam.nguyen2792,nam.nguyen2792@student.sims.edu,,2005-04-24,555-1351,196 Le Loi,Nha Trang,Information Technology
Hung,Dang,hung.dang2793,hung.dang2793@student.sims.edu,,2003-11-06,555-7136,947 Nguyen Hue,Hue,Business
Hung,Le,hung.le2794,hung.le2794@student.sims.edu,,2002-10-26,555-5297,779 Tran Phu,Can Tho,Mathematics
Khanh,Tran,khanh.tran2795,khanh.tran2795@student.sims.edu,,2001-04-15,555-1160,489 Tran Phu,Hue,Electronics
Quyen,Ngo,quyen.ngo2796,quyen.ngo2796@student.sims.edu,,2005-12-16,555-4803,386 Nguyen Hue,Ha Noi,Information Technology
Duc,Duong,duc.duong2797,duc.duong2797@student.sims.edu,,2002-03-25,555-5513,347 Le Loi,Hai Phong,Computer Science
Duc,Tran,duc.tran2798,duc.tran2798@student.sims.edu,,2002-12-16,555-5801,405 Tran Phu,Ha Noi,Electronics
Thao,Huynh,thao.huynh2799,thao.huynh2799@student.sims.edu,,2002-02-26,555-9284,795 Hai Ba Trung,Ha Noi,Mathematics
Minh,Vu,minh.vu2800,minh.vu2800@student.sims.edu,,2005-12-19,555-3287,841 Hai Ba Trung,Can Tho,Business
Tuan,Huynh,tuan.huynh2801,tuan.huynh2801@student.sims.edu,,2001-11-26,555-4825,67 Hai Ba Trung,Hai Phong,Electronics
An,Vo,an.vo2802,an.vo2802@student.sims.edu,,2005-07-02,555-6811,210 Nguyen Hue,Hue,Computer Science
Tam,Ngo,tam.ngo2803,tam.ngo2803@student.sims.edu,,2001-11-15,555-4551,6 Le Loi,Can Tho,Mathematics
Vy,Duong,vy.duong2804,vy.duong2804@student.sims.edu,,2002-05-05,555-5058,574 Tran Phu,Hue,Business
Ngoc,Hoang,ngoc.hoang2805,ngoc.hoang2805@student.sims.edu,,2001-12-25,555-4913,485 Hai Ba Trung,Ha Noi,Physics
Thu,Tran,thu.tran2806,thu.tran2806@student.sims.edu,,2005-03-03,555-6740,450 Le Loi,Hue,Business
Dung,Ho,dung.ho2807,dung.ho2807@student.sims.edu,,2005-01-16,555-2275,36 Le Loi,Can Tho,Computer Science
Duc,Dang,duc.dang2808,duc.dang2808@student.sims.edu,,2005-10-05,555-6754,642 Hai Ba Trung,Nha Trang,Electronics
Tam,Duong,tam.duong2809,tam.duong2809@student.sims.edu,,2002-04-04,555-6766,397 Nguyen Hue,Ha Noi,Information Technology
Nga,Nguyen,nga.nguyen2810,nga.nguyen2810@student.sims.edu,,2005-01-10,555-5490,777 Hai Ba Trung,Hue,Information Technology
Hoa,Tran,hoa.tran2811,hoa.tran2811@student.sims.edu,,2003-07-22,555-2402,632 Le Loi,Ho Chi Minh,Physics
Yen,Le,yen.le2812,yen.le2812@student.sims.edu,,2001-05-01,555-6806,889 Hai Ba Trung,Can Tho,Computer Science
Mai,Do,mai.do2813,mai.do2813@student.sims.edu,,2002-10-08,555-8690,715 Nguyen Hue,Hai Phong,Information Technology
Tam,Duong,tam.duong2814,tam.duong2814@student.sims.edu,,2002-06-21,555-9305,822 Hai Ba Trung,Nha Trang,Information Technology
Phong,Hoang,phong.hoang2815,phong.hoang2815@student.sims.edu,,2005-12-12,555-1750,531 Tran Phu,Can Tho,Computer Science
Vy,Pham,vy.pham2816,vy.pham2816@student.sims.edu,,2003-02-10,555-1953,249 Nguyen Hue,Nha Trang,Physics
Hoa,Nguyen,hoa.nguyen2817,hoa.nguyen2817@student.sims.edu,,2003-09-14,555-5975,757 Nguyen Hue,Hue,Electronics
Hoa,Le,hoa.le2818,hoa.le2818@student.sims.edu,,2004-12-16,555-4247,274 Le Loi,Hai Phong,Information Technology
Quang,Tran,quang.tran2819,quang.tran2819@student.sims.edu,,2001-12-08,555-6581,48 Hai Ba Trung,Nha Trang,Information Technology
Vy,Vo,vy.vo2820,vy.vo2820@student.sims.edu,,2003-09-13,555-8484,68 Le Loi,Nha Trang,Information Technology
Son,Dang,son.dang2821,son.dang2821@student.sims.edu,,2001-07-11,555-3290,297 Tran Phu,Ho Chi Minh,Electronics
Nam,Hoang,nam.hoang2822,nam.hoang2822@student.sims.edu,,2004-05-11,555-3998,205 Hai Ba Trung,Can Tho,Computer Science
Thu,Vo,thu.vo2823,thu.vo2823@student.sims.edu,,2002-02-20,555-2628,946 Tran Phu,Ha Noi,Electronics
Minh,Duong,minh.duong2824,minh.duong2824@student.sims.edu,,2001-02-16,555-8780,641 Le Loi,Ho Chi Minh,Computer Science
Tuan,Ly,tuan.ly2825,tuan.ly2825@student.sims.edu,,2001-06-04,555-7794,55 Hai Ba Trung,Ha Noi,Business
Hai,Duong,hai.duong2826,hai.duong2826@student.sims.edu,,2004-06-05,555-3355,106 Tran Phu,Can Tho,Computer Science
Vy,Vu,vy.vu2827,vy.vu2827@student.sims.edu,,2001-08-10,555-8280,13 Tran Phu,Ha Noi,Electronics
Yen,Ho,yen.ho2828,yen.ho2828@student.sims.edu,,2003-02-19,555-1007,632 Nguyen Hue,Hue,Business
Dung,Do,dung.do2829,dung.do2829@student.sims.edu,,2002-08-23,555-8133,630 Nguyen Hue,Can Tho,Electronics
Binh,Bui,binh.bui2830,binh.bui2830@student.sims.edu,,2005-05-16,555-1051,284 Le Loi,Ho Chi Minh,Computer Science
Quyen,Do,quyen.do2831,quyen.do2831@student.sims.edu,,2001-08-17,555-7462,935 Le Loi,Ho Chi Minh,Mathematics
Nga,Hoang,nga.hoang2832,nga.hoang2832@student.sims.edu,,2004-09-24,555-4280,189 Le Loi,Can Tho,Computer Science
Hoa,Ly,hoa.ly2833,hoa.ly2833@student.sims.edu,,2003-10-15,555-9477,421 Tran Phu,Hai Phong,Computer Science
Khanh,Hoang,khanh.hoang2834,khanh.hoang2834@student.sims.edu,,2002-12-10,555-9156,268 Le Loi,Ha Noi,Mathematics
Minh,Tran,minh.tran2835,minh.tran2835@student.sims.edu,,2001-02-03,555-6949,580 Nguyen Hue,Hai Phong,Information Technology
Vy,Hoang,vy.hoang2836,vy.hoang2836@student.sims.edu,,2001-08-17,555-4861,269 Nguyen Hue,Ha Noi,Mathematics
Quyen,Dang,quyen.dang2837,quyen.dang2837@student.sims.edu,,2004-01-18,555-6956,804 Le Loi,Hue,Information Technology
Giang,Ly,giang.ly2838,giang.ly2838@student.sims.edu,,2002-12-04,555-2557,803 Hai Ba Trung,Hue,Mathematics
Tam,Do,tam.do2839,tam.do2839@student.sims.edu,,2005-06-21,555-1724,782 Hai Ba Trung,Hue,Information Technology
Minh,Duong,minh.duong2840,minh.duong2840@student.sims.edu,,2003-11-07,555-3903,308 Le Loi,Hue,Mathematics
Trang,Nguyen,trang.nguyen2841,trang.nguyen2841@student.sims.edu,,2004-02-20,555-1618,494 Nguyen Hue,Ho Chi Minh,Physics
Trang,Tran,trang.tran2842,trang.tran2842@student.sims.edu,,2002-04-17,555-9405,380 Hai Ba Trung,Ha Noi,Physics
Phong,Duong,phong.duong2843,phong.duong2843@student.sims.edu,,2005-02-04,555-1368,326 Tran Phu,Hue,Information Technology
Linh,Ho,linh.ho2844,linh.ho2844@student.sims.edu,,2004-08-24,555-4134,666 Le Loi,Da Nang,Computer Science
Dung,Bui,dung.bui2845,dung.bui2845@student.sims.edu,,2002-07-23,555-5446,976 Nguyen Hue,Hai Phong,Business
Lan,Ho,lan.ho2846,lan.ho2846@student.sims.edu,,2002-08-05,555-8048,234 Nguyen Hue,Hai Phong,Physics
Nam,Bui,nam.bui2847,nam.bui2847@student.sims.edu,,2004-07-22,555-4981,33 Nguyen Hue,Da Nang,Physics
Thao,Dang,thao.dang2848,thao.dang2848@student.sims.edu,,2003-03-01,555-1640,56 Hai Ba Trung,Nha Trang,Physics
Tuan,Huynh,tuan.huynh2849,tuan.huynh2849@student.sims.edu,,2002-05-06,555-2700,512 Tran Phu,Hai Phong,Business
Chi,Pham,chi.pham2850,chi.pham2850@student.sims.edu,,2003-01-01,555-8408,961 Tran Phu,Hue,Computer Science
Quang,Tran,quang.tran2851,quang.tran2851@student.sims.edu,,2002-07-22,555-7018,504 Hai Ba Trung,Hai Phong,Physics
Minh,Tran,minh.tran2852,minh.tran2852@student.sims.edu,,2002-07-10,555-2310,486 Le Loi,Hue,Information Technology
Duc,Nguyen,duc.nguyen2853,duc.nguyen2853@student.sims.edu,,2004-10-12,555-2975,117 Nguyen Hue,Hai Phong,Physics
Quang,Hoang,quang.hoang2854,quang.hoang2854@student.sims.edu,,2004-12-06,555-2137,747 Nguyen Hue,Da Nang,Physics
Bao,Ho,bao.ho2855,bao.ho2855@student.sims.edu,,2002-09-13,555-6194,102 Le Loi,Hai Phong,Computer Science
Khanh,Nguyen,khanh.nguyen2856,khanh.nguyen2856@student.sims.edu,,2001-01-09,555-5460,184 Le Loi,Hue,Mathematics
Tam,Vu,tam.vu2857,tam.vu2857@student.sims.edu,,2005-09-11,555-3055,30 Le Loi,Can Tho,Mathematics
Ngoc,Do,ngoc.do2858,ngoc.do2858@student.sims.edu,,2004-02-21,555-3828,906 Tran Phu,Da Nang,Mathematics
Minh,Le,minh.le2859,minh.le2859@student.sims.edu,,2001-05-11,555-3527,162 Tran Phu,Hue,Mathematics
Binh,Tran,binh.tran2860,binh.tran2860@student.sims.edu,,2004-01-08,555-1920,264 Le Loi,Hue,Electronics
Quyen,Hoang,quyen.hoang2861,quyen.hoang2861@student.sims.edu,,2001-06-24,555-3405,799 Nguyen Hue,Nha Trang,Electronics
Khanh,Duong,khanh.duong2862,khanh.duong2862@student.sims.edu,,2002-03-12,555-7373,593 Tran Phu,Hue,Physics
An,Le,an.le2863,an.le2863@student.sims.edu,,2001-06-03,555-1461,229 Nguyen Hue,Ho Chi Minh,Electronics
Quyen,Le,quyen.le2864,quyen.le2864@student.sims.edu,,2005-11-27,555-8948,649 Le Loi,Can Tho,Electronics
Ha,Do,ha.do2865,ha.do2865@student.sims.edu,,2001-11-03,555-9193,404 Hai Ba Trung,Da Nang,Mathematics
Bao,Ho,bao.ho2866,bao.ho2866@student.sims.edu,,2003-03-24,555-8773,738 Hai Ba Trung,Hai Phong,Mathematics
Mai,Tran,mai.tran2867,mai.tran2867@student.sims.edu,,2002-04-13,555-3232,108 Nguyen Hue,Nha Trang,Electronics
Nam,Pham,nam.pham2868,nam.pham2868@student.sims.edu,,2002-07-07,555-5900,777 Hai Ba Trung,Ha Noi,Physics
Phong,Tran,phong.tran2869,phong.tran2869@student.sims.edu,,2003-10-23,555-7222,34 Hai Ba Trung,Hue,Mathematics
Minh,Ly,minh.ly2870,minh.ly2870@student.sims.edu,,2002-11-23,555-3816,797 Le Loi,Hai Phong,Mathematics
Tuan,Tran,tuan.tran2871,tuan.tran2871@student.sims.edu,,2002-05-04,555-2267,133 Le Loi,Ho Chi Minh,Physics
Duc,Ly,duc.ly2872,duc.ly2872@student.sims.edu,,2005-05-09,555-7686,747 Le Loi,Ha Noi,Physics
Duc,Ho,duc.ho2873,duc.ho2873@student.sims.edu,,2002-09-03,555-3942,581 Le Loi,Can Tho,Computer Science
Giang,Hoang,giang.hoang2874,giang.hoang2874@student.sims.edu,,2001-06-04,555-1684,181 Hai Ba Trung,Hai Phong,Business
Thao,Ly,thao.ly2875,thao.ly2875@student.sims.edu,,2001-09-11,555-7750,411 Le Loi,Can Tho,Electronics
Yen,Le,yen.le2876,yen.le2876@student.sims.edu,,2004-05-13,555-1822,695 Le Loi,Can Tho,Information Technology
Duc,Ly,duc.ly2877,duc.ly2877@student.sims.edu,,2001-07-03,555-3344,595 Tran Phu,Can Tho,Physics
Trang,Tran,trang.tran2878,trang.tran2878@student.sims.edu,,2004-09-18,555-4473,353 Hai Ba Trung,Ho Chi Minh,Physics
Tuan,Tran,tuan.tran2879,tuan.tran2879@student.sims.edu,,2005-01-14,555-1578,280 Nguyen Hue,Ho Chi Minh,Mathematics
Dung,Tran,dung.tran2880,dung.tran2880@student.sims.edu,,2002-08-15,555-6827,165 Tran Phu,Ho Chi Minh,Computer Science
Thu,Huynh,thu.huynh2881,thu.huynh2881@student.sims.edu,,2004-01-27,555-5283,127 Hai Ba Trung,Nha Trang,Information Technology
Chi,Vu,chi.vu2882,chi.vu2882@student.sims.edu,,2003-12-09,555-9620,699 Nguyen Hue,Ho Chi Minh,Electronics
Yen,Ho,yen.ho2883,yen.ho2883@student.sims.edu,,2001-01-26,555-9626,745 Le Loi,Can Tho,Electronics
Tam,Vu,tam.vu2884,tam.vu2884@student.sims.edu,,2003-04-23,555-1441,59 Le Loi,Hai Phong,Information Technology
Tuan,Tran,tuan.tran2885,tuan.tran2885@student.sims.edu,,2001-12-21,555-8410,583 Nguyen Hue,Hue,Electronics
Chi,Hoang,chi.hoang2886,chi.hoang2886@student.sims.edu,,2001-05-26,555-5125,200 Hai Ba Trung,Ha Noi,Computer Science
Quyen,Do,quyen.do2887,quyen.do2887@student.sims.edu,,2001-10-04,555-2969,131 Tran Phu,Hue,Physics
Vy,Vu,vy.vu2888,vy.vu2888@student.sims.edu,,2005-08-11,555-7509,50 Tran Phu,Nha Trang,Business
Lan,Vo,lan.vo2889,lan.vo2889@student.sims.edu,,2005-04-09,555-7075,232 Le Loi,Hue,Mathematics
Quyen,Vu,quyen.vu2890,quyen.vu2890@student.sims.edu,,2002-09-02,555-4935,763 Tran Phu,Can Tho,Computer Science
Bao,Huynh,bao.huynh2891,bao.huynh2891@student.sims.edu,,2004-06-11,555-3792,926 Le Loi,Ha Noi,Computer Science
Minh,Le,minh.le2892,minh.le2892@student.sims.edu,,2002-10-19,555-6982,301 Tran Phu,Ho Chi Minh,Business
Nga,Ngo,nga.ngo2893,nga.ngo2893@student.sims.edu,,2003-06-05,555-4911,532 Nguyen Hue,Can Tho,Physics
Yen,Ly,yen.ly2894,yen.ly2894@student.sims.edu,,2003-07-23,555-4522,186 Tran Phu,Can Tho,Mathematics
Chi,Do,chi.do2895,chi.do2895@student.sims.edu,,2005-02-11,555-7434,757 Tran Phu,Ho Chi Minh,Mathematics
Duc,Dang,duc.dang2896,duc.dang2896@student.sims.edu,,2001-03-11,555-7252,219 Nguyen Hue,Hue,Mathematics
Tuan,Duong,tuan.duong2897,tuan.duong2897@student.sims.edu,,2004-11-11,555-6831,128 Tran Phu,Ha Noi,Electronics
Son,Nguyen,son.nguyen2898,son.nguyen2898@student.sims.edu,,2001-03-17,555-5178,517 Le Loi,Da Nang,Physics
Duc,Vu,duc.vu2899,duc.vu2899@student.sims.edu,,2004-06-18,555-5159,421 Nguyen Hue,Hai Phong,Mathematics
Quyen,Pham,quyen.pham2900,quyen.pham2900@student.sims.edu,,2002-08-06,555-7578,565 Hai Ba Trung,Can Tho,Electronics
Duc,Ly,duc.ly2901,duc.ly2901@student.sims.edu,,2004-10-17,555-8226,61 Hai Ba Trung,Da Nang,Information Technology
Quyen,Ho,quyen.ho2902,quyen.ho2902@student.sims.edu,,2001-07-21,555-8543,158 Hai Ba Trung,Nha Trang,Mathematics
Vy,Hoang,vy.hoang2903,vy.hoang2903@student.sims.edu,,2003-10-12,555-6376,216 Le Loi,Nha Trang,Mathematics
An,Pham,an.pham2904,an.pham2904@student.sims.edu,,2005-12-02,555-8751,677 Nguyen Hue,Nha Trang,Business
Son,Vo,son.vo2905,son.vo2905@student.sims.edu,,2005-11-18,555-9939,60 Le Loi,Da Nang,Business
Hoa,Ly,hoa.ly2906,hoa.ly2906@student.sims.edu,,2004-02-12,555-9188,148 Hai Ba Trung,Hue,Information Technology
Ha,Le,ha.le2907,ha.le2907@student.sims.edu,,2001-10-14,555-7466,440 Tran Phu,Hue,Physics
Giang,Pham,giang.pham2908,giang.pham2908@student.sims.edu,,2004-10-13,555-5861,963 Tran Phu,Ha Noi,Physics
Chi,Vo,chi.vo2909,chi.vo2909@student.sims.edu,,2003-04-16,555-8590,12 Tran Phu,Hai Phong,Computer Science
Yen,Do,yen.do2910,yen.do2910@student.sims.edu,,2002-08-25,555-5270,274 Hai Ba Trung,Can Tho,Computer Science
Ha,Huynh,ha.huynh2911,ha.huynh2911@student.sims.edu,,2003-10-20,555-2567,267 Nguyen Hue,Hai Phong,Electronics
Duc,Ngo,duc.ngo2912,duc.ngo2912@student.sims.edu,,2002-02-26,555-5385,835 Hai Ba Trung,Ho Chi Minh,Physics
Dung,Huynh,dung.huynh2913,dung.huynh2913@student.sims.edu,,2004-01-12,555-7399,102 Le Loi,Can Tho,Electronics
Trang,Vu,trang.vu2914,trang.vu2914@student.sims.edu,,2004-06-23,555-9175,430 Nguyen Hue,Da Nang,Mathematics
Quyen,Ho,quyen.ho2915,quyen.ho2915@student.sims.edu,,2005-01-25,555-6356,913 Tran Phu,Da Nang,Business
An,Bui,an.bui2916,an.bui2916@student.sims.edu,,2005-05-21,555-4048,380 Tran Phu,Ha Noi,Information Technology
Mai,Vu,mai.vu2917,mai.vu2917@student.sims.edu,,2001-11-09,555-6091,312 Nguyen Hue,Ha Noi,Mathematics
Ngoc,Ngo,ngoc.ngo2918,ngoc.ngo2918@student.sims.edu,,2004-05-24,555-9603,181 Hai Ba Trung,Hai Phong,Business
Chi,Hoang,chi.hoang2919,chi.hoang2919@student.sims.edu,,2001-05-21,555-7363,200 Nguyen Hue,Hue,Information Technology
Minh,Huynh,minh.huynh2920,minh.huynh2920@student.sims.edu,,2004-06-02,555-6625,887 Hai Ba Trung,Hue,Information Technology
Nam,Hoang,nam.hoang2921,nam.hoang2921@student.sims.edu,,2005-03-22,555-4183,441 Hai Ba Trung,Can Tho,Physics
Giang,Ngo,giang.ngo2922,giang.ngo2922@student.sims.edu,,2005-04-18,555-1233,625 Nguyen Hue,Hue,Electronics
Hung,Hoang,hung.hoang2923,hung.hoang2923@student.sims.edu,,2003-08-17,555-8488,862 Hai Ba Trung,Hai Phong,Information Technology
Thu,Pham,thu.pham2924,thu.pham2924@student.sims.edu,,2005-12-20,555-9415,683 Nguyen Hue,Da Nang,Information Technology
Ha,Ngo,ha.ngo2925,ha.ngo2925@student.sims.edu,,2003-06-19,555-6191,133 Nguyen Hue,Can Tho,Physics
Lan,Vu,lan.vu2926,lan.vu2926@student.sims.edu,,2004-12-18,555-9854,309 Le Loi,Hai Phong,Business
An,Nguyen,an.nguyen2927,an.nguyen2927@student.sims.edu,,2004-04-16,555-6747,671 Hai Ba Trung,Ho Chi Minh,Information Technology
Mai,Hoang,mai.hoang2928,mai.hoang2928@student.sims.edu,,2001-12-10,555-7508,998 Tran Phu,Hai Phong,Computer Science
Ha,Pham,ha.pham2929,ha.pham2929@student.sims.edu,,2003-04-20,555-9289,915 Hai Ba Trung,Ho Chi Minh,Information Technology
Giang,Hoang,giang.hoang2930,giang.hoang2930@student.sims.edu,,2001-02-28,555-7784,692 Tran Phu,Nha Trang,Mathematics
Bao,Tran,bao.tran2931,bao.tran2931@student.sims.edu,,2003-06-26,555-5639,455 Le Loi,Da Nang,Electronics
Son,Le,son.le2932,son.le2932@student.sims.edu,,2003-04-13,555-7369,518 Hai Ba Trung,Hue,Business
Yen,Dang,yen.dang2933,yen.dang2933@student.sims.edu,,2005-10-23,555-3705,124 Le Loi,Hue,Computer Science
Hai,Ho,hai.ho2934,hai.ho2934@student.sims.edu,,2004-01-22,555-3558,866 Hai Ba Trung,Nha Trang,Physics
Duc,Ngo,duc.ngo2935,duc.ngo2935@student.sims.edu,,2002-02-06,555-5671,414 Tran Phu,Ha Noi,Business
Khanh,Tran,khanh.tran2936,khanh.tran2936@student.sims.edu,,2002-07-05,555-1377,637 Nguyen Hue,Da Nang,Business
Giang,Duong,giang.duong2937,giang.duong2937@student.sims.edu,,2004-04-02,555-3123,805 Tran Phu,Ha Noi,Business
Vy,Hoang,vy.hoang2938,vy.hoang2938@student.sims.edu,,2004-01-24,555-6657,765 Le Loi,Ho Chi Minh,Business
Minh,Duong,minh.duong2939,minh.duong2939@student.sims.edu,,2005-06-07,555-1434,211 Hai Ba Trung,Da Nang,Electronics
Duc,Ho,duc.ho2940,duc.ho2940@student.sims.edu,,2005-05-27,555-9662,498 Hai Ba Trung,Hai Phong,Mathematics
Trang,Nguyen,trang.nguyen2941,trang.nguyen2941@student.sims.edu,,2005-10-15,555-4289,513 Le Loi,Hue,Information Technology
Mai,Vu,mai.vu2942,mai.vu2942@student.sims.edu,,2005-02-15,555-3997,361 Nguyen Hue,Hue,Business
Giang,Tran,giang.tran2943,giang.tran2943@student.sims.edu,,2005-05-11,555-1386,466 Nguyen Hue,Ho Chi Minh,Business
Tuan,Vo,tuan.vo2944,tuan.vo2944@student.sims.edu,,2001-11-24,555-8173,858 Nguyen Hue,Hue,Physics
Minh,Ly,minh.ly2945,minh.ly2945@student.sims.edu,,2003-06-12,555-5167,435 Tran Phu,Hue,Mathematics
Hoa,Hoang,hoa.hoang2946,hoa.hoang2946@student.sims.edu,,2002-10-26,555-6508,332 Nguyen Hue,Can Tho,Mathematics
Nam,Vu,nam.vu2947,nam.vu2947@student.sims.edu,,2001-04-13,555-2715,564 Tran Phu,Can Tho,Physics
Son,Le,son.le2948,son.le2948@student.sims.edu,,2004-09-20,555-6080,673 Hai Ba Trung,Can Tho,Electronics
Tam,Pham,tam.pham2949,tam.pham2949@student.sims.edu,,2001-06-06,555-2428,178 Le Loi,Hai Phong,Computer Science
Bao,Le,bao.le2950,bao.le2950@student.sims.edu,,2001-11-01,555-3754,210 Tran Phu,Hue,Business
Trang,Ly,trang.ly2951,trang.ly2951@student.sims.edu,,2001-11-02,555-5212,426 Tran Phu,Ho Chi Minh,Mathematics
Hung,Ly,hung.ly2952,hung.ly2952@student.sims.edu,,2001-04-04,555-2206,224 Hai Ba Trung,Ho Chi Minh,Electronics
Nam,Duong,nam.duong2953,nam.duong2953@student.sims.edu,,2002-09-23,555-3551,608 Hai Ba Trung,Nha Trang,Computer Science
Minh,Vo,minh.vo2954,minh.vo2954@student.sims.edu,,2002-10-03,555-1637,330 Nguyen Hue,Da Nang,Physics
An,Vu,an.vu2955,an.vu2955@student.sims.edu,,2003-07-07,555-6010,435 Le Loi,Nha Trang,Physics
Chi,Le,chi.le2956,chi.le2956@student.sims.edu,,2004-01-04,555-3434,652 Le Loi,Ho Chi Minh,Information Technology
Hung,Ngo,hung.ngo2957,hung.ngo2957@student.sims.edu,,2002-03-09,555-5941,692 Tran Phu,Hue,Mathematics
Ngoc,Le,ngoc.le2958,ngoc.le2958@student.sims.edu,,2002-04-16,555-8644,568 Tran Phu,Ha Noi,Information Technology
Vy,Ho,vy.ho2959,vy.ho2959@student.sims.edu,,2003-11-06,555-7347,967 Tran Phu,Ho Chi Minh,Information Technology
Quyen,Duong,quyen.duong2960,quyen.duong2960@student.sims.edu,,2002-10-10,555-9043,638 Hai Ba Trung,Da Nang,Mathematics
Lan,Ly,lan.ly2961,lan.ly2961@student.sims.edu,,2002-01-25,555-9411,791 Hai Ba Trung,Ho Chi Minh,Business
Quang,Vo,quang.vo2962,quang.vo2962@student.sims.edu,,2004-02-24,555-1793,869 Tran Phu,Hue,Physics
Linh,Hoang,linh.hoang2963,linh.hoang2963@student.sims.edu,,2001-11-05,555-4517,372 Tran Phu,Can Tho,Business
Tuan,Ho,tuan.ho2964,tuan.ho2964@student.sims.edu,,2004-01-22,555-9150,149 Hai Ba Trung,Ha Noi,Mathematics
Khanh,Ly,khanh.ly2965,khanh.ly2965@student.sims.edu,,2002-02-11,555-7708,736 Hai Ba Trung,Ha Noi,Computer Science
Hung,Vu,hung.vu2966,hung.vu2966@student.sims.edu,,2003-08-10,555-7526,48 Le Loi,Ha Noi,Electronics
Lan,Huynh,lan.huynh2967,lan.huynh2967@student.sims.edu,,2004-07-27,555-1100,122 Le Loi,Ho Chi Minh,Business
Tuan,Hoang,tuan.hoang2968,tuan.hoang2968@student.sims.edu,,2003-10-05,555-8494,58 Le Loi,Da Nang,Computer Science
Vy,Duong,vy.duong2969,vy.duong2969@student.sims.edu,,2001-05-19,555-2344,965 Hai Ba Trung,Ho Chi Minh,Business
Thu,Pham,thu.pham2970,thu.pham2970@student.sims.edu,,2005-03-12,555-7272,281 Hai Ba Trung,Da Nang,Mathematics
Dung,Ly,dung.ly2971,dung.ly2971@student.sims.edu,,2002-08-06,555-8470,985 Le Loi,Nha Trang,Physics
An,Vu,an.vu2972,an.vu2972@student.sims.edu,,2005-06-04,555-8197,16 Hai Ba Trung,Nha Trang,Mathematics
Dung,Pham,dung.pham2973,dung.pham2973@student.sims.edu,,2003-04-01,555-1445,776 Tran Phu,Nha Trang,Information Technology
Phong,Huynh,phong.huynh2974,phong.huynh2974@student.sims.edu,,2001-01-01,555-5177,33 Nguyen Hue,Ho Chi Minh,Business
Thu,Le,thu.le2975,thu.le2975@student.sims.edu,,2003-10-08,555-8951,749 Le Loi,Da Nang,Business
Vy,Nguyen,vy.nguyen2976,vy.nguyen2976@student.sims.edu,,2004-10-12,555-4102,30 Le Loi,Hue,Electronics
An,Dang,an.dang2977,an.dang2977@student.sims.edu,,2003-03-21,555-9207,13 Le Loi,Ha Noi,Business
Binh,Dang,binh.dang2978,binh.dang2978@student.sims.edu,,2005-12-17,555-3425,288 Tran Phu,Ho Chi Minh,Electronics
Yen,Huynh,yen.huynh2979,yen.huynh2979@student.sims.edu,,2005-01-12,555-2651,662 Le Loi,Ha Noi,Information Technology
Ha,Pham,ha.pham2980,ha.pham2980@student.sims.edu,,2002-07-28,555-7541,328 Tran Phu,Ha Noi,Information Technology
An,Vu,an.vu2981,an.vu2981@student.sims.edu,,2004-09-22,555-1972,378 Le Loi,Da Nang,Electronics
Trang,Nguyen,trang.nguyen2982,trang.nguyen2982@student.sims.edu,,2003-10-11,555-2346,535 Nguyen Hue,Ho Chi Minh,Physics
Hai,Do,hai.do2983,hai.do2983@student.sims.edu,,2004-05-17,555-4002,506 Tran Phu,Da Nang,Computer Science
Thu,Ly,thu.ly2984,thu.ly2984@student.sims.edu,,2004-04-24,555-9199,172 Le Loi,Nha Trang,Computer Science
Hai,Hoang,hai.hoang2985,hai.hoang2985@student.sims.edu,,2001-09-27,555-8696,291 Hai Ba Trung,Ho Chi Minh,Mathematics
Son,Vo,son.vo2986,son.vo2986@student.sims.edu,,2005-11-13,555-7891,892 Nguyen Hue,Da Nang,Business
Bao,Do,bao.do2987,bao.do2987@student.sims.edu,,2005-11-12,555-8827,830 Le Loi,Hue,Computer Science
Khanh,Dang,khanh.dang2988,khanh.dang2988@student.sims.edu,,2002-01-27,555-9713,941 Tran Phu,Ha Noi,Electronics
Binh,Bui,binh.bui2989,binh.bui2989@student.sims.edu,,2005-04-16,555-3650,294 Nguyen Hue,Hue,Computer Science
Hai,Ho,hai.ho2990,hai.ho2990@student.sims.edu,,2002-10-12,555-7427,198 Hai Ba Trung,Ha Noi,Information Technology
Tuan,Tran,tuan.tran2991,tuan.tran2991@student.sims.edu,,2001-06-05,555-7722,596 Hai Ba Trung,Can Tho,Information Technology
Khanh,Bui,khanh.bui2992,khanh.bui2992@student.sims.edu,,2004-08-09,555-4519,488 Tran Phu,Ha Noi,Physics
Quyen,Nguyen,quyen.nguyen2993,quyen.nguyen2993@student.sims.edu,,2002-10-04,555-5131,672 Le Loi,Hue,Electronics
Ngoc,Vu,ngoc.vu2994,ngoc.vu2994@student.sims.edu,,2003-07-15,555-1739,931 Nguyen Hue,Ho Chi Minh,Information Technology
Ngoc,Vu,ngoc.vu2995,ngoc.vu2995@student.sims.edu,,2001-12-27,555-8917,143 Hai Ba Trung,Can Tho,Information Technology
Linh,Dang,linh.dang2996,linh.dang2996@student.sims.edu,,2004-11-18,555-4214,562 Nguyen Hue,Da Nang,Computer Science
Hai,Bui,hai.bui2997,hai.bui2997@student.sims.edu,,2005-01-19,555-7456,259 Nguyen Hue,Ha Noi,Computer Science
Son,Le,son.le2998,son.le2998@student.sims.edu,,2004-05-17,555-8547,182 Nguyen Hue,Can Tho,Computer Science
Nam,Pham,nam.pham2999,nam.pham2999@student.sims.edu,,2002-07-14,555-8398,485 Tran Phu,Ha Noi,Information Technology
Yen,Bui,yen.bui3000,yen.bui3000@student.sims.edu,,2003-12-04,555-4519,189 Hai Ba Trung,Hai Phong,Electronics
Tam,Do,tam.do3001,tam.do3001@student.sims.edu,,2005-02-13,555-8918,136 Tran Phu,Hai Phong,Electronics
Ha,Vo,ha.vo3002,ha.vo3002@student.sims.edu,,2001-02-01,555-8287,862 Nguyen Hue,Can Tho,Information Technology
Dung,Le,dung.le3003,dung.le3003@student.sims.edu,,2004-01-05,555-3321,369 Nguyen Hue,Hue,Electronics
Lan,Huynh,lan.huynh3004,lan.huynh3004@student.sims.edu,,2003-08-14,555-6638,68 Tran Phu,Hue,Business
Linh,Pham,linh.pham3005,linh.pham3005@student.sims.edu,,2005-02-24,555-9155,98 Le Loi,Da Nang,Electronics
Hoa,Vo,hoa.vo3006,hoa.vo3006@student.sims.edu,,2001-09-11,555-7079,44 Hai Ba Trung,Da Nang,Physics
Hoa,Tran,hoa.tran3007,hoa.tran3007@student.sims.edu,,2003-03-07,555-6828,907 Hai Ba Trung,Ha Noi,Computer Science
Thu,Vu,thu.vu3008,thu.vu3008@student.sims.edu,,2001-01-24,555-9921,676 Hai Ba Trung,Hue,Physics
Phong,Ho,phong.ho3009,phong.ho3009@student.sims.edu,,2001-09-23,555-4286,408 Le Loi,Hue,Computer Science
Phong,Ngo,phong.ngo3010,phong.ngo3010@student.sims.edu,,2002-09-20,555-7626,922 Tran Phu,Can Tho,Information Technology
Duc,Duong,duc.duong3011,duc.duong3011@student.sims.edu,,2005-11-05,555-7911,250 Nguyen Hue,Ha Noi,Electronics
An,Vu,an.vu3012,an.vu3012@student.sims.edu,,2002-07-22,555-8123,341 Tran Phu,Can Tho,Electronics
Son,Nguyen,son.nguyen3013,son.nguyen3013@student.sims.edu,,2005-12-27,555-1482,522 Le Loi,Nha Trang,Computer Science
Bao,Ho,bao.ho3014,bao.ho3014@student.sims.edu,,2005-06-14,555-2849,732 Le Loi,Hai Phong,Information Technology
Minh,Dang,minh.dang3015,minh.dang3015@student.sims.edu,,2001-03-16,555-2581,838 Nguyen Hue,Hai Phong,Computer Science
Minh,Duong,minh.duong3016,minh.duong3016@student.sims.edu,,2003-10-01,555-1620,864 Hai Ba Trung,Ha Noi,Physics
Duc,Tran,duc.tran3017,duc.tran3017@student.sims.edu,,2004-04-21,555-5409,375 Le Loi,Da Nang,Business
Lan,Huynh,lan.huynh3018,lan.huynh3018@student.sims.edu,,2001-06-20,555-6174,361 Hai Ba Trung,Ho Chi Minh,Computer Science
Nam,Dang,nam.dang3019,nam.dang3019@student.sims.edu,,2005-02-14,555-8068,847 Hai Ba Trung,Ho Chi Minh,Business
Yen,Dang,yen.dang3020,yen.dang3020@student.sims.edu,,2004-04-20,555-5679,935 Nguyen Hue,Hai Phong,Computer Science
Nga,Duong,nga.duong3021,nga.duong3021@student.sims.edu,,2003-03-16,555-2842,757 Le Loi,Can Tho,Computer Science
Yen,Do,yen.do3022,yen.do3022@student.sims.edu,,2002-08-13,555-8590,387 Tran Phu,Ho Chi Minh,Business
Quyen,Tran,quyen.tran3023,quyen.tran3023@student.sims.edu,,2003-12-07,555-7007,557 Le Loi,Ho Chi Minh,Physics
Bao,Huynh,bao.huynh3024,bao.huynh3024@student.sims.edu,,2005-09-15,555-5273,309 Nguyen Hue,Can Tho,Mathematics
An,Tran,an.tran3025,an.tran3025@student.sims.edu,,2002-05-26,555-4338,994 Tran Phu,Ho Chi Minh,Physics
Son,Do,son.do3026,son.do3026@student.sims.edu,,2003-07-13,555-4644,866 Le Loi,Hue,Computer Science
Duc,Ngo,duc.ngo3027,duc.ngo3027@student.sims.edu,,2002-02-22,555-3278,678 Tran Phu,Ho Chi Minh,Computer Science
Nam,Huynh,nam.huynh3028,nam.huynh3028@student.sims.edu,,2002-03-03,555-3666,464 Le Loi,Hue,Physics
Lan,Ly,lan.ly3029,lan.ly3029@student.sims.edu,,2002-06-22,555-7634,539 Nguyen Hue,Ho Chi Minh,Mathematics
Tam,Hoang,tam.hoang3030,tam.hoang3030@student.sims.edu,,2003-01-26,555-6873,30 Hai Ba Trung,Hai Phong,Mathematics
Thu,Dang,thu.dang3031,thu.dang3031@student.sims.edu,,2001-10-15,555-1970,904 Tran Phu,Can Tho,Mathematics
Linh,Bui,linh.bui3032,linh.bui3032@student.sims.edu,,2001-08-21,555-2419,990 Nguyen Hue,Hai Phong,Physics
Quyen,Ly,quyen.ly3033,quyen.ly3033@student.sims.edu,,2002-06-20,555-3704,794 Tran Phu,Hai Phong,Information Technology
Hai,Ly,hai.ly3034,hai.ly3034@student.sims.edu,,2004-01-17,555-8855,651 Hai Ba Trung,Can Tho,Mathematics
Hung,Ho,hung.ho3035,hung.ho3035@student.sims.edu,,2001-02-14,555-9633,69 Hai Ba Trung,Ha Noi,Physics
Nga,Duong,nga.duong3036,nga.duong3036@student.sims.edu,,2003-04-02,555-8110,712 Hai Ba Trung,Nha Trang,Electronics
Bao,Ly,bao.ly3037,bao.ly3037@student.sims.edu,,2004-09-23,555-1896,152 Le Loi,Da Nang,Mathematics
Dung,Hoang,dung.hoang3038,dung.hoang3038@student.sims.edu,,2002-08-20,555-3160,930 Tran Phu,Hai Phong,Mathematics
Lan,Ho,lan.ho3039,lan.ho3039@student.sims.edu,,2004-08-03,555-5047,778 Nguyen Hue,Hai Phong,Mathematics
Yen,Vo,yen.vo3040,yen.vo3040@student.sims.edu,,2004-03-02,555-4830,624 Tran Phu,Hai Phong,Electronics
Tuan,Vo,tuan.vo3041,tuan.vo3041@student.sims.edu,,2002-08-18,555-3802,569 Hai Ba Trung,Ha Noi,Mathematics
An,Huynh,an.huynh3042,an.huynh3042@student.sims.edu,,2003-07-08,555-1020,189 Hai Ba Trung,Da Nang,Information Technology
Phong,Pham,phong.pham3043,phong.pham3043@student.sims.edu,,2001-05-27,555-7707,620 Nguyen Hue,Ha Noi,Mathematics
Chi,Ngo,chi.ngo3044,chi.ngo3044@student.sims.edu,,2005-10-09,555-3180,832 Nguyen Hue,Ha Noi,Physics
Mai,Tran,mai.tran3045,mai.tran3045@student.sims.edu,,2005-08-03,555-8435,876 Le Loi,Nha Trang,Computer Science
Lan,Duong,lan.duong3046,lan.duong3046@student.sims.edu,,2003-01-18,555-9448,973 Hai Ba Trung,Hue,Computer Science
Duc,Do,duc.do3047,duc.do3047@student.sims.edu,,2002-08-22,555-8757,598 Tran Phu,Hue,Computer Science
Khanh,Hoang,khanh.hoang3048,khanh.hoang3048@student.sims.edu,,2005-05-12,555-2925,252 Tran Phu,Da Nang,Electronics
Hung,Huynh,hung.huynh3049,hung.huynh3049@student.sims.edu,,2001-07-26,555-2095,350 Nguyen Hue,Hai Phong,Business
Minh,Bui,minh.bui3050,minh.bui3050@student.sims.edu,,2003-06-10,555-5435,655 Nguyen Hue,Nha Trang,Computer Science
Hung,Vu,hung.vu3051,hung.vu3051@student.sims.edu,,2001-12-15,555-6737,236 Le Loi,Ho Chi Minh,Business
Vy,Hoang,vy.hoang3052,vy.hoang3052@student.sims.edu,,2002-03-06,555-2140,336 Tran Phu,Nha Trang,Physics
Hoa,Nguyen,hoa.nguyen3053,hoa.nguyen3053@student.sims.edu,,2003-04-21,555-5287,13 Tran Phu,Hai Phong,Mathematics
Ha,Duong,ha.duong3054,ha.duong3054@student.sims.edu,,2003-12-23,555-2670,413 Tran Phu,Nha Trang,Physics
Hoa,Nguyen,hoa.nguyen3055,hoa.nguyen3055@student.sims.edu,,2002-08-19,555-7209,673 Nguyen Hue,Can Tho,Information Technology
Nam,Le,nam.le3056,nam.le3056@student.sims.edu,,2004-12-26,555-5391,654 Hai Ba Trung,Ha Noi,Physics
Ha,Ly,ha.ly3057,ha.ly3057@student.sims.edu,,2004-12-27,555-4498,70 Le Loi,Hue,Business
Minh,Ho,minh.ho3058,minh.ho3058@student.sims.edu,,2004-03-08,555-3561,249 Nguyen Hue,Can Tho,Information Technology
Hoa,Hoang,hoa.hoang3059,hoa.hoang3059@student.sims.edu,,2004-04-02,555-1526,146 Nguyen Hue,Ho Chi Minh,Physics
Binh,Bui,binh.bui3060,binh.bui3060@student.sims.edu,,2005-05-10,555-6730,528 Hai Ba Trung,Hue,Information Technology
Chi,Huynh,chi.huynh3061,chi.huynh3061@student.sims.edu,,2005-01-16,555-5978,424 Nguyen Hue,Nha Trang,Computer Science
Nga,Ly,nga.ly3062,nga.ly3062@student.sims.edu,,2004-09-20,555-6877,281 Tran Phu,Ho Chi Minh,Computer Science
Giang,Pham,giang.pham3063,giang.pham3063@student.sims.edu,,2002-02-12,555-1866,510 Hai Ba Trung,Ha Noi,Physics
An,Ho,an.ho3064,an.ho3064@student.sims.edu,,2004-07-21,555-6328,543 Tran Phu,Can Tho,Mathematics
Son,Do,son.do3065,son.do3065@student.sims.edu,,2003-12-19,555-9342,124 Hai Ba Trung,Ho Chi Minh,Business
Thu,Hoang,thu.hoang3066,thu.hoang3066@student.sims.edu,,2001-12-09,555-3859,339 Hai Ba Trung,Nha Trang,Mathematics
Ha,Vo,ha.vo3067,ha.vo3067@student.sims.edu,,2001-04-21,555-1401,831 Tran Phu,Da Nang,Business
Duc,Vo,duc.vo3068,duc.vo3068@student.sims.edu,,2003-01-02,555-8238,624 Hai Ba Trung,Ho Chi Minh,Mathematics
Dung,Vo,dung.vo3069,dung.vo3069@student.sims.edu,,2002-06-19,555-4655,134 Nguyen Hue,Da Nang,Business
Tuan,Bui,tuan.bui3070,tuan.bui3070@student.sims.edu,,2003-01-02,555-7973,876 Tran Phu,Da Nang,Information Technology
Binh,Hoang,binh.hoang3071,binh.hoang3071@student.sims.edu,,2002-11-13,555-8552,588 Tran Phu,Da Nang,Electronics
Phong,Tran,phong.tran3072,phong.tran3072@student.sims.edu,,2001-12-16,555-3133,697 Tran Phu,Hue,Business
Giang,Vu,giang.vu3073,giang.vu3073@student.sims.edu,,2005-04-11,555-3328,142 Hai Ba Trung,Ho Chi Minh,Business
Linh,Pham,linh.pham3074,linh.pham3074@student.sims.edu,,2001-06-10,555-6817,805 Tran Phu,Hai Phong,Business
Tuan,Ho,tuan.ho3075,tuan.ho3075@student.sims.edu,,2002-12-26,555-7167,391 Hai Ba Trung,Can Tho,Computer Science
Quyen,Hoang,quyen.hoang3076,quyen.hoang3076@student.sims.edu,,2001-05-09,555-9116,42 Tran Phu,Ho Chi Minh,Physics
Thu,Dang,thu.dang3077,thu.dang3077@student.sims.edu,,2004-07-03,555-8371,511 Le Loi,Can Tho,Business
Nam,Ly,nam.ly3078,nam.ly3078@student.sims.edu,,2004-11-11,555-1798,874 Hai Ba Trung,Ho Chi Minh,Business
Hoa,Vo,hoa.vo3079,hoa.vo3079@student.sims.edu,,2004-12-06,555-5748,313 Tran Phu,Da Nang,Business
Nga,Pham,nga.pham3080,nga.pham3080@student.sims.edu,,2002-08-22,555-5140,96 Tran Phu,Hue,Mathematics
Nam,Do,nam.do3081,nam.do3081@student.sims.edu,,2004-12-01,555-6042,933 Hai Ba Trung,Ho Chi Minh,Electronics
An,Nguyen,an.nguyen3082,an.nguyen3082@student.sims.edu,,2002-08-01,555-7598,937 Le Loi,Hue,Computer Science
Dung,Bui,dung.bui3083,dung.bui3083@student.sims.edu,,2001-03-28,555-9084,876 Tran Phu,Da Nang,Mathematics
Duc,Vu,duc.vu3084,duc.vu3084@student.sims.edu,,2001-02-08,555-3309,219 Le Loi,Ha Noi,Physics
Hoa,Duong,hoa.duong3085,hoa.duong3085@student.sims.edu,,2002-10-01,555-3767,123 Nguyen Hue,Hue,Business
Mai,Bui,mai.bui3086,mai.bui3086@student.sims.edu,,2004-03-11,555-8460,270 Nguyen Hue,Can Tho,Business
Hung,Pham,hung.pham3087,hung.pham3087@student.sims.edu,,2001-01-13,555-1693,112 Nguyen Hue,Nha Trang,Mathematics
Minh,Ly,minh.ly3088,minh.ly3088@student.sims.edu,,2004-05-04,555-5465,588 Le Loi,Nha Trang,Electronics
Nga,Do,nga.do3089,nga.do3089@student.sims.edu,,2001-07-15,555-7681,148 Le Loi,Hue,Mathematics
Thu,Hoang,thu.hoang3090,thu.hoang3090@student.sims.edu,,2005-05-08,555-2289,462 Nguyen Hue,Hue,Information Technology
Quyen,Pham,quyen.pham3091,quyen.pham3091@student.sims.edu,,2004-05-06,555-7968,947 Nguyen Hue,Ho Chi Minh,Computer Science
Ngoc,Ho,ngoc.ho3092,ngoc.ho3092@student.sims.edu,,2004-11-23,555-6416,393 Le Loi,Da Nang,Computer Science
Binh,Dang,binh.dang3093,binh.dang3093@student.sims.edu,,2004-03-24,555-7404,256 Hai Ba Trung,Hai Phong,Computer Science
Ha,Hoang,ha.hoang3094,ha.hoang3094@student.sims.edu,,2002-06-21,555-1443,467 Nguyen Hue,Hue,Computer Science
Chi,Ngo,chi.ngo3095,chi.ngo3095@student.sims.edu,,2004-07-07,555-7021,558 Tran Phu,Da Nang,Physics
Linh,Vo,linh.vo3096,linh.vo3096@student.sims.edu,,2001-04-14,555-2936,773 Tran Phu,Ho Chi Minh,Electronics
Chi,Ngo,chi.ngo3097,chi.ngo3097@student.sims.edu,,2004-09-19,555-2175,203 Tran Phu,Ho Chi Minh,Business
Tam,Ngo,tam.ngo3098,tam.ngo3098@student.sims.edu,,2002-12-04,555-6417,939 Tran Phu,Hai Phong,Business
Mai,Hoang,mai.hoang3099,mai.hoang3099@student.sims.edu,,2002-10-24,555-1134,697 Hai Ba Trung,Can Tho,Mathematics
Chi,Ho,chi.ho3100,chi.ho3100@student.sims.edu,,2001-05-21,555-7975,174 Tran Phu,Can Tho,Mathematics
Linh,Hoang,linh.hoang3101,linh.hoang3101@student.sims.edu,,2002-01-09,555-5602,388 Nguyen Hue,Ha Noi,Mathematics
Chi,Pham,chi.pham3102,chi.pham3102@student.sims.edu,,2003-02-03,555-7928,31 Nguyen Hue,Nha Trang,Electronics
Trang,Ly,trang.ly3103,trang.ly3103@student.sims.edu,,2005-11-12,555-2735,894 Hai Ba Trung,Nha Trang,Information Technology
Nga,Do,nga.do3104,nga.do3104@student.sims.edu,,2002-04-28,555-3542,369 Hai Ba Trung,Nha Trang,Mathematics
Thao,Huynh,thao.huynh3105,thao.huynh3105@student.sims.edu,,2004-02-08,555-2456,908 Nguyen Hue,Nha Trang,Information Technology
Nga,Vu,nga.vu3106,nga.vu3106@student.sims.edu,,2002-11-12,555-2321,75 Hai Ba Trung,Can Tho,Computer Science
An,Vo,an.vo3107,an.vo3107@student.sims.edu,,2002-01-20,555-2889,163 Hai Ba Trung,Can Tho,Physics
Chi,Nguyen,chi.nguyen3108,chi.nguyen3108@student.sims.edu,,2004-05-15,555-8273,289 Tran Phu,Da Nang,Electronics
Quang,Nguyen,quang.nguyen3109,quang.nguyen3109@student.sims.edu,,2004-10-12,555-8844,96 Hai Ba Trung,Hue,Information Technology
Binh,Bui,binh.bui3110,binh.bui3110@student.sims.edu,,2003-01-14,555-5617,460 Le Loi,Hai Phong,Business
Hai,Le,hai.le3111,hai.le3111@student.sims.edu,,2001-11-19,555-9232,834 Tran Phu,Da Nang,Computer Science
An,Hoang,an.hoang3112,an.hoang3112@student.sims.edu,,2001-03-26,555-6305,893 Le Loi,Da Nang,Electronics
Thu,Nguyen,thu.nguyen3113,thu.nguyen3113@student.sims.edu,,2002-08-07,555-6835,625 Nguyen Hue,Can Tho,Physics
Trang,Dang,trang.dang3114,trang.dang3114@student.sims.edu,,2004-08-20,555-9426,597 Hai Ba Trung,Da Nang,Mathematics
Trang,Vo,trang.vo3115,trang.vo3115@student.sims.edu,,2004-07-27,555-9719,741 Le Loi,Ho Chi Minh,Mathematics
Nam,Vu,nam.vu3116,nam.vu3116@student.sims.edu,,2002-11-27,555-1960,157 Tran Phu,Nha Trang,Business
Yen,Vo,yen.vo3117,yen.vo3117@student.sims.edu,,2005-08-17,555-8766,880 Hai Ba Trung,Ha Noi,Computer Science
Minh,Bui,minh.bui3118,minh.bui3118@student.sims.edu,,2002-04-12,555-7618,121 Le Loi,Nha Trang,Physics
Giang,Tran,giang.tran3119,giang.tran3119@student.sims.edu,,2004-05-28,555-2070,699 Le Loi,Hai Phong,Mathematics
Duc,Ho,duc.ho3120,duc.ho3120@student.sims.edu,,2001-11-09,555-8751,730 Nguyen Hue,Hai Phong,Business
Tuan,Pham,tuan.pham3121,tuan.pham3121@student.sims.edu,,2005-11-26,555-2146,116 Hai Ba Trung,Ha Noi,Physics
Hung,Le,hung.le3122,hung.le3122@student.sims.edu,,2001-01-24,555-5651,651 Hai Ba Trung,Nha Trang,Information Technology
Lan,Ho,lan.ho3123,lan.ho3123@student.sims.edu,,2003-08-25,555-2329,397 Hai Ba Trung,Hue,Electronics
Mai,Duong,mai.duong3124,mai.duong3124@student.sims.edu,,2001-07-11,555-7813,407 Le Loi,Da Nang,Information Technology
Binh,Le,binh.le3125,binh.le3125@student.sims.edu,,2002-02-02,555-4425,787 Nguyen Hue,Hai Phong,Computer Science
Chi,Do,chi.do3126,chi.do3126@student.sims.edu,,2003-10-12,555-9088,537 Tran Phu,Nha Trang,Physics
Quang,Dang,quang.dang3127,quang.dang3127@student.sims.edu,,2004-08-20,555-7451,268 Nguyen Hue,Nha Trang,Electronics
Ngoc,Vo,ngoc.vo3128,ngoc.vo3128@student.sims.edu,,2005-06-06,555-8104,717 Tran Phu,Can Tho,Information Technology
Yen,Le,yen.le3129,yen.le3129@student.sims.edu,,2001-11-17,555-5983,548 Hai Ba Trung,Ha Noi,Information Technology
Quang,Vo,quang.vo3130,quang.vo3130@student.sims.edu,,2004-09-16,555-7224,362 Nguyen Hue,Can Tho,Information Technology
Khanh,Hoang,khanh.hoang3131,khanh.hoang3131@student.sims.edu,,2001-02-13,555-2217,593 Nguyen Hue,Hai Phong,Computer Science
Thao,Vu,thao.vu3132,thao.vu3132@student.sims.edu,,2005-12-02,555-3027,706 Hai Ba Trung,Hai Phong,Computer Science
Vy,Huynh,vy.huynh3133,vy.huynh3133@student.sims.edu,,2005-12-15,555-6136,755 Nguyen Hue,Ho Chi Minh,Business
Nam,Ly,nam.ly3134,nam.ly3134@student.sims.edu,,2001-09-14,555-9848,857 Tran Phu,Nha Trang,Computer Science
Lan,Nguyen,lan.nguyen3135,lan.nguyen3135@student.sims.edu,,2003-01-04,555-4029,743 Tran Phu,Can Tho,Electronics
Dung,Dang,dung.dang3136,dung.dang3136@student.sims.edu,,2001-12-02,555-4654,449 Nguyen Hue,Hue,Electronics
Nam,Do,nam.do3137,nam.do3137@student.sims.edu,,2003-10-20,555-6912,211 Tran Phu,Ha Noi,Physics
Quang,Dang,quang.dang3138,quang.dang3138@student.sims.edu,,2004-09-17,555-1979,930 Tran Phu,Ha Noi,Business
Quang,Bui,quang.bui3139,quang.bui3139@student.sims.edu,,2004-08-09,555-8108,549 Tran Phu,Ho Chi Minh,Business
Chi,Do,chi.do3140,chi.do3140@student.sims.edu,,2004-06-18,555-2408,295 Tran Phu,Ho Chi Minh,Electronics
Linh,Vu,linh.vu3141,linh.vu3141@student.sims.edu,,2004-11-13,555-6599,127 Le Loi,Ha Noi,Mathematics
Quang,Ho,quang.ho3142,quang.ho3142@student.sims.edu,,2001-01-13,555-6684,969 Tran Phu,Can Tho,Computer Science
An,Pham,an.pham3143,an.pham3143@student.sims.edu,,2004-04-12,555-6150,583 Hai Ba Trung,Hue,Computer Science
Ngoc,Bui,ngoc.bui3144,ngoc.bui3144@student.sims.edu,,2005-04-04,555-3348,275 Hai Ba Trung,Nha Trang,Physics
Hung,Le,hung.le3145,hung.le3145@student.sims.edu,,2003-05-19,555-7349,3 Tran Phu,Ho Chi Minh,Information Technology
Hai,Le,hai.le3146,hai.le3146@student.sims.edu,,2001-06-23,555-3091,316 Nguyen Hue,Da Nang,Electronics
Phong,Ly,phong.ly3147,phong.ly3147@student.sims.edu,,2005-05-16,555-4183,978 Nguyen Hue,Hai Phong,Business
Lan,Duong,lan.duong3148,lan.duong3148@student.sims.edu,,2003-09-01,555-6443,888 Hai Ba Trung,Can Tho,Electronics
Hung,Pham,hung.pham3149,hung.pham3149@student.sims.edu,,2002-07-25,555-1808,402 Nguyen Hue,Hue,Mathematics
Hoa,Do,hoa.do3150,hoa.do3150@student.sims.edu,,2005-07-18,555-5960,68 Hai Ba Trung,Ha Noi,Physics
Nga,Ngo,nga.ngo3151,nga.ngo3151@student.sims.edu,,2001-12-20,555-9331,764 Hai Ba Trung,Ho Chi Minh,Mathematics
Son,Le,son.le3152,son.le3152@student.sims.edu,,2003-12-05,555-8082,852 Nguyen Hue,Hai Phong,Computer Science
Son,Nguyen,son.nguyen3153,son.nguyen3153@student.sims.edu,,2002-10-11,555-9509,276 Tran Phu,Ha Noi,Physics
Hai,Huynh,hai.huynh3154,hai.huynh3154@student.sims.edu,,2005-02-21,555-3792,966 Le Loi,Nha Trang,Computer Science
Vy,Vo,vy.vo3155,vy.vo3155@student.sims.edu,,2001-06-09,555-5052,39 Nguyen Hue,Can Tho,Business
Quyen,Ngo,quyen.ngo3156,quyen.ngo3156@student.sims.edu,,2003-03-20,555-9362,301 Nguyen Hue,Ho Chi Minh,Electronics
Bao,Le,bao.le3157,bao.le3157@student.sims.edu,,2001-03-16,555-8904,500 Nguyen Hue,Da Nang,Physics
Tuan,Vo,tuan.vo3158,tuan.vo3158@student.sims.edu,,2002-06-27,555-6810,563 Hai Ba Trung,Ha Noi,Electronics
Ha,Pham,ha.pham3159,ha.pham3159@student.sims.edu,,2002-02-01,555-7986,117 Nguyen Hue,Ha Noi,Electronics
Tuan,Ly,tuan.ly3160,tuan.ly3160@student.sims.edu,,2004-11-17,555-4107,110 Nguyen Hue,Hai Phong,Physics
Tam,Nguyen,tam.nguyen3161,tam.nguyen3161@student.sims.edu,,2001-11-20,555-6622,315 Hai Ba Trung,Nha Trang,Mathematics
Minh,Vu,minh.vu3162,minh.vu3162@student.sims.edu,,2002-10-16,555-1274,744 Le Loi,Can Tho,Information Technology
Duc,Tran,duc.tran3163,duc.tran3163@student.sims.edu,,2004-07-01,555-6821,705 Le Loi,Ho Chi Minh,Mathematics
Quyen,Ho,quyen.ho3164,quyen.ho3164@student.sims.edu,,2003-12-10,555-8510,882 Nguyen Hue,Ho Chi Minh,Mathematics
Quang,Do,quang.do3165,quang.do3165@student.sims.edu,,2001-01-01,555-1973,878 Nguyen Hue,Ho Chi Minh,Mathematics
Tuan,Dang,tuan.dang3166,tuan.dang3166@student.sims.edu,,2004-08-13,555-3778,25 Tran Phu,Hue,Electronics
Ngoc,Ho,ngoc.ho3167,ngoc.ho3167@student.sims.edu,,2001-04-13,555-8160,379 Le Loi,Hue,Information Technology
Yen,Ngo,yen.ngo3168,yen.ngo3168@student.sims.edu,,2001-05-05,555-3363,132 Tran Phu,Hue,Physics
Giang,Pham,giang.pham3169,giang.pham3169@student.sims.edu,,2004-03-28,555-3297,715 Nguyen Hue,Nha Trang,Electronics
Vy,Vu,vy.vu3170,vy.vu3170@student.sims.edu,,2002-10-23,555-8140,44 Le Loi,Ho Chi Minh,Business
Son,Vu,son.vu3171,son.vu3171@student.sims.edu,,2005-07-07,555-6770,543 Tran Phu,Ho Chi Minh,Information Technology
Son,Do,son.do3172,son.do3172@student.sims.edu,,2002-03-11,555-5095,490 Nguyen Hue,Can Tho,Information Technology
Minh,Bui,minh.bui3173,minh.bui3173@student.sims.edu,,2002-07-12,555-4016,384 Le Loi,Hai Phong,Computer Science
Linh,Le,linh.le3174,linh.le3174@student.sims.edu,,2001-04-12,555-3009,25 Nguyen Hue,Hai Phong,Computer Science
Tuan,Ngo,tuan.ngo3175,tuan.ngo3175@student.sims.edu,,2002-11-23,555-2936,471 Nguyen Hue,Ho Chi Minh,Computer Science
Hung,Pham,hung.pham3176,hung.pham3176@student.sims.edu,,2002-09-06,555-8437,689 Nguyen Hue,Ho Chi Minh,Mathematics
Quyen,Pham,quyen.pham3177,quyen.pham3177@student.sims.edu,,2001-02-08,555-4093,980 Hai Ba Trung,Hai Phong,Computer Science
Tam,Vo,tam.vo3178,tam.vo3178@student.sims.edu,,2001-09-13,555-8477,394 Nguyen Hue,Da Nang,Computer Science
Son,Vu,son.vu3179,son.vu3179@student.sims.edu,,2003-03-13,555-6074,528 Hai Ba Trung,Can Tho,Business
Thu,Duong,thu.duong3180,thu.duong3180@student.sims.edu,,2002-10-23,555-8266,13 Tran Phu,Ho Chi Minh,Information Technology
Son,Nguyen,son.nguyen3181,son.nguyen3181@student.sims.edu,,2003-09-11,555-5702,227 Hai Ba Trung,Hai Phong,Business
Thu,Pham,thu.pham3182,thu.pham3182@student.sims.edu,,2002-08-13,555-8625,569 Nguyen Hue,Hue,Business
Phong,Pham,phong.pham3183,phong.pham3183@student.sims.edu,,2002-08-22,555-6217,728 Le Loi,Ho Chi Minh,Business
Tuan,Hoang,tuan.hoang3184,tuan.hoang3184@student.sims.edu,,2001-03-15,555-5162,281 Nguyen Hue,Ha Noi,Computer Science
Ha,Duong,ha.duong3185,ha.duong3185@student.sims.edu,,2001-11-07,555-2204,963 Le Loi,Nha Trang,Mathematics
Duc,Bui,duc.bui3186,duc.bui3186@student.sims.edu,,2005-04-28,555-5613,753 Hai Ba Trung,Da Nang,Business
Quyen,Ngo,quyen.ngo3187,quyen.ngo3187@student.sims.edu,,2004-09-13,555-4024,337 Tran Phu,Ho Chi Minh,Information Technology
Binh,Vu,binh.vu3188,binh.vu3188@student.sims.edu,,2005-07-01,555-2813,526 Nguyen Hue,Hai Phong,Mathematics
Tuan,Dang,tuan.dang3189,tuan.dang3189@student.sims.edu,,2004-04-17,555-1410,121 Le Loi,Can Tho,Computer Science
Hai,Dang,hai.dang3190,hai.dang3190@student.sims.edu,,2005-04-13,555-2300,539 Le Loi,Nha Trang,Electronics
Phong,Bui,phong.bui3191,phong.bui3191@student.sims.edu,,2005-07-08,555-9683,733 Hai Ba Trung,Da Nang,Computer Science
Phong,Vu,phong.vu3192,phong.vu3192@student.sims.edu,,2003-06-28,555-6448,275 Nguyen Hue,Hai Phong,Information Technology
Lan,Ly,lan.ly3193,lan.ly3193@student.sims.edu,,2003-04-28,555-5204,131 Nguyen Hue,Hue,Mathematics
Ngoc,Ly,ngoc.ly3194,ngoc.ly3194@student.sims.edu,,2002-05-09,555-5739,81 Tran Phu,Ho Chi Minh,Physics
Ha,Duong,ha.duong3195,ha.duong3195@student.sims.edu,,2004-10-15,555-1366,942 Tran Phu,Hue,Electronics
Bao,Ngo,bao.ngo3196,bao.ngo3196@student.sims.edu,,2004-12-10,555-8135,624 Nguyen Hue,Hai Phong,Information Technology
Khanh,Dang,khanh.dang3197,khanh.dang3197@student.sims.edu,,2004-04-25,555-6276,554 Le Loi,Can Tho,Information Technology
Nam,Tran,nam.tran3198,nam.tran3198@student.sims.edu,,2002-03-22,555-4684,468 Hai Ba Trung,Ha Noi,Computer Science
Quyen,Pham,quyen.pham3199,quyen.pham3199@student.sims.edu,,2002-10-03,555-3030,23 Nguyen Hue,Da Nang,Electronics
Quang,Vu,quang.vu3200,quang.vu3200@student.sims.edu,,2004-03-27,555-4710,874 Nguyen Hue,Ha Noi,Physics
Khanh,Ho,khanh.ho3201,khanh.ho3201@student.sims.edu,,2001-12-24,555-3867,349 Le Loi,Ho Chi Minh,Information Technology
Chi,Hoang,chi.hoang3202,chi.hoang3202@student.sims.edu,,2004-01-07,555-9246,789 Nguyen Hue,Can Tho,Information Technology
Nam,Do,nam.do3203,nam.do3203@student.sims.edu,,2001-05-06,555-6472,74 Tran Phu,Ho Chi Minh,Computer Science
Minh,Nguyen,minh.nguyen3204,minh.nguyen3204@student.sims.edu,,2005-09-01,555-3350,368 Nguyen Hue,Hue,Business
Vy,Vu,vy.vu3205,vy.vu3205@student.sims.edu,,2001-04-26,555-3179,41 Tran Phu,Hue,Business
Mai,Tran,mai.tran3206,mai.tran3206@student.sims.edu,,2001-11-03,555-6896,843 Tran Phu,Ho Chi Minh,Computer Science
Thu,Duong,thu.duong3207,thu.duong3207@student.sims.edu,,2002-01-23,555-8491,303 Tran Phu,Hue,Business
Hoa,Hoang,hoa.hoang3208,hoa.hoang3208@student.sims.edu,,2002-09-10,555-6270,310 Tran Phu,Ho Chi Minh,Electronics
Thao,Hoang,thao.hoang3209,thao.hoang3209@student.sims.edu,,2004-02-27,555-4211,39 Tran Phu,Can Tho,Computer Science
Trang,Duong,trang.duong3210,trang.duong3210@student.sims.edu,,2002-11-10,555-9184,839 Le Loi,Da Nang,Computer Science
An,Huynh,an.huynh3211,an.huynh3211@student.sims.edu,,2001-02-25,555-6333,858 Nguyen Hue,Ha Noi,Information Technology
Giang,Vo,giang.vo3212,giang.vo3212@student.sims.edu,,2005-05-13,555-7006,47 Hai Ba Trung,Hai Phong,Computer Science
Thu,Pham,thu.pham3213,thu.pham3213@student.sims.edu,,2002-08-08,555-2239,894 Hai Ba Trung,Can Tho,Physics
Linh,Ngo,linh.ngo3214,linh.ngo3214@student.sims.edu,,2005-10-22,555-3329,11 Tran Phu,Nha Trang,Business
Nga,Pham,nga.pham3215,nga.pham3215@student.sims.edu,,2004-03-23,555-4890,334 Le Loi,Hai Phong,Electronics
An,Huynh,an.huynh3216,an.huynh3216@student.sims.edu,,2004-11-04,555-7647,63 Le Loi,Ho Chi Minh,Business
Thu,Nguyen,thu.nguyen3217,thu.nguyen3217@student.sims.edu,,2002-10-06,555-3263,845 Hai Ba Trung,Da Nang,Computer Science
Dung,Hoang,dung.hoang3218,dung.hoang3218@student.sims.edu,,2004-11-26,555-6587,155 Nguyen Hue,Ho Chi Minh,Physics
Vy,Tran,vy.tran3219,vy.tran3219@student.sims.edu,,2001-11-11,555-9402,959 Le Loi,Ha Noi,Computer Science
Linh,Ngo,linh.ngo3220,linh.ngo3220@student.sims.edu,,2001-09-19,555-6204,636 Hai Ba Trung,Can Tho,Electronics
Quang,Ngo,quang.ngo3221,quang.ngo3221@student.sims.edu,,2002-03-17,555-2698,283 Tran Phu,Da Nang,Computer Science
An,Le,an.le3222,an.le3222@student.sims.edu,,2002-03-18,555-6090,987 Hai Ba Trung,Hai Phong,Computer Science
Thao,Nguyen,thao.nguyen3223,thao.nguyen3223@student.sims.edu,,2004-03-27,555-1922,739 Tran Phu,Ho Chi Minh,Computer Science
Duc,Bui,duc.bui3224,duc.bui3224@student.sims.edu,,2003-09-27,555-3871,563 Nguyen Hue,Ho Chi Minh,Electronics
Giang,Dang,giang.dang3225,giang.dang3225@student.sims.edu,,2004-04-20,555-5679,779 Le Loi,Da Nang,Physics
Khanh,Le,khanh.le3226,khanh.le3226@student.sims.edu,,2003-08-28,555-5944,521 Le Loi,Hai Phong,Mathematics
Ngoc,Le,ngoc.le3227,ngoc.le3227@student.sims.edu,,2001-01-13,555-4600,320 Nguyen Hue,Can Tho,Electronics
Thu,Ho,thu.ho3228,thu.ho3228@student.sims.edu,,2004-07-22,555-4100,328 Le Loi,Ha Noi,Information Technology
Linh,Le,linh.le3229,linh.le3229@student.sims.edu,,2005-10-02,555-9728,872 Hai Ba Trung,Can Tho,Business
Nam,Ho,nam.ho3230,nam.ho3230@student.sims.edu,,2003-08-23,555-9620,309 Hai Ba Trung,Nha Trang,Mathematics
Hoa,Tran,hoa.tran3231,hoa.tran3231@student.sims.edu,,2005-07-21,555-1621,848 Tran Phu,Hai Phong,Electronics
Lan,Do,lan.do3232,lan.do3232@student.sims.edu,,2005-01-25,555-5116,307 Nguyen Hue,Hue,Computer Science
Quang,Tran,quang.tran3233,quang.tran3233@student.sims.edu,,2001-10-13,555-6468,322 Hai Ba Trung,Can Tho,Physics
Minh,Le,minh.le3234,minh.le3234@student.sims.edu,,2004-01-16,555-9325,902 Nguyen Hue,Hai Phong,Mathematics
Lan,Bui,lan.bui3235,lan.bui3235@student.sims.edu,,2005-02-27,555-7314,235 Tran Phu,Can Tho,Mathematics
Tam,Huynh,tam.huynh3236,tam.huynh3236@student.sims.edu,,2001-06-18,555-5306,709 Nguyen Hue,Hai Phong,Physics
Minh,Duong,minh.duong3237,minh.duong3237@student.sims.edu,,2004-02-11,555-9989,875 Nguyen Hue,Da Nang,Mathematics
Tuan,Ho,tuan.ho3238,tuan.ho3238@student.sims.edu,,2005-01-07,555-5147,657 Hai Ba Trung,Da Nang,Electronics
Ha,Dang,ha.dang3239,ha.dang3239@student.sims.edu,,2001-08-01,555-2731,468 Le Loi,Nha Trang,Information Technology
Dung,Pham,dung.pham3240,dung.pham3240@student.sims.edu,,2004-12-14,555-8365,790 Tran Phu,Da Nang,Physics
Mai,Huynh,mai.huynh3241,mai.huynh3241@student.sims.edu,,2004-10-02,555-3859,901 Nguyen Hue,Ho Chi Minh,Business
Vy,Ly,vy.ly3242,vy.ly3242@student.sims.edu,,2001-03-08,555-4764,508 Hai Ba Trung,Can Tho,Computer Science
Hai,Vu,hai.vu3243,hai.vu3243@student.sims.edu,,2003-08-17,555-5210,873 Hai Ba Trung,Ha Noi,Computer Science
Hai,Pham,hai.pham3244,hai.pham3244@student.sims.edu,,2005-04-15,555-3002,873 Le Loi,Hue,Mathematics
Quang,Ngo,quang.ngo3245,quang.ngo3245@student.sims.edu,,2003-10-11,555-7056,374 Nguyen Hue,Hai Phong,Business
Hai,Duong,hai.duong3246,hai.duong3246@student.sims.edu,,2003-05-15,555-7211,911 Tran Phu,Hue,Mathematics
Ha,Hoang,ha.hoang3247,ha.hoang3247@student.sims.edu,,2001-10-02,555-8287,396 Tran Phu,Nha Trang,Business
An,Vo,an.vo3248,an.vo3248@student.sims.edu,,2004-03-15,555-9826,645 Nguyen Hue,Da Nang,Mathematics
Duc,Tran,duc.tran3249,duc.tran3249@student.sims.edu,,2003-06-16,555-3847,831 Tran Phu,Da Nang,Information Technology
Bao,Ly,bao.ly3250,bao.ly3250@student.sims.edu,,2003-05-24,555-4154,708 Tran Phu,Nha Trang,Mathematics
Mai,Vu,mai.vu3251,mai.vu3251@student.sims.edu,,2002-03-25,555-7761,699 Tran Phu,Nha Trang,Computer Science
Hoa,Ho,hoa.ho3252,hoa.ho3252@student.sims.edu,,2002-12-25,555-5121,485 Le Loi,Ha Noi,Mathematics
Thao,Ho,thao.ho3253,thao.ho3253@student.sims.edu,,2002-12-04,555-1314,468 Le Loi,Hai Phong,Business
Tam,Duong,tam.duong3254,tam.duong3254@student.sims.edu,,2003-12-09,555-2131,288 Hai Ba Trung,Ho Chi Minh,Business
Binh,Hoang,binh.hoang3255,binh.hoang3255@student.sims.edu,,2003-01-03,555-5473,697 Le Loi,Ha Noi,Electronics
Tam,Vo,tam.vo3256,tam.vo3256@student.sims.edu,,2002-08-23,555-1959,398 Hai Ba Trung,Ho Chi Minh,Information Technology
Yen,Duong,yen.duong3257,yen.duong3257@student.sims.edu,,2001-11-12,555-9835,307 Tran Phu,Can Tho,Computer Science
Linh,Vu,linh.vu3258,linh.vu3258@student.sims.edu,,2005-09-23,555-7387,38 Nguyen Hue,Da Nang,Electronics
Quang,Bui,quang.bui3259,quang.bui3259@student.sims.edu,,2002-10-17,555-8531,789 Tran Phu,Ho Chi Minh,Computer Science
Yen,Tran,yen.tran3260,yen.tran3260@student.sims.edu,,2002-07-03,555-4660,96 Tran Phu,Hue,Computer Science
Nga,Hoang,nga.hoang3261,nga.hoang3261@student.sims.edu,,2004-10-06,555-1870,643 Le Loi,Can Tho,Information Technology
Phong,Ly,phong.ly3262,phong.ly3262@student.sims.edu,,2005-02-04,555-3497,604 Le Loi,Can Tho,Business
Thu,Do,thu.do3263,thu.do3263@student.sims.edu,,2004-02-07,555-8615,30 Le Loi,Nha Trang,Mathematics
Nga,Dang,nga.dang3264,nga.dang3264@student.sims.edu,,2001-01-24,555-9509,291 Hai Ba Trung,Hai Phong,Physics
Linh,Duong,linh.duong3265,linh.duong3265@student.sims.edu,,2004-09-18,555-1291,236 Hai Ba Trung,Nha Trang,Business
Quang,Bui,quang.bui3266,quang.bui3266@student.sims.edu,,2003-08-21,555-5723,13 Le Loi,Da Nang,Electronics
Lan,Huynh,lan.huynh3267,lan.huynh3267@student.sims.edu,,2005-04-07,555-6231,915 Tran Phu,Hue,Information Technology
Trang,Ngo,trang.ngo3268,trang.ngo3268@student.sims.edu,,2001-08-09,555-9918,898 Le Loi,Ha Noi,Business
Nam,Huynh,nam.huynh3269,nam.huynh3269@student.sims.edu,,2002-07-08,555-1105,602 Nguyen Hue,Ho Chi Minh,Information Technology
Thu,Ho,thu.ho3270,thu.ho3270@student.sims.edu,,2002-02-09,555-6599,885 Nguyen Hue,Ha Noi,Business
Chi,Ly,chi.ly3271,chi.ly3271@student.sims.edu,,2001-03-13,555-2857,2 Le Loi,Nha Trang,Information Technology
Hai,Pham,hai.pham3272,hai.pham3272@student.sims.edu,,2003-08-02,555-5569,747 Nguyen Hue,Hai Phong,Information Technology
Thu,Nguyen,thu.nguyen3273,thu.nguyen3273@student.sims.edu,,2002-11-17,555-7057,84 Nguyen Hue,Nha Trang,Business
Tuan,Do,tuan.do3274,tuan.do3274@student.sims.edu,,2003-11-14,555-4185,300 Hai Ba Trung,Ho Chi Minh,Physics
Vy,Hoang,vy.hoang3275,vy.hoang3275@student.sims.edu,,2002-05-22,555-3977,624 Nguyen Hue,Hue,Physics
Quang,Duong,quang.duong3276,quang.duong3276@student.sims.edu,,2002-04-04,555-8504,747 Tran Phu,Can Tho,Physics
Yen,Vu,yen.vu3277,yen.vu3277@student.sims.edu,,2005-03-01,555-2051,832 Nguyen Hue,Da Nang,Physics
Lan,Vu,lan.vu3278,lan.vu3278@student.sims.edu,,2002-08-03,555-1773,576 Tran Phu,Hai Phong,Electronics
Hung,Vo,hung.vo3279,hung.vo3279@student.sims.edu,,2003-10-06,555-6459,568 Hai Ba Trung,Can Tho,Computer Science
Giang,Hoang,giang.hoang3280,giang.hoang3280@student.sims.edu,,2003-10-09,555-5738,827 Nguyen Hue,Nha Trang,Physics
Yen,Duong,yen.duong3281,yen.duong3281@student.sims.edu,,2004-03-25,555-8607,14 Hai Ba Trung,Ho Chi Minh,Information Technology
Ha,Bui,ha.bui3282,ha.bui3282@student.sims.edu,,2004-02-02,555-1969,125 Nguyen Hue,Hai Phong,Information Technology
Duc,Ly,duc.ly3283,duc.ly3283@student.sims.edu,,2005-04-16,555-9618,804 Tran Phu,Ho Chi Minh,Information Technology
Mai,Do,mai.do3284,mai.do3284@student.sims.edu,,2005-09-02,555-8494,502 Hai Ba Trung,Da Nang,Mathematics
Nam,Vu,nam.vu3285,nam.vu3285@student.sims.edu,,2001-02-20,555-1683,747 Hai Ba Trung,Ha Noi,Electronics
Minh,Ngo,minh.ngo3286,minh.ngo3286@student.sims.edu,,2001-09-26,555-2296,50 Le Loi,Da Nang,Electronics
An,Vu,an.vu3287,an.vu3287@student.sims.edu,,2003-02-25,555-3346,937 Hai Ba Trung,Ho Chi Minh,Physics
Khanh,Huynh,khanh.huynh3288,khanh.huynh3288@student.sims.edu,,2001-09-18,555-2863,381 Tran Phu,Da Nang,Business
Chi,Pham,chi.pham3289,chi.pham3289@student.sims.edu,,2004-02-23,555-6475,680 Nguyen Hue,Hai Phong,Information Technology
Phong,Le,phong.le3290,phong.le3290@student.sims.edu,,2003-07-03,555-1061,285 Tran Phu,Can Tho,Business
Duc,Tran,duc.tran3291,duc.tran3291@student.sims.edu,,2003-11-10,555-4239,79 Nguyen Hue,Nha Trang,Electronics
Khanh,Duong,khanh.duong3292,khanh.duong3292@student.sims.edu,,2002-09-19,555-8436,224 Tran Phu,Nha Trang,Information Technology
Chi,Ho,chi.ho3293,chi.ho3293@student.sims.edu,,2002-02-01,555-2915,434 Le Loi,Nha Trang,Business
Tam,Hoang,tam.hoang3294,tam.hoang3294@student.sims.edu,,2001-03-06,555-1313,339 Nguyen Hue,Hue,Physics
Bao,Vo,bao.vo3295,bao.vo3295@student.sims.edu,,2005-07-14,555-2169,813 Tran Phu,Hue,Electronics
An,Ho,an.ho3296,an.ho3296@student.sims.edu,,2003-05-11,555-6355,643 Hai Ba Trung,Hai Phong,Mathematics
Quyen,Le,quyen.le3297,quyen.le3297@student.sims.edu,,2003-05-13,555-8958,182 Nguyen Hue,Can Tho,Mathematics
Yen,Vu,yen.vu3298,yen.vu3298@student.sims.edu,,2003-01-04,555-3833,675 Tran Phu,Ho Chi Minh,Information Technology
Nam,Bui,nam.bui3299,nam.bui3299@student.sims.edu,,2003-05-24,555-8486,457 Hai Ba Trung,Hue,Information Technology
Khanh,Pham,khanh.pham3300,khanh.pham3300@student.sims.edu,,2002-06-23,555-9873,946 Nguyen Hue,Nha Trang,Mathematics
Mai,Hoang,mai.hoang3301,mai.hoang3301@student.sims.edu,,2002-09-05,555-4583,672 Hai Ba Trung,Ho Chi Minh,Information Technology
Ha,Tran,ha.tran3302,ha.tran3302@student.sims.edu,,2004-01-15,555-6806,240 Nguyen Hue,Nha Trang,Physics
Chi,Vu,chi.vu3303,chi.vu3303@student.sims.edu,,2004-01-08,555-5348,342 Hai Ba Trung,Hue,Business
Quyen,Ho,quyen.ho3304,quyen.ho3304@student.sims.edu,,2002-09-15,555-5484,659 Le Loi,Can Tho,Mathematics
Thu,Dang,thu.dang3305,thu.dang3305@student.sims.edu,,2002-05-28,555-9654,418 Hai Ba Trung,Hue,Physics
Son,Vu,son.vu3306,son.vu3306@student.sims.edu,,2004-08-14,555-2548,748 Tran Phu,Hai Phong,Computer Science
Tam,Vo,tam.vo3307,tam.vo3307@student.sims.edu,,2001-01-09,555-9210,379 Le Loi,Da Nang,Electronics
Thao,Ho,thao.ho3308,thao.ho3308@student.sims.edu,,2004-04-18,555-7781,512 Hai Ba Trung,Da Nang,Information Technology
Hai,Pham,hai.pham3309,hai.pham3309@student.sims.edu,,2001-06-24,555-6736,222 Le Loi,Da Nang,Information Technology
Nam,Nguyen,nam.nguyen3310,nam.nguyen3310@student.sims.edu,,2003-09-03,555-6620,21 Nguyen Hue,Can Tho,Physics
Dung,Hoang,dung.hoang3311,dung.hoang3311@student.sims.edu,,2002-09-19,555-9140,455 Tran Phu,Ha Noi,Physics
Nga,Vu,nga.vu3312,nga.vu3312@student.sims.edu,,2002-11-10,555-4659,653 Tran Phu,Hue,Physics
Hung,Huynh,hung.huynh3313,hung.huynh3313@student.sims.edu,,2003-01-08,555-9489,334 Le Loi,Can Tho,Mathematics
Minh,Bui,minh.bui3314,minh.bui3314@student.sims.edu,,2002-02-26,555-1187,155 Nguyen Hue,Ho Chi Minh,Information Technology
Hung,Vu,hung.vu3315,hung.vu3315@student.sims.edu,,2002-04-10,555-4804,454 Hai Ba Trung,Hai Phong,Computer Science
Quang,Vo,quang.vo3316,quang.vo3316@student.sims.edu,,2002-12-27,555-3149,494 Tran Phu,Can Tho,Information Technology
Lan,Dang,lan.dang3317,lan.dang3317@student.sims.edu,,2002-09-09,555-2793,800 Le Loi,Ho Chi Minh,Mathematics
Minh,Bui,minh.bui3318,minh.bui3318@student.sims.edu,,2001-09-03,555-1396,946 Hai Ba Trung,Ha Noi,Computer Science
Thu,Ho,thu.ho3319,thu.ho3319@student.sims.edu,,2004-06-23,555-4607,496 Le Loi,Can Tho,Mathematics
Bao,Do,bao.do3320,bao.do3320@student.sims.edu,,2001-07-01,555-7095,314 Nguyen Hue,Can Tho,Physics
Duc,Vu,duc.vu3321,duc.vu3321@student.sims.edu,,2004-08-14,555-5656,352 Le Loi,Hue,Physics
Quyen,Do,quyen.do3322,quyen.do3322@student.sims.edu,,2004-11-11,555-5369,230 Tran Phu,Can Tho,Information Technology
Giang,Huynh,giang.huynh3323,giang.huynh3323@student.sims.edu,,2001-09-08,555-2944,421 Le Loi,Hue,Electronics
Lan,Le,lan.le3324,lan.le3324@student.sims.edu,,2003-11-07,555-4717,491 Hai Ba Trung,Hue,Mathematics
Mai,Dang,mai.dang3325,mai.dang3325@student.sims.edu,,2004-01-02,555-7307,194 Le Loi,Hai Phong,Business
Tam,Ho,tam.ho3326,tam.ho3326@student.sims.edu,,2005-06-24,555-8796,556 Hai Ba Trung,Hai Phong,Electronics
Ngoc,Hoang,ngoc.hoang3327,ngoc.hoang3327@student.sims.edu,,2005-05-21,555-4155,391 Tran Phu,Ho Chi Minh,Mathematics
Phong,Do,phong.do3328,phong.do3328@student.sims.edu,,2002-09-02,555-6530,913 Le Loi,Hai Phong,Physics
Hai,Do,hai.do3329,hai.do3329@student.sims.edu,,2003-02-13,555-2331,103 Nguyen Hue,Ho Chi Minh,Physics
Vy,Hoang,vy.hoang3330,vy.hoang3330@student.sims.edu,,2004-05-01,555-8368,141 Nguyen Hue,Nha Trang,Mathematics
Binh,Duong,binh.duong3331,binh.duong3331@student.sims.edu,,2005-06-26,555-6498,542 Hai Ba Trung,Ha Noi,Physics
Lan,Nguyen,lan.nguyen3332,lan.nguyen3332@student.sims.edu,,2005-11-07,555-4745,232 Tran Phu,Da Nang,Mathematics
Thu,Dang,thu.dang3333,thu.dang3333@student.sims.edu,,2004-04-12,555-5472,875 Nguyen Hue,Can Tho,Mathematics
Giang,Bui,giang.bui3334,giang.bui3334@student.sims.edu,,2003-10-05,555-6966,87 Tran Phu,Can Tho,Computer Science
Duc,Hoang,duc.hoang3335,duc.hoang3335@student.sims.edu,,2001-06-21,555-5549,542 Hai Ba Trung,Ho Chi Minh,Physics
Tuan,Ho,tuan.ho3336,tuan.ho3336@student.sims.edu,,2005-07-05,555-5119,320 Le Loi,Nha Trang,Physics
Binh,Pham,binh.pham3337,binh.pham3337@student.sims.edu,,2002-02-16,555-3715,969 Hai Ba Trung,Hai Phong,Physics
Thu,Bui,thu.bui3338,thu.bui3338@student.sims.edu,,2004-12-01,555-8497,541 Hai Ba Trung,Da Nang,Mathematics
Hai,Do,hai.do3339,hai.do3339@student.sims.edu,,2003-01-11,555-3071,244 Tran Phu,Ho Chi Minh,Business
Hung,Vo,hung.vo3340,hung.vo3340@student.sims.edu,,2004-12-20,555-3335,974 Hai Ba Trung,Hai Phong,Mathematics
Lan,Ho,lan.ho3341,lan.ho3341@student.sims.edu,,2004-04-23,555-4617,606 Tran Phu,Da Nang,Business
Linh,Ly,linh.ly3342,linh.ly3342@student.sims.edu,,2005-11-04,555-5211,724 Le Loi,Ho Chi Minh,Electronics
Khanh,Vu,khanh.vu3343,khanh.vu3343@student.sims.edu,,2002-12-08,555-7043,882 Tran Phu,Ho Chi Minh,Computer Science
Giang,Vu,giang.vu3344,giang.vu3344@student.sims.edu,,2001-06-11,555-3906,511 Hai Ba Trung,Nha Trang,Mathematics
Hoa,Ngo,hoa.ngo3345,hoa.ngo3345@student.sims.edu,,2003-01-11,555-6994,585 Le Loi,Ho Chi Minh,Business
Binh,Vu,binh.vu3346,binh.vu3346@student.sims.edu,,2004-03-03,555-8691,225 Hai Ba Trung,Nha Trang,Information Technology
Hoa,Ho,hoa.ho3347,hoa.ho3347@student.sims.edu,,2001-11-01,555-4434,612 Le Loi,Hue,Business
Hung,Hoang,hung.hoang3348,hung.hoang3348@student.sims.edu,,2002-08-27,555-7077,520 Tran Phu,Ha Noi,Computer Science
Hai,Nguyen,hai.nguyen3349,hai.nguyen3349@student.sims.edu,,2005-04-07,555-9778,300 Nguyen Hue,Da Nang,Physics
Quyen,Dang,quyen.dang3350,quyen.dang3350@student.sims.edu,,2003-06-22,555-5806,39 Tran Phu,Can Tho,Information Technology
Minh,Ho,minh.ho3351,minh.ho3351@student.sims.edu,,2003-10-23,555-4728,473 Le Loi,Hai Phong,Computer Science
Ngoc,Huynh,ngoc.huynh3352,ngoc.huynh3352@student.sims.edu,,2002-03-03,555-9848,76 Nguyen Hue,Da Nang,Physics
Lan,Ho,lan.ho3353,lan.ho3353@student.sims.edu,,2001-02-21,555-9960,643 Tran Phu,Da Nang,Computer Science
Vy,Vu,vy.vu3354,vy.vu3354@student.sims.edu,,2002-09-14,555-6803,178 Hai Ba Trung,Ha Noi,Computer Science
Trang,Dang,trang.dang3355,trang.dang3355@student.sims.edu,,2003-08-20,555-6914,618 Le Loi,Hue,Electronics
Dung,Dang,dung.dang3356,dung.dang3356@student.sims.edu,,2003-12-28,555-1956,520 Nguyen Hue,Nha Trang,Physics
Ha,Huynh,ha.huynh3357,ha.huynh3357@student.sims.edu,,2001-12-09,555-8592,62 Hai Ba Trung,Can Tho,Physics
Tuan,Ly,tuan.ly3358,tuan.ly3358@student.sims.edu,,2002-09-21,555-5295,790 Hai Ba Trung,Hue,Physics
Quang,Duong,quang.duong3359,quang.duong3359@student.sims.edu,,2003-08-11,555-9105,828 Le Loi,Ha Noi,Business
Phong,Do,phong.do3360,phong.do3360@student.sims.edu,,2002-02-20,555-8712,27 Nguyen Hue,Hue,Physics
Trang,Huynh,trang.huynh3361,trang.huynh3361@student.sims.edu,,2005-12-20,555-1160,669 Le Loi,Nha Trang,Physics
Dung,Hoang,dung.hoang3362,dung.hoang3362@student.sims.edu,,2002-04-22,555-4926,600 Le Loi,Hue,Electronics
Chi,Huynh,chi.huynh3363,chi.huynh3363@student.sims.edu,,2004-03-27,555-3321,634 Tran Phu,Hai Phong,Business
Tuan,Ngo,tuan.ngo3364,tuan.ngo3364@student.sims.edu,,2004-12-09,555-2700,786 Le Loi,Nha Trang,Electronics
Vy,Vo,vy.vo3365,vy.vo3365@student.sims.edu,,2004-12-10,555-6949,122 Hai Ba Trung,Hue,Mathematics
Mai,Dang,mai.dang3366,mai.dang3366@student.sims.edu,,2002-05-25,555-2248,965 Tran Phu,Da Nang,Information Technology
Ngoc,Tran,ngoc.tran3367,ngoc.tran3367@student.sims.edu,,2002-06-18,555-7912,488 Tran Phu,Hue,Computer Science
Linh,Ly,linh.ly3368,linh.ly3368@student.sims.edu,,2005-01-15,555-1413,647 Tran Phu,Hue,Physics
Minh,Duong,minh.duong3369,minh.duong3369@student.sims.edu,,2005-10-25,555-3451,203 Le Loi,Da Nang,Computer Science
Ngoc,Ly,ngoc.ly3370,ngoc.ly3370@student.sims.edu,,2003-05-04,555-9242,993 Hai Ba Trung,Can Tho,Business
Quang,Vu,quang.vu3371,quang.vu3371@student.sims.edu,,2005-07-27,555-3072,515 Le Loi,Hue,Mathematics
Nam,Tran,nam.tran3372,nam.tran3372@student.sims.edu,,2003-10-16,555-2652,391 Nguyen Hue,Hue,Computer Science
Hoa,Le,hoa.le3373,hoa.le3373@student.sims.edu,,2002-05-06,555-2863,177 Hai Ba Trung,Can Tho,Business
Quang,Duong,quang.duong3374,quang.duong3374@student.sims.edu,,2003-09-26,555-7512,777 Le Loi,Ha Noi,Business
Yen,Hoang,yen.hoang3375,yen.hoang3375@student.sims.edu,,2005-01-24,555-5956,600 Le Loi,Da Nang,Electronics
Hoa,Tran,hoa.tran3376,hoa.tran3376@student.sims.edu,,2003-12-24,555-2755,839 Hai Ba Trung,Hue,Computer Science
Nam,Duong,nam.duong3377,nam.duong3377@student.sims.edu,,2003-08-03,555-3936,917 Le Loi,Can Tho,Mathematics
Lan,Ngo,lan.ngo3378,lan.ngo3378@student.sims.edu,,2005-05-15,555-5444,233 Tran Phu,Can Tho,Business
Thu,Nguyen,thu.nguyen3379,thu.nguyen3379@student.sims.edu,,2002-02-03,555-9473,108 Nguyen Hue,Nha Trang,Electronics
Bao,Vo,bao.vo3380,bao.vo3380@student.sims.edu,,2002-01-27,555-7666,931 Nguyen Hue,Hue,Electronics
Binh,Dang,binh.dang3381,binh.dang3381@student.sims.edu,,2003-03-22,555-9691,46 Nguyen Hue,Can Tho,Business
Tam,Vu,tam.vu3382,tam.vu3382@student.sims.edu,,2002-10-21,555-8011,850 Le Loi,Nha Trang,Mathematics
Phong,Ngo,phong.ngo3383,phong.ngo3383@student.sims.edu,,2001-09-20,555-3619,63 Hai Ba Trung,Can Tho,Mathematics
Hai,Ngo,hai.ngo3384,hai.ngo3384@student.sims.edu,,2005-04-03,555-5272,138 Tran Phu,Hai Phong,Electronics
Hai,Ho,hai.ho3385,hai.ho3385@student.sims.edu,,2004-04-18,555-5982,833 Hai Ba Trung,Nha Trang,Electronics
Giang,Vo,giang.vo3386,giang.vo3386@student.sims.edu,,2001-01-11,555-9380,791 Nguyen Hue,Ho Chi Minh,Physics
Phong,Ly,phong.ly3387,phong.ly3387@student.sims.edu,,2002-12-03,555-9964,376 Le Loi,Ha Noi,Physics
Quang,Hoang,quang.hoang3388,quang.hoang3388@student.sims.edu,,2003-09-25,555-8433,837 Nguyen Hue,Ha Noi,Mathematics
Hai,Bui,hai.bui3389,hai.bui3389@student.sims.edu,,2002-03-15,555-9670,347 Le Loi,Nha Trang,Mathematics
Linh,Huynh,linh.huynh3390,linh.huynh3390@student.sims.edu,,2004-10-01,555-5179,913 Nguyen Hue,Hue,Physics
Hung,Le,hung.le3391,hung.le3391@student.sims.edu,,2001-08-24,555-1166,983 Hai Ba Trung,Nha Trang,Electronics
Binh,Do,binh.do3392,binh.do3392@student.sims.edu,,2005-06-22,555-2082,615 Nguyen Hue,Hue,Electronics
Duc,Ly,duc.ly3393,duc.ly3393@student.sims.edu,,2001-05-14,555-1350,358 Hai Ba Trung,Nha Trang,Information Technology
Linh,Pham,linh.pham3394,linh.pham3394@student.sims.edu,,2005-08-18,555-2900,407 Hai Ba Trung,Ha Noi,Computer Science
Duc,Hoang,duc.hoang3395,duc.hoang3395@student.sims.edu,,2005-04-03,555-1855,581 Le Loi,Da Nang,Electronics
An,Vu,an.vu3396,an.vu3396@student.sims.edu,,2001-10-07,555-4528,173 Nguyen Hue,Ha Noi,Information Technology
Linh,Ho,linh.ho3397,linh.ho3397@student.sims.edu,,2004-04-24,555-8146,252 Tran Phu,Can Tho,Information Technology
Nga,Bui,nga.bui3398,nga.bui3398@student.sims.edu,,2004-07-28,555-6813,719 Tran Phu,Hue,Electronics
Quyen,Nguyen,quyen.nguyen3399,quyen.nguyen3399@student.sims.edu,,2002-06-23,555-8133,271 Hai Ba Trung,Nha Trang,Business
Duc,Nguyen,duc.nguyen3400,duc.nguyen3400@student.sims.edu,,2005-04-10,555-1346,960 Nguyen Hue,Can Tho,Electronics
Quang,Pham,quang.pham3401,quang.pham3401@student.sims.edu,,2005-01-01,555-8533,161 Tran Phu,Hai Phong,Physics
Binh,Tran,binh.tran3402,binh.tran3402@student.sims.edu,,2002-12-08,555-6939,191 Le Loi,Can Tho,Information Technology
Hai,Nguyen,hai.nguyen3403,hai.nguyen3403@student.sims.edu,,2004-01-13,555-9912,825 Hai Ba Trung,Ha Noi,Information Technology
Nam,Ngo,nam.ngo3404,nam.ngo3404@student.sims.edu,,2002-07-19,555-7338,10 Le Loi,Da Nang,Mathematics
Phong,Tran,phong.tran3405,phong.tran3405@student.sims.edu,,2004-08-06,555-3726,195 Hai Ba Trung,Ho Chi Minh,Electronics
Tuan,Ly,tuan.ly3406,tuan.ly3406@student.sims.edu,,2002-01-22,555-7674,199 Le Loi,Hue,Electronics
Yen,Vo,yen.vo3407,yen.vo3407@student.sims.edu,,2004-12-23,555-1650,938 Tran Phu,Nha Trang,Business
Vy,Nguyen,vy.nguyen3408,vy.nguyen3408@student.sims.edu,,2001-12-28,555-5879,930 Nguyen Hue,Da Nang,Physics
Hung,Vu,hung.vu3409,hung.vu3409@student.sims.edu,,2002-09-23,555-3202,691 Nguyen Hue,Nha Trang,Business
Chi,Pham,chi.pham3410,chi.pham3410@student.sims.edu,,2002-10-23,555-2844,950 Hai Ba Trung,Hue,Physics
Tam,Ly,tam.ly3411,tam.ly3411@student.sims.edu,,2003-01-22,555-9525,792 Tran Phu,Hue,Information Technology
Trang,Bui,trang.bui3412,trang.bui3412@student.sims.edu,,2003-08-03,555-9091,868 Hai Ba Trung,Ha Noi,Business
Chi,Vo,chi.vo3413,chi.vo3413@student.sims.edu,,2004-10-25,555-2096,671 Nguyen Hue,Nha Trang,Electronics
Duc,Hoang,duc.hoang3414,duc.hoang3414@student.sims.edu,,2001-02-09,555-7797,681 Hai Ba Trung,Nha Trang,Computer Science
Vy,Ly,vy.ly3415,vy.ly3415@student.sims.edu,,2001-06-11,555-1258,774 Le Loi,Ha Noi,Information Technology
Duc,Bui,duc.bui3416,duc.bui3416@student.sims.edu,,2004-01-04,555-1240,528 Nguyen Hue,Ha Noi,Physics
Hai,Ly,hai.ly3417,hai.ly3417@student.sims.edu,,2002-10-13,555-9987,247 Nguyen Hue,Hai Phong,Computer Science
Ngoc,Pham,ngoc.pham3418,ngoc.pham3418@student.sims.edu,,2003-12-20,555-9855,404 Le Loi,Ho Chi Minh,Business
Duc,Le,duc.le3419,duc.le3419@student.sims.edu,,2004-10-03,555-4816,887 Hai Ba Trung,Hue,Physics
Ha,Vu,ha.vu3420,ha.vu3420@student.sims.edu,,2004-02-20,555-3366,276 Nguyen Hue,Ho Chi Minh,Business
An,Ho,an.ho3421,an.ho3421@student.sims.edu,,2003-01-19,555-2160,966 Nguyen Hue,Ha Noi,Business
Nam,Hoang,nam.hoang3422,nam.hoang3422@student.sims.edu,,2002-02-19,555-6845,419 Tran Phu,Hue,Electronics
Nam,Vo,nam.vo3423,nam.vo3423@student.sims.edu,,2005-10-16,555-4301,493 Le Loi,Da Nang,Business
Thu,Hoang,thu.hoang3424,thu.hoang3424@student.sims.edu,,2002-06-13,555-9036,196 Hai Ba Trung,Nha Trang,Information Technology
Chi,Ly,chi.ly3425,chi.ly3425@student.sims.edu,,2002-01-04,555-7354,808 Le Loi,Ha Noi,Business
Mai,Huynh,mai.huynh3426,mai.huynh3426@student.sims.edu,,2003-03-06,555-5141,782 Le Loi,Can Tho,Business
Thao,Ngo,thao.ngo3427,thao.ngo3427@student.sims.edu,,2003-08-18,555-5049,889 Nguyen Hue,Can Tho,Information Technology
Nga,Vo,nga.vo3428,nga.vo3428@student.sims.edu,,2002-06-23,555-6509,756 Le Loi,Da Nang,Information Technology
Dung,Tran,dung.tran3429,dung.tran3429@student.sims.edu,,2004-05-10,555-6649,299 Le Loi,Hai Phong,Physics
Yen,Ho,yen.ho3430,yen.ho3430@student.sims.edu,,2001-05-14,555-5748,189 Le Loi,Nha Trang,Physics
Hai,Bui,hai.bui3431,hai.bui3431@student.sims.edu,,2003-01-23,555-9222,239 Hai Ba Trung,Da Nang,Mathematics
Phong,Nguyen,phong.nguyen3432,phong.nguyen3432@student.sims.edu,,2001-02-21,555-5618,347 Le Loi,Nha Trang,Mathematics
Dung,Dang,dung.dang3433,dung.dang3433@student.sims.edu,,2001-02-26,555-9930,174 Tran Phu,Hue,Information Technology
Linh,Tran,linh.tran3434,linh.tran3434@student.sims.edu,,2003-03-12,555-1989,653 Hai Ba Trung,Hai Phong,Mathematics
Ngoc,Hoang,ngoc.hoang3435,ngoc.hoang3435@student.sims.edu,,2003-09-05,555-3011,453 Nguyen Hue,Hue,Electronics
Trang,Vo,trang.vo3436,trang.vo3436@student.sims.edu,,2001-04-04,555-4067,439 Le Loi,Da Nang,Physics
Quyen,Tran,quyen.tran3437,quyen.tran3437@student.sims.edu,,2001-01-05,555-5567,979 Nguyen Hue,Ha Noi,Mathematics
Tam,Tran,tam.tran3438,tam.tran3438@student.sims.edu,,2005-04-23,555-3333,899 Le Loi,Hai Phong,Physics
Lan,Le,lan.le3439,lan.le3439@student.sims.edu,,2004-01-17,555-9034,321 Le Loi,Da Nang,Business
Ha,Vo,ha.vo3440,ha.vo3440@student.sims.edu,,2005-01-22,555-1188,731 Hai Ba Trung,Hai Phong,Mathematics
Minh,Vu,minh.vu3441,minh.vu3441@student.sims.edu,,2001-12-19,555-6119,206 Tran Phu,Hai Phong,Computer Science
Tam,Pham,tam.pham3442,tam.pham3442@student.sims.edu,,2001-05-19,555-2084,782 Le Loi,Hai Phong,Computer Science
Duc,Ngo,duc.ngo3443,duc.ngo3443@student.sims.edu,,2005-04-17,555-1025,372 Nguyen Hue,Hue,Computer Science
Duc,Nguyen,duc.nguyen3444,duc.nguyen3444@student.sims.edu,,2005-10-26,555-2248,64 Nguyen Hue,Da Nang,Information Technology
Hoa,Pham,hoa.pham3445,hoa.pham3445@student.sims.edu,,2004-07-08,555-8980,956 Tran Phu,Ho Chi Minh,Physics
Son,Dang,son.dang3446,son.dang3446@student.sims.edu,,2004-04-10,555-4489,560 Nguyen Hue,Da Nang,Information Technology
Son,Bui,son.bui3447,son.bui3447@student.sims.edu,,2002-12-17,555-8785,366 Hai Ba Trung,Hai Phong,Mathematics
Quyen,Le,quyen.le3448,quyen.le3448@student.sims.edu,,2003-05-17,555-8427,189 Hai Ba Trung,Hai Phong,Physics
Ngoc,Pham,ngoc.pham3449,ngoc.pham3449@student.sims.edu,,2005-07-12,555-8989,403 Le Loi,Hai Phong,Business
Minh,Ly,minh.ly3450,minh.ly3450@student.sims.edu,,2002-05-15,555-5314,563 Hai Ba Trung,Nha Trang,Computer Science
Tuan,Tran,tuan.tran3451,tuan.tran3451@student.sims.edu,,2003-03-07,555-5956,257 Nguyen Hue,Ha Noi,Information Technology
Nam,Ngo,nam.ngo3452,nam.ngo3452@student.sims.edu,,2004-09-23,555-4292,139 Nguyen Hue,Da Nang,Physics
Trang,Ngo,trang.ngo3453,trang.ngo3453@student.sims.edu,,2005-01-26,555-1607,170 Le Loi,Hai Phong,Electronics
Nga,Hoang,nga.hoang3454,nga.hoang3454@student.sims.edu,,2005-07-07,555-3721,530 Nguyen Hue,Da Nang,Information Technology
Hung,Le,hung.le3455,hung.le3455@student.sims.edu,,2001-12-09,555-1131,207 Tran Phu,Da Nang,Business
Binh,Nguyen,binh.nguyen3456,binh.nguyen3456@student.sims.edu,,2004-02-03,555-5728,31 Hai Ba Trung,Nha Trang,Physics
Dung,Hoang,dung.hoang3457,dung.hoang3457@student.sims.edu,,2003-05-22,555-3616,180 Hai Ba Trung,Da Nang,Computer Science
Khanh,Duong,khanh.duong3458,khanh.duong3458@student.sims.edu,,2001-02-13,555-4214,968 Tran Phu,Ho Chi Minh,Computer Science
Ha,Do,ha.do3459,ha.do3459@student.sims.edu,,2004-04-10,555-4941,937 Tran Phu,Hue,Mathematics
Hoa,Pham,hoa.pham3460,hoa.pham3460@student.sims.edu,,2005-11-09,555-4708,496 Nguyen Hue,Da Nang,Business
Khanh,Duong,khanh.duong3461,khanh.duong3461@student.sims.edu,,2004-04-13,555-8438,812 Le Loi,Ha Noi,Computer Science
Hoa,Vo,hoa.vo3462,hoa.vo3462@student.sims.edu,,2002-09-01,555-3695,753 Hai Ba Trung,Hue,Information Technology
Yen,Vo,yen.vo3463,yen.vo3463@student.sims.edu,,2001-12-08,555-7219,164 Tran Phu,Ha Noi,Information Technology
Ha,Duong,ha.duong3464,ha.duong3464@student.sims.edu,,2005-01-27,555-5721,111 Nguyen Hue,Ha Noi,Business
Trang,Tran,trang.tran3465,trang.tran3465@student.sims.edu,,2001-01-06,555-5783,54 Hai Ba Trung,Hue,Physics
Yen,Hoang,yen.hoang3466,yen.hoang3466@student.sims.edu,,2001-09-27,555-5202,238 Tran Phu,Ho Chi Minh,Information Technology
Yen,Ly,yen.ly3467,yen.ly3467@student.sims.edu,,2003-11-22,555-3123,407 Tran Phu,Nha Trang,Physics
Quang,Ly,quang.ly3468,quang.ly3468@student.sims.edu,,2003-10-09,555-6116,83 Nguyen Hue,Hai Phong,Information Technology
Quyen,Duong,quyen.duong3469,quyen.duong3469@student.sims.edu,,2004-11-18,555-5136,97 Le Loi,Hue,Electronics
Vy,Vo,vy.vo3470,vy.vo3470@student.sims.edu,,2003-07-25,555-5020,219 Hai Ba Trung,Hue,Electronics
Khanh,Tran,khanh.tran3471,khanh.tran3471@student.sims.edu,,2004-03-10,555-7291,832 Le Loi,Nha Trang,Mathematics
Vy,Ho,vy.ho3472,vy.ho3472@student.sims.edu,,2005-12-23,555-6470,364 Nguyen Hue,Can Tho,Mathematics
Thu,Vo,thu.vo3473,thu.vo3473@student.sims.edu,,2002-02-19,555-8850,859 Le Loi,Ho Chi Minh,Electronics
Khanh,Bui,khanh.bui3474,khanh.bui3474@student.sims.edu,,2005-10-04,555-9404,119 Tran Phu,Ho Chi Minh,Mathematics
An,Ly,an.ly3475,an.ly3475@student.sims.edu,,2004-04-02,555-4176,188 Le Loi,Ha Noi,Computer Science
Nga,Pham,nga.pham3476,nga.pham3476@student.sims.edu,,2004-07-17,555-5366,516 Le Loi,Nha Trang,Mathematics
Thu,Tran,thu.tran3477,thu.tran3477@student.sims.edu,,2001-03-26,555-5308,740 Tran Phu,Da Nang,Computer Science
Thu,Duong,thu.duong3478,thu.duong3478@student.sims.edu,,2002-11-12,555-1456,361 Nguyen Hue,Can Tho,Mathematics
Ngoc,Duong,ngoc.duong3479,ngoc.duong3479@student.sims.edu,,2002-03-12,555-9130,518 Tran Phu,Can Tho,Computer Science
Ngoc,Ly,ngoc.ly3480,ngoc.ly3480@student.sims.edu,,2004-02-02,555-5511,456 Tran Phu,Hue,Computer Science
Quyen,Ngo,quyen.ngo3481,quyen.ngo3481@student.sims.edu,,2003-09-05,555-3925,1 Nguyen Hue,Nha Trang,Physics
Quyen,Le,quyen.le3482,quyen.le3482@student.sims.edu,,2003-05-16,555-6291,210 Le Loi,Can Tho,Physics
Nam,Dang,nam.dang3483,nam.dang3483@student.sims.edu,,2005-07-04,555-7352,702 Le Loi,Hue,Mathematics
Thu,Ly,thu.ly3484,thu.ly3484@student.sims.edu,,2001-08-10,555-5652,975 Le Loi,Ha Noi,Physics
Binh,Vu,binh.vu3485,binh.vu3485@student.sims.edu,,2002-02-02,555-1735,958 Hai Ba Trung,Ho Chi Minh,Information Technology
Son,Ly,son.ly3486,son.ly3486@student.sims.edu,,2004-05-12,555-4419,791 Hai Ba Trung,Da Nang,Business
Yen,Pham,yen.pham3487,yen.pham3487@student.sims.edu,,2005-09-12,555-1738,686 Nguyen Hue,Da Nang,Electronics
Dung,Pham,dung.pham3488,dung.pham3488@student.sims.edu,,2004-06-12,555-1924,378 Tran Phu,Ha Noi,Business
Hoa,Hoang,hoa.hoang3489,hoa.hoang3489@student.sims.edu,,2005-10-25,555-8842,26 Tran Phu,Hue,Computer Science
Binh,Duong,binh.duong3490,binh.duong3490@student.sims.edu,,2004-11-12,555-5781,693 Hai Ba Trung,Ha Noi,Information Technology
An,Le,an.le3491,an.le3491@student.sims.edu,,2003-12-01,555-8308,133 Tran Phu,Ha Noi,Physics
Ha,Ngo,ha.ngo3492,ha.ngo3492@student.sims.edu,,2001-11-08,555-4294,277 Tran Phu,Da Nang,Physics
An,Dang,an.dang3493,an.dang3493@student.sims.edu,,2004-06-06,555-9040,469 Hai Ba Trung,Ho Chi Minh,Business
Nam,Ho,nam.ho3494,nam.ho3494@student.sims.edu,,2003-07-28,555-5360,120 Hai Ba Trung,Can Tho,Mathematics
Dung,Nguyen,dung.nguyen3495,dung.nguyen3495@student.sims.edu,,2004-12-16,555-8730,623 Nguyen Hue,Ho Chi Minh,Electronics
Yen,Ngo,yen.ngo3496,yen.ngo3496@student.sims.edu,,2004-10-10,555-2509,566 Nguyen Hue,Da Nang,Information Technology
Binh,Bui,binh.bui3497,binh.bui3497@student.sims.edu,,2003-03-16,555-7682,895 Hai Ba Trung,Hue,Information Technology
Yen,Le,yen.le3498,yen.le3498@student.sims.edu,,2004-04-22,555-1147,110 Hai Ba Trung,Da Nang,Business
Thu,Do,thu.do3499,thu.do3499@student.sims.edu,,2001-07-03,555-3604,706 Hai Ba Trung,Nha Trang,Computer Science
Yen,Vo,yen.vo3500,yen.vo3500@student.sims.edu,,2002-07-24,555-3475,447 Nguyen Hue,Ha Noi,Physics
Hai,Pham,hai.pham3501,hai.pham3501@student.sims.edu,,2002-03-07,555-2068,995 Nguyen Hue,Hai Phong,Information Technology
Khanh,Le,khanh.le3502,khanh.le3502@student.sims.edu,,2005-08-07,555-1580,952 Hai Ba Trung,Can Tho,Computer Science
Thu,Pham,thu.pham3503,thu.pham3503@student.sims.edu,,2003-07-22,555-5844,152 Le Loi,Hue,Computer Science
Ngoc,Duong,ngoc.duong3504,ngoc.duong3504@student.sims.edu,,2001-05-13,555-2554,732 Le Loi,Da Nang,Mathematics
Vy,Tran,vy.tran3505,vy.tran3505@student.sims.edu,,2002-02-26,555-4899,73 Nguyen Hue,Nha Trang,Information Technology
Hoa,Ngo,hoa.ngo3506,hoa.ngo3506@student.sims.edu,,2001-04-17,555-5801,986 Le Loi,Nha Trang,Computer Science
Mai,Duong,mai.duong3507,mai.duong3507@student.sims.edu,,2001-12-10,555-9409,576 Le Loi,Can Tho,Computer Science
Son,Vo,son.vo3508,son.vo3508@student.sims.edu,,2004-02-04,555-6482,960 Tran Phu,Ho Chi Minh,Physics
Trang,Ho,trang.ho3509,trang.ho3509@student.sims.edu,,2004-08-18,555-5598,731 Hai Ba Trung,Hai Phong,Mathematics
Quang,Duong,quang.duong3510,quang.duong3510@student.sims.edu,,2005-05-12,555-2615,949 Nguyen Hue,Hai Phong,Electronics
Nga,Hoang,nga.hoang3511,nga.hoang3511@student.sims.edu,,2001-01-22,555-7539,944 Tran Phu,Hue,Computer Science
Minh,Huynh,minh.huynh3512,minh.huynh3512@student.sims.edu,,2004-09-07,555-4649,181 Nguyen Hue,Nha Trang,Electronics
An,Ho,an.ho3513,an.ho3513@student.sims.edu,,2004-11-14,555-5287,124 Le Loi,Ho Chi Minh,Mathematics
Ngoc,Huynh,ngoc.huynh3514,ngoc.huynh3514@student.sims.edu,,2004-05-06,555-6712,35 Le Loi,Can Tho,Electronics
Lan,Huynh,lan.huynh3515,lan.huynh3515@student.sims.edu,,2001-09-13,555-6135,465 Nguyen Hue,Ho Chi Minh,Mathematics
Hai,Tran,hai.tran3516,hai.tran3516@student.sims.edu,,2002-03-20,555-1338,854 Tran Phu,Ha Noi,Mathematics
Trang,Ho,trang.ho3517,trang.ho3517@student.sims.edu,,2003-01-09,555-8802,319 Hai Ba Trung,Hai Phong,Electronics
Quang,Vu,quang.vu3518,quang.vu3518@student.sims.edu,,2004-04-20,555-9274,838 Hai Ba Trung,Ho Chi Minh,Mathematics
Quang,Le,quang.le3519,quang.le3519@student.sims.edu,,2004-09-17,555-4112,375 Le Loi,Can Tho,Computer Science
Hoa,Tran,hoa.tran3520,hoa.tran3520@student.sims.edu,,2001-12-24,555-6653,608 Tran Phu,Nha Trang,Information Technology
Bao,Pham,bao.pham3521,bao.pham3521@student.sims.edu,,2003-12-14,555-6100,841 Nguyen Hue,Nha Trang,Mathematics
Ngoc,Pham,ngoc.pham3522,ngoc.pham3522@student.sims.edu,,2001-01-28,555-6317,432 Nguyen Hue,Da Nang,Electronics
Nga,Pham,nga.pham3523,nga.pham3523@student.sims.edu,,2001-05-17,555-3854,656 Le Loi,Hue,Mathematics
Quyen,Vo,quyen.vo3524,quyen.vo3524@student.sims.edu,,2002-08-15,555-8996,554 Nguyen Hue,Can Tho,Information Technology
Tam,Do,tam.do3525,tam.do3525@student.sims.edu,,2001-10-03,555-9465,476 Tran Phu,Da Nang,Computer Science
Son,Le,son.le3526,son.le3526@student.sims.edu,,2002-10-07,555-5301,29 Hai Ba Trung,Can Tho,Information Technology
Linh,Do,linh.do3527,linh.do3527@student.sims.edu,,2003-12-23,555-2661,981 Le Loi,Ho Chi Minh,Computer Science
Khanh,Nguyen,khanh.nguyen3528,khanh.nguyen3528@student.sims.edu,,2005-03-07,555-9290,272 Le Loi,Ho Chi Minh,Computer Science
Ha,Dang,ha.dang3529,ha.dang3529@student.sims.edu,,2001-03-27,555-2563,849 Tran Phu,Ha Noi,Electronics
Phong,Pham,phong.pham3530,phong.pham3530@student.sims.edu,,2005-07-06,555-6557,958 Le Loi,Hue,Information Technology
Chi,Do,chi.do3531,chi.do3531@student.sims.edu,,2005-03-27,555-7020,663 Le Loi,Ha Noi,Business
Thao,Pham,thao.pham3532,thao.pham3532@student.sims.edu,,2001-09-18,555-3987,973 Nguyen Hue,Hue,Information Technology
Lan,Pham,lan.pham3533,lan.pham3533@student.sims.edu,,2005-08-27,555-2492,143 Nguyen Hue,Hai Phong,Computer Science
Phong,Ho,phong.ho3534,phong.ho3534@student.sims.edu,,2004-05-10,555-4697,402 Le Loi,Can Tho,Information Technology
Mai,Le,mai.le3535,mai.le3535@student.sims.edu,,2004-08-03,555-5067,279 Hai Ba Trung,Nha Trang,Electronics
Bao,Ho,bao.ho3536,bao.ho3536@student.sims.edu,,2002-09-01,555-5680,154 Le Loi,Ha Noi,Physics
Bao,Vu,bao.vu3537,bao.vu3537@student.sims.edu,,2005-10-03,555-3995,224 Le Loi,Hai Phong,Information Technology
Thu,Pham,thu.pham3538,thu.pham3538@student.sims.edu,,2005-05-05,555-7200,114 Tran Phu,Da Nang,Information Technology
Thu,Nguyen,thu.nguyen3539,thu.nguyen3539@student.sims.edu,,2001-10-12,555-9371,44 Le Loi,Da Nang,Business
Thu,Le,thu.le3540,thu.le3540@student.sims.edu,,2002-06-04,555-1332,35 Le Loi,Nha Trang,Business
Tam,Vu,tam.vu3541,tam.vu3541@student.sims.edu,,2002-12-24,555-3118,331 Hai Ba Trung,Hai Phong,Computer Science
An,Vu,an.vu3542,an.vu3542@student.sims.edu,,2004-02-19,555-5570,317 Tran Phu,Hue,Business
Lan,Vu,lan.vu3543,lan.vu3543@student.sims.edu,,2005-11-21,555-2981,988 Hai Ba Trung,Can Tho,Information Technology
Tuan,Do,tuan.do3544,tuan.do3544@student.sims.edu,,2001-10-01,555-9550,44 Hai Ba Trung,Ho Chi Minh,Computer Science
Lan,Duong,lan.duong3545,lan.duong3545@student.sims.edu,,2004-12-08,555-9249,338 Nguyen Hue,Hai Phong,Information Technology
Dung,Duong,dung.duong3546,dung.duong3546@student.sims.edu,,2001-07-20,555-3998,616 Nguyen Hue,Ho Chi Minh,Computer Science
Khanh,Ngo,khanh.ngo3547,khanh.ngo3547@student.sims.edu,,2004-08-25,555-9785,138 Le Loi,Hai Phong,Mathematics
Mai,Ngo,mai.ngo3548,mai.ngo3548@student.sims.edu,,2004-02-08,555-3118,767 Le Loi,Hai Phong,Business
Hung,Do,hung.do3549,hung.do3549@student.sims.edu,,2004-06-27,555-3448,981 Tran Phu,Can Tho,Computer Science
Ngoc,Huynh,ngoc.huynh3550,ngoc.huynh3550@student.sims.edu,,2002-09-19,555-7351,597 Tran Phu,Ho Chi Minh,Mathematics
Linh,Ly,linh.ly3551,linh.ly3551@student.sims.edu,,2001-12-02,555-4088,402 Hai Ba Trung,Hue,Computer Science
Linh,Pham,linh.pham3552,linh.pham3552@student.sims.edu,,2002-05-07,555-5449,847 Tran Phu,Ha Noi,Computer Science
Thao,Nguyen,thao.nguyen3553,thao.nguyen3553@student.sims.edu,,2003-12-17,555-7392,994 Nguyen Hue,Ha Noi,Information Technology
Quyen,Vu,quyen.vu3554,quyen.vu3554@student.sims.edu,,2005-02-05,555-5634,136 Le Loi,Hai Phong,Physics
Nga,Vu,nga.vu3555,nga.vu3555@student.sims.edu,,2004-03-02,555-5129,143 Tran Phu,Da Nang,Business
Khanh,Hoang,khanh.hoang3556,khanh.hoang3556@student.sims.edu,,2004-01-03,555-6078,157 Hai Ba Trung,Hue,Mathematics
Thao,Ly,thao.ly3557,thao.ly3557@student.sims.edu,,2003-04-11,555-1832,738 Le Loi,Hai Phong,Physics
Yen,Dang,yen.dang3558,yen.dang3558@student.sims.edu,,2002-02-15,555-8472,568 Tran Phu,Can Tho,Mathematics
An,Ho,an.ho3559,an.ho3559@student.sims.edu,,2004-01-08,555-2312,658 Nguyen Hue,Da Nang,Physics
Quyen,Le,quyen.le3560,quyen.le3560@student.sims.edu,,2005-03-12,555-4293,511 Hai Ba Trung,Da Nang,Mathematics
Giang,Tran,giang.tran3561,giang.tran3561@student.sims.edu,,2003-04-13,555-2234,17 Tran Phu,Ho Chi Minh,Information Technology
Bao,Le,bao.le3562,bao.le3562@student.sims.edu,,2004-11-09,555-7762,135 Hai Ba Trung,Ho Chi Minh,Electronics
Giang,Tran,giang.tran3563,giang.tran3563@student.sims.edu,,2002-12-10,555-7015,884 Le Loi,Ha Noi,Information Technology
Yen,Ho,yen.ho3564,yen.ho3564@student.sims.edu,,2003-06-20,555-1531,43 Nguyen Hue,Ho Chi Minh,Physics
Quang,Ngo,quang.ngo3565,quang.ngo3565@student.sims.edu,,2003-11-12,555-1253,711 Hai Ba Trung,Ha Noi,Computer Science
Giang,Dang,giang.dang3566,giang.dang3566@student.sims.edu,,2002-03-04,555-6048,9 Hai Ba Trung,Ho Chi Minh,Information Technology
Son,Duong,son.duong3567,son.duong3567@student.sims.edu,,2002-09-14,555-5104,813 Nguyen Hue,Ho Chi Minh,Information Technology
Hung,Vo,hung.vo3568,hung.vo3568@student.sims.edu,,2001-09-14,555-7651,813 Le Loi,Hai Phong,Physics
Giang,Pham,giang.pham3569,giang.pham3569@student.sims.edu,,2002-01-12,555-8897,980 Le Loi,Ha Noi,Computer Science
Hung,Ly,hung.ly3570,hung.ly3570@student.sims.edu,,2003-07-27,555-8694,913 Hai Ba Trung,Can Tho,Computer Science
Nga,Vu,nga.vu3571,nga.vu3571@student.sims.edu,,2002-12-10,555-9470,29 Hai Ba Trung,Hue,Electronics
Phong,Huynh,phong.huynh3572,phong.huynh3572@student.sims.edu,,2002-10-01,555-7829,146 Nguyen Hue,Hai Phong,Physics
Tuan,Huynh,tuan.huynh3573,tuan.huynh3573@student.sims.edu,,2002-07-12,555-5894,629 Hai Ba Trung,Ha Noi,Information Technology
Duc,Ly,duc.ly3574,duc.ly3574@student.sims.edu,,2002-01-10,555-5372,241 Hai Ba Trung,Ha Noi,Physics
Ha,Ho,ha.ho3575,ha.ho3575@student.sims.edu,,2004-10-12,555-5433,366 Hai Ba Trung,Can Tho,Business
Trang,Tran,trang.tran3576,trang.tran3576@student.sims.edu,,2003-10-22,555-7285,154 Hai Ba Trung,Da Nang,Physics
Phong,Ho,phong.ho3577,phong.ho3577@student.sims.edu,,2002-09-18,555-2284,98 Tran Phu,Da Nang,Computer Science
Son,Bui,son.bui3578,son.bui3578@student.sims.edu,,2004-09-04,555-3041,63 Nguyen Hue,Ha Noi,Electronics
Thao,Le,thao.le3579,thao.le3579@student.sims.edu,,2005-02-03,555-8007,346 Le Loi,Hai Phong,Computer Science
Khanh,Huynh,khanh.huynh3580,khanh.huynh3580@student.sims.edu,,2003-03-23,555-2799,118 Tran Phu,Hue,Business
Phong,Le,phong.le3581,phong.le3581@student.sims.edu,,2003-11-01,555-7545,231 Tran Phu,Ha Noi,Computer Science
Linh,Duong,linh.duong3582,linh.duong3582@student.sims.edu,,2002-03-25,555-4583,205 Hai Ba Trung,Da Nang,Electronics
Yen,Ly,yen.ly3583,yen.ly3583@student.sims.edu,,2004-06-10,555-6142,960 Nguyen Hue,Ha Noi,Mathematics
Trang,Bui,trang.bui3584,trang.bui3584@student.sims.edu,,2001-09-06,555-2542,447 Nguyen Hue,Hai Phong,Physics
Tam,Ho,tam.ho3585,tam.ho3585@student.sims.edu,,2001-11-17,555-1724,613 Hai Ba Trung,Ha Noi,Information Technology
Thao,Le,thao.le3586,thao.le3586@student.sims.edu,,2001-03-05,555-2945,705 Hai Ba Trung,Hai Phong,Information Technology
Bao,Ngo,bao.ngo3587,bao.ngo3587@student.sims.edu,,2005-09-08,555-8231,572 Tran Phu,Da Nang,Mathematics
Quyen,Tran,quyen.tran3588,quyen.tran3588@student.sims.edu,,2002-09-26,555-8681,239 Hai Ba Trung,Nha Trang,Computer Science
Lan,Nguyen,lan.nguyen3589,lan.nguyen3589@student.sims.edu,,2003-04-09,555-6882,944 Hai Ba Trung,Can Tho,Business
Thao,Dang,thao.dang3590,thao.dang3590@student.sims.edu,,2003-12-17,555-6864,467 Hai Ba Trung,Ho Chi Minh,Physics
Dung,Vu,dung.vu3591,dung.vu3591@student.sims.edu,,2002-06-27,555-1202,251 Hai Ba Trung,Da Nang,Electronics
Khanh,Le,khanh.le3592,khanh.le3592@student.sims.edu,,2005-04-15,555-9795,470 Nguyen Hue,Ha Noi,Physics
Bao,Hoang,bao.hoang3593,bao.hoang3593@student.sims.edu,,2003-10-15,555-9116,9 Tran Phu,Hai Phong,Business
Linh,Ly,linh.ly3594,linh.ly3594@student.sims.edu,,2003-10-07,555-7304,499 Nguyen Hue,Da Nang,Information Technology
Ngoc,Huynh,ngoc.huynh3595,ngoc.huynh3595@student.sims.edu,,2003-04-27,555-6716,551 Nguyen Hue,Da Nang,Business
An,Ngo,an.ngo3596,an.ngo3596@student.sims.edu,,2005-10-16,555-1532,641 Hai Ba Trung,Can Tho,Electronics
Linh,Vo,linh.vo3597,linh.vo3597@student.sims.edu,,2005-10-08,555-5758,851 Nguyen Hue,Nha Trang,Electronics
Dung,Tran,dung.tran3598,dung.tran3598@student.sims.edu,,2004-11-16,555-1767,150 Tran Phu,Hue,Business
Tuan,Ngo,tuan.ngo3599,tuan.ngo3599@student.sims.edu,,2001-12-10,555-7457,311 Le Loi,Hai Phong,Business
Bao,Dang,bao.dang3600,bao.dang3600@student.sims.edu,,2002-12-18,555-8292,305 Hai Ba Trung,Ha Noi,Physics
Thao,Ly,thao.ly3601,thao.ly3601@student.sims.edu,,2002-07-28,555-1019,851 Nguyen Hue,Can Tho,Electronics
Tam,Huynh,tam.huynh3602,tam.huynh3602@student.sims.edu,,2002-12-17,555-1653,661 Hai Ba Trung,Hue,Computer Science
Ngoc,Nguyen,ngoc.nguyen3603,ngoc.nguyen3603@student.sims.edu,,2001-10-24,555-1068,196 Tran Phu,Nha Trang,Electronics
Hoa,Duong,hoa.duong3604,hoa.duong3604@student.sims.edu,,2005-05-03,555-6535,900 Le Loi,Da Nang,Business
Yen,Ly,yen.ly3605,yen.ly3605@student.sims.edu,,2005-12-28,555-9604,974 Tran Phu,Ho Chi Minh,Computer Science
Tam,Ngo,tam.ngo3606,tam.ngo3606@student.sims.edu,,2004-08-17,555-8279,510 Le Loi,Nha Trang,Information Technology
Hoa,Vu,hoa.vu3607,hoa.vu3607@student.sims.edu,,2001-03-14,555-4174,989 Tran Phu,Ha Noi,Mathematics
Lan,Duong,lan.duong3608,lan.duong3608@student.sims.edu,,2005-03-02,555-1276,664 Hai Ba Trung,Hai Phong,Physics
Son,Vu,son.vu3609,son.vu3609@student.sims.edu,,2001-04-20,555-2766,574 Tran Phu,Nha Trang,Electronics
Linh,Ly,linh.ly3610,linh.ly3610@student.sims.edu,,2001-09-20,555-6889,539 Nguyen Hue,Can Tho,Mathematics
Thu,Do,thu.do3611,thu.do3611@student.sims.edu,,2002-05-03,555-1707,624 Nguyen Hue,Hai Phong,Mathematics
Quyen,Pham,quyen.pham3612,quyen.pham3612@student.sims.edu,,2002-03-24,555-7739,156 Nguyen Hue,Hue,Business
Nga,Le,nga.le3613,nga.le3613@student.sims.edu,,2003-03-12,555-5229,973 Hai Ba Trung,Ha Noi,Business
Hai,Vu,hai.vu3614,hai.vu3614@student.sims.edu,,2004-09-26,555-9853,571 Nguyen Hue,Hai Phong,Information Technology
Mai,Dang,mai.dang3615,mai.dang3615@student.sims.edu,,2003-07-20,555-8990,438 Tran Phu,Da Nang,Computer Science
Ha,Ly,ha.ly3616,ha.ly3616@student.sims.edu,,2001-05-06,555-3756,766 Hai Ba Trung,Can Tho,Physics
Dung,Le,dung.le3617,dung.le3617@student.sims.edu,,2002-05-12,555-7898,148 Tran Phu,Da Nang,Mathematics
Khanh,Duong,khanh.duong3618,khanh.duong3618@student.sims.edu,,2002-01-27,555-3857,413 Le Loi,Da Nang,Business
Quyen,Ly,quyen.ly3619,quyen.ly3619@student.sims.edu,,2005-02-18,555-1813,12 Le Loi,Ho Chi Minh,Physics
Binh,Vo,binh.vo3620,binh.vo3620@student.sims.edu,,2003-09-25,555-4958,532 Le Loi,Hue,Computer Science
Nam,Nguyen,nam.nguyen3621,nam.nguyen3621@student.sims.edu,,2002-04-17,555-8125,295 Le Loi,Hue,Electronics
Yen,Tran,yen.tran3622,yen.tran3622@student.sims.edu,,2003-12-25,555-7556,390 Tran Phu,Nha Trang,Electronics
Dung,Bui,dung.bui3623,dung.bui3623@student.sims.edu,,2001-02-19,555-1786,767 Le Loi,Can Tho,Mathematics
Giang,Vu,giang.vu3624,giang.vu3624@student.sims.edu,,2001-05-04,555-5002,79 Tran Phu,Hue,Business
Thu,Ngo,thu.ngo3625,thu.ngo3625@student.sims.edu,,2002-05-02,555-1139,867 Hai Ba Trung,Nha Trang,Business
Hoa,Duong,hoa.duong3626,hoa.duong3626@student.sims.edu,,2001-04-27,555-1881,780 Tran Phu,Ho Chi Minh,Business
Minh,Hoang,minh.hoang3627,minh.hoang3627@student.sims.edu,,2003-12-26,555-7280,491 Hai Ba Trung,Ho Chi Minh,Mathematics
Binh,Huynh,binh.huynh3628,binh.huynh3628@student.sims.edu,,2003-01-14,555-2302,107 Le Loi,Hue,Computer Science
Phong,Hoang,phong.hoang3629,phong.hoang3629@student.sims.edu,,2005-07-26,555-8044,601 Hai Ba Trung,Hue,Business
Giang,Ngo,giang.ngo3630,giang.ngo3630@student.sims.edu,,2003-12-04,555-3417,668 Hai Ba Trung,Can Tho,Business
Phong,Nguyen,phong.nguyen3631,phong.nguyen3631@student.sims.edu,,2003-07-26,555-9419,368 Hai Ba Trung,Can Tho,Electronics
Thu,Hoang,thu.hoang3632,thu.hoang3632@student.sims.edu,,2005-04-15,555-7140,160 Hai Ba Trung,Nha Trang,Information Technology
Ha,Ngo,ha.ngo3633,ha.ngo3633@student.sims.edu,,2001-04-03,555-6336,311 Hai Ba Trung,Hue,Business
Linh,Ngo,linh.ngo3634,linh.ngo3634@student.sims.edu,,2003-08-20,555-6052,644 Le Loi,Hai Phong,Mathematics
Nga,Do,nga.do3635,nga.do3635@student.sims.edu,,2002-09-19,555-5530,389 Le Loi,Da Nang,Physics
Thu,Dang,thu.dang3636,thu.dang3636@student.sims.edu,,2001-08-01,555-1052,606 Le Loi,Ha Noi,Mathematics
Giang,Vo,giang.vo3637,giang.vo3637@student.sims.edu,,2002-09-10,555-9179,829 Hai Ba Trung,Can Tho,Physics
Yen,Ly,yen.ly3638,yen.ly3638@student.sims.edu,,2005-04-15,555-3904,180 Le Loi,Can Tho,Business
Nam,Bui,nam.bui3639,nam.bui3639@student.sims.edu,,2005-09-05,555-4155,288 Hai Ba Trung,Da Nang,Mathematics
Tuan,Duong,tuan.duong3640,tuan.duong3640@student.sims.edu,,2002-12-22,555-6010,817 Nguyen Hue,Nha Trang,Information Technology
Ha,Hoang,ha.hoang3641,ha.hoang3641@student.sims.edu,,2004-11-27,555-8618,21 Nguyen Hue,Da Nang,Business
Ha,Tran,ha.tran3642,ha.tran3642@student.sims.edu,,2003-07-16,555-3907,47 Hai Ba Trung,Nha Trang,Business
Bao,Ho,bao.ho3643,bao.ho3643@student.sims.edu,,2005-11-17,555-3093,374 Tran Phu,Hai Phong,Information Technology
Ngoc,Ly,ngoc.ly3644,ngoc.ly3644@student.sims.edu,,2004-03-07,555-1106,483 Hai Ba Trung,Ho Chi Minh,Mathematics
Son,Hoang,son.hoang3645,son.hoang3645@student.sims.edu,,2005-09-28,555-7781,338 Le Loi,Can Tho,Mathematics
Thao,Hoang,thao.hoang3646,thao.hoang3646@student.sims.edu,,2003-10-21,555-9427,554 Tran Phu,Ha Noi,Mathematics
Bao,Tran,bao.tran3647,bao.tran3647@student.sims.edu,,2003-04-03,555-2243,621 Le Loi,Ho Chi Minh,Mathematics
Giang,Ho,giang.ho3648,giang.ho3648@student.sims.edu,,2003-01-11,555-3489,224 Hai Ba Trung,Hai Phong,Business
Thao,Vu,thao.vu3649,thao.vu3649@student.sims.edu,,2002-10-04,555-7697,245 Tran Phu,Nha Trang,Electronics
Tam,Vo,tam.vo3650,tam.vo3650@student.sims.edu,,2004-01-12,555-1888,847 Hai Ba Trung,Can Tho,Mathematics
Duc,Huynh,duc.huynh3651,duc.huynh3651@student.sims.edu,,2004-07-18,555-6082,792 Hai Ba Trung,Hue,Physics
Chi,Ly,chi.ly3652,chi.ly3652@student.sims.edu,,2004-04-15,555-1403,320 Tran Phu,Hai Phong,Mathematics
Mai,Ho,mai.ho3653,mai.ho3653@student.sims.edu,,2003-03-27,555-6382,311 Tran Phu,Da Nang,Information Technology
Hung,Bui,hung.bui3654,hung.bui3654@student.sims.edu,,2004-04-05,555-5962,856 Nguyen Hue,Hai Phong,Business
Giang,Vu,giang.vu3655,giang.vu3655@student.sims.edu,,2001-05-10,555-4986,236 Nguyen Hue,Hai Phong,Electronics
Minh,Hoang,minh.hoang3656,minh.hoang3656@student.sims.edu,,2005-07-14,555-9700,880 Nguyen Hue,Can Tho,Business
Son,Duong,son.duong3657,son.duong3657@student.sims.edu,,2005-03-07,555-2177,578 Hai Ba Trung,Nha Trang,Electronics
Son,Ngo,son.ngo3658,son.ngo3658@student.sims.edu,,2002-04-09,555-4082,545 Hai Ba Trung,Da Nang,Mathematics
Thu,Ho,thu.ho3659,thu.ho3659@student.sims.edu,,2004-08-15,555-1902,782 Nguyen Hue,Nha Trang,Physics
Minh,Nguyen,minh.nguyen3660,minh.nguyen3660@student.sims.edu,,2003-09-26,555-5343,133 Hai Ba Trung,Da Nang,Electronics
Vy,Hoang,vy.hoang3661,vy.hoang3661@student.sims.edu,,2002-09-21,555-9641,631 Le Loi,Ha Noi,Mathematics
Ha,Pham,ha.pham3662,ha.pham3662@student.sims.edu,,2005-09-22,555-3713,843 Hai Ba Trung,Ha Noi,Business
Lan,Bui,lan.bui3663,lan.bui3663@student.sims.edu,,2002-03-26,555-4558,866 Tran Phu,Hue,Physics
Thao,Dang,thao.dang3664,thao.dang3664@student.sims.edu,,2001-07-17,555-3112,63 Hai Ba Trung,Hue,Business
Chi,Ngo,chi.ngo3665,chi.ngo3665@student.sims.edu,,2005-02-22,555-5908,165 Le Loi,Can Tho,Business
Nam,Pham,nam.pham3666,nam.pham3666@student.sims.edu,,2002-12-21,555-8996,43 Le Loi,Ho Chi Minh,Business
Duc,Huynh,duc.huynh3667,duc.huynh3667@student.sims.edu,,2005-01-17,555-1929,998 Le Loi,Hue,Physics
Quyen,Ho,quyen.ho3668,quyen.ho3668@student.sims.edu,,2003-09-09,555-8479,47 Hai Ba Trung,Hai Phong,Information Technology
Hoa,Ho,hoa.ho3669,hoa.ho3669@student.sims.edu,,2004-09-01,555-4095,941 Nguyen Hue,Hai Phong,Information Technology
Ha,Do,ha.do3670,ha.do3670@student.sims.edu,,2003-06-28,555-6343,732 Hai Ba Trung,Ha Noi,Information Technology
Tam,Do,tam.do3671,tam.do3671@student.sims.edu,,2001-10-10,555-1709,375 Nguyen Hue,Hue,Physics
Ngoc,Do,ngoc.do3672,ngoc.do3672@student.sims.edu,,2004-01-19,555-1242,918 Le Loi,Da Nang,Business
Quyen,Ho,quyen.ho3673,quyen.ho3673@student.sims.edu,,2002-07-18,555-9091,807 Hai Ba Trung,Can Tho,Computer Science
Ngoc,Le,ngoc.le3674,ngoc.le3674@student.sims.edu,,2004-01-21,555-2307,447 Hai Ba Trung,Da Nang,Information Technology
Duc,Huynh,duc.huynh3675,duc.huynh3675@student.sims.edu,,2003-07-11,555-3386,551 Tran Phu,Ho Chi Minh,Physics
Linh,Dang,linh.dang3676,linh.dang3676@student.sims.edu,,2005-07-11,555-8129,820 Hai Ba Trung,Nha Trang,Physics
Vy,Tran,vy.tran3677,vy.tran3677@student.sims.edu,,2003-11-13,555-7961,474 Le Loi,Da Nang,Information Technology
Giang,Nguyen,giang.nguyen3678,giang.nguyen3678@student.sims.edu,,2004-11-27,555-6361,521 Hai Ba Trung,Da Nang,Mathematics
Giang,Bui,giang.bui3679,giang.bui3679@student.sims.edu,,2005-03-03,555-8781,412 Nguyen Hue,Hai Phong,Business
Yen,Vu,yen.vu3680,yen.vu3680@student.sims.edu,,2002-12-02,555-3422,349 Nguyen Hue,Nha Trang,Physics
Hung,Vo,hung.vo3681,hung.vo3681@student.sims.edu,,2005-02-28,555-5235,966 Nguyen Hue,Ha Noi,Information Technology
Mai,Do,mai.do3682,mai.do3682@student.sims.edu,,2003-10-12,555-5303,590 Nguyen Hue,Hue,Information Technology
Hung,Ho,hung.ho3683,hung.ho3683@student.sims.edu,,2003-11-06,555-5152,452 Hai Ba Trung,Hai Phong,Physics
Mai,Vu,mai.vu3684,mai.vu3684@student.sims.edu,,2001-03-23,555-6616,17 Tran Phu,Hai Phong,Mathematics
An,Nguyen,an.nguyen3685,an.nguyen3685@student.sims.edu,,2002-12-24,555-7820,486 Le Loi,Hue,Information Technology
Quyen,Tran,quyen.tran3686,quyen.tran3686@student.sims.edu,,2005-07-21,555-2045,480 Hai Ba Trung,Nha Trang,Business
Minh,Tran,minh.tran3687,minh.tran3687@student.sims.edu,,2005-02-19,555-4673,428 Nguyen Hue,Hai Phong,Business
Hung,Hoang,hung.hoang3688,hung.hoang3688@student.sims.edu,,2004-10-10,555-1984,896 Tran Phu,Hue,Information Technology
Binh,Le,binh.le3689,binh.le3689@student.sims.edu,,2001-02-03,555-3328,354 Le Loi,Ha Noi,Electronics
Thao,Nguyen,thao.nguyen3690,thao.nguyen3690@student.sims.edu,,2003-12-03,555-3890,629 Nguyen Hue,Ha Noi,Computer Science
Giang,Duong,giang.duong3691,giang.duong3691@student.sims.edu,,2004-10-11,555-3281,283 Tran Phu,Hai Phong,Electronics
Dung,Vu,dung.vu3692,dung.vu3692@student.sims.edu,,2003-02-02,555-6138,436 Nguyen Hue,Ho Chi Minh,Physics
Ha,Do,ha.do3693,ha.do3693@student.sims.edu,,2002-05-11,555-8659,195 Hai Ba Trung,Hai Phong,Information Technology
Chi,Hoang,chi.hoang3694,chi.hoang3694@student.sims.edu,,2003-09-15,555-5871,681 Nguyen Hue,Can Tho,Electronics
Bao,Do,bao.do3695,bao.do3695@student.sims.edu,,2002-03-27,555-5515,707 Hai Ba Trung,Can Tho,Mathematics
Dung,Tran,dung.tran3696,dung.tran3696@student.sims.edu,,2001-11-21,555-3184,582 Le Loi,Nha Trang,Information Technology
Duc,Do,duc.do3697,duc.do3697@student.sims.edu,,2002-02-16,555-8465,650 Le Loi,Can Tho,Computer Science
Linh,Duong,linh.duong3698,linh.duong3698@student.sims.edu,,2001-01-25,555-1285,504 Hai Ba Trung,Ho Chi Minh,Information Technology
Yen,Ngo,yen.ngo3699,yen.ngo3699@student.sims.edu,,2003-04-26,555-9163,868 Tran Phu,Ho Chi Minh,Computer Science
Linh,Vu,linh.vu3700,linh.vu3700@student.sims.edu,,2005-01-07,555-4405,184 Tran Phu,Nha Trang,Business
Nam,Ly,nam.ly3701,nam.ly3701@student.sims.edu,,2004-07-14,555-5634,866 Nguyen Hue,Ha Noi,Electronics
Vy,Ngo,vy.ngo3702,vy.ngo3702@student.sims.edu,,2005-08-12,555-2714,762 Le Loi,Can Tho,Computer Science
Son,Ly,son.ly3703,son.ly3703@student.sims.edu,,2005-02-24,555-9663,65 Tran Phu,Hai Phong,Information Technology
Hung,Pham,hung.pham3704,hung.pham3704@student.sims.edu,,2002-04-15,555-3033,104 Hai Ba Trung,Can Tho,Physics
Yen,Duong,yen.duong3705,yen.duong3705@student.sims.edu,,2003-06-27,555-2651,194 Le Loi,Ho Chi Minh,Business
Phong,Ho,phong.ho3706,phong.ho3706@student.sims.edu,,2003-05-23,555-7433,325 Nguyen Hue,Ha Noi,Physics
Khanh,Vu,khanh.vu3707,khanh.vu3707@student.sims.edu,,2004-06-25,555-4503,706 Le Loi,Hai Phong,Physics
Giang,Ho,giang.ho3708,giang.ho3708@student.sims.edu,,2004-06-17,555-9807,924 Nguyen Hue,Nha Trang,Computer Science
Lan,Le,lan.le3709,lan.le3709@student.sims.edu,,2005-12-27,555-1235,229 Nguyen Hue,Hai Phong,Business
Bao,Dang,bao.dang3710,bao.dang3710@student.sims.edu,,2005-12-07,555-2291,168 Hai Ba Trung,Ha Noi,Mathematics
Ngoc,Ho,ngoc.ho3711,ngoc.ho3711@student.sims.edu,,2003-11-05,555-4638,477 Nguyen Hue,Hai Phong,Mathematics
Minh,Bui,minh.bui3712,minh.bui3712@student.sims.edu,,2002-11-14,555-4437,686 Tran Phu,Da Nang,Mathematics
Mai,Ho,mai.ho3713,mai.ho3713@student.sims.edu,,2001-04-08,555-3222,643 Le Loi,Ho Chi Minh,Mathematics
Lan,Hoang,lan.hoang3714,lan.hoang3714@student.sims.edu,,2002-11-02,555-6488,328 Le Loi,Da Nang,Physics
Linh,Do,linh.do3715,linh.do3715@student.sims.edu,,2001-08-13,555-3008,916 Le Loi,Nha Trang,Information Technology
Hung,Hoang,hung.hoang3716,hung.hoang3716@student.sims.edu,,2005-04-04,555-9751,918 Nguyen Hue,Hue,Information Technology
Yen,Bui,yen.bui3717,yen.bui3717@student.sims.edu,,2002-10-04,555-2747,481 Nguyen Hue,Ho Chi Minh,Mathematics
Hoa,Hoang,hoa.hoang3718,hoa.hoang3718@student.sims.edu,,2005-09-12,555-5742,295 Le Loi,Ha Noi,Electronics
Chi,Hoang,chi.hoang3719,chi.hoang3719@student.sims.edu,,2005-07-09,555-4633,807 Tran Phu,Can Tho,Mathematics
Dung,Ly,dung.ly3720,dung.ly3720@student.sims.edu,,2001-02-03,555-7032,199 Le Loi,Da Nang,Business
Vy,Vu,vy.vu3721,vy.vu3721@student.sims.edu,,2004-07-10,555-7076,363 Nguyen Hue,Can Tho,Physics
Yen,Duong,yen.duong3722,yen.duong3722@student.sims.edu,,2003-02-25,555-3640,177 Tran Phu,Can Tho,Physics
Dung,Vo,dung.vo3723,dung.vo3723@student.sims.edu,,2002-07-03,555-4483,393 Le Loi,Hai Phong,Business
Ha,Ngo,ha.ngo3724,ha.ngo3724@student.sims.edu,,2004-05-24,555-2384,192 Hai Ba Trung,Can Tho,Mathematics
Dung,Nguyen,dung.nguyen3725,dung.nguyen3725@student.sims.edu,,2005-04-28,555-7524,886 Hai Ba Trung,Nha Trang,Information Technology
Khanh,Vo,khanh.vo3726,khanh.vo3726@student.sims.edu,,2001-11-23,555-3230,208 Le Loi,Hai Phong,Information Technology
Linh,Duong,linh.duong3727,linh.duong3727@student.sims.edu,,2004-01-27,555-3145,757 Tran Phu,Can Tho,Electronics
Ngoc,Hoang,ngoc.hoang3728,ngoc.hoang3728@student.sims.edu,,2001-12-22,555-5049,251 Le Loi,Ho Chi Minh,Business
Dung,Le,dung.le3729,dung.le3729@student.sims.edu,,2005-01-08,555-4917,957 Tran Phu,Ha Noi,Business
Mai,Huynh,mai.huynh3730,mai.huynh3730@student.sims.edu,,2001-12-06,555-8144,612 Hai Ba Trung,Ho Chi Minh,Information Technology
Nga,Ngo,nga.ngo3731,nga.ngo3731@student.sims.edu,,2001-09-20,555-7668,372 Tran Phu,Hue,Business
Binh,Vo,binh.vo3732,binh.vo3732@student.sims.edu,,2002-04-16,555-4852,302 Le Loi,Nha Trang,Physics
Bao,Le,bao.le3733,bao.le3733@student.sims.edu,,2002-12-04,555-8512,283 Tran Phu,Can Tho,Mathematics
Tam,Vu,tam.vu3734,tam.vu3734@student.sims.edu,,2005-05-13,555-9359,340 Tran Phu,Ho Chi Minh,Physics
Khanh,Dang,khanh.dang3735,khanh.dang3735@student.sims.edu,,2005-07-12,555-1093,386 Hai Ba Trung,Hai Phong,Computer Science
Khanh,Huynh,khanh.huynh3736,khanh.huynh3736@student.sims.edu,,2003-09-14,555-7143,189 Le Loi,Hue,Computer Science
An,Tran,an.tran3737,an.tran3737@student.sims.edu,,2002-09-18,555-8841,621 Hai Ba Trung,Nha Trang,Computer Science
Linh,Hoang,linh.hoang3738,linh.hoang3738@student.sims.edu,,2002-09-14,555-7880,323 Tran Phu,Hai Phong,Information Technology
Thao,Vu,thao.vu3739,thao.vu3739@student.sims.edu,,2003-03-01,555-8476,805 Hai Ba Trung,Da Nang,Computer Science
An,Huynh,an.huynh3740,an.huynh3740@student.sims.edu,,2005-09-03,555-8688,789 Hai Ba Trung,Ha Noi,Information Technology
Yen,Le,yen.le3741,yen.le3741@student.sims.edu,,2004-07-10,555-7592,896 Tran Phu,Hue,Information Technology
Mai,Ho,mai.ho3742,mai.ho3742@student.sims.edu,,2005-09-12,555-9986,836 Nguyen Hue,Hai Phong,Business
Quang,Ho,quang.ho3743,quang.ho3743@student.sims.edu,,2002-05-27,555-6972,120 Le Loi,Can Tho,Mathematics
Vy,Ho,vy.ho3744,vy.ho3744@student.sims.edu,,2001-09-10,555-3738,510 Hai Ba Trung,Ho Chi Minh,Information Technology
Ngoc,Nguyen,ngoc.nguyen3745,ngoc.nguyen3745@student.sims.edu,,2003-02-06,555-2953,39 Le Loi,Hai Phong,Mathematics
Duc,Tran,duc.tran3746,duc.tran3746@student.sims.edu,,2004-01-08,555-4022,68 Hai Ba Trung,Hue,Business
Thu,Le,thu.le3747,thu.le3747@student.sims.edu,,2001-02-16,555-4149,274 Le Loi,Ho Chi Minh,Computer Science
Tuan,Vo,tuan.vo3748,tuan.vo3748@student.sims.edu,,2002-08-17,555-1690,661 Nguyen Hue,Ho Chi Minh,Physics
Nga,Tran,nga.tran3749,nga.tran3749@student.sims.edu,,2005-07-17,555-2496,972 Le Loi,Hai Phong,Mathematics
Hai,Ly,hai.ly3750,hai.ly3750@student.sims.edu,,2004-03-25,555-5269,687 Tran Phu,Hue,Mathematics
Hoa,Ngo,hoa.ngo3751,hoa.ngo3751@student.sims.edu,,2005-08-15,555-1713,438 Nguyen Hue,Hue,Business
Binh,Dang,binh.dang3752,binh.dang3752@student.sims.edu,,2005-06-04,555-5043,26 Tran Phu,Ha Noi,Information Technology
Ngoc,Duong,ngoc.duong3753,ngoc.duong3753@student.sims.edu,,2005-10-11,555-3225,265 Hai Ba Trung,Can Tho,Computer Science
Tuan,Hoang,tuan.hoang3754,tuan.hoang3754@student.sims.edu,,2004-04-28,555-5524,268 Tran Phu,Hai Phong,Electronics
An,Pham,an.pham3755,an.pham3755@student.sims.edu,,2003-07-26,555-8750,354 Tran Phu,Ho Chi Minh,Computer Science
Yen,Do,yen.do3756,yen.do3756@student.sims.edu,,2004-08-01,555-1927,265 Nguyen Hue,Ha Noi,Physics
Hai,Le,hai.le3757,hai.le3757@student.sims.edu,,2003-07-11,555-4883,61 Nguyen Hue,Nha Trang,Computer Science
Thu,Tran,thu.tran3758,thu.tran3758@student.sims.edu,,2004-08-27,555-3381,948 Hai Ba Trung,Da Nang,Computer Science
Minh,Huynh,minh.huynh3759,minh.huynh3759@student.sims.edu,,2005-02-06,555-3372,866 Tran Phu,Nha Trang,Business
Lan,Ly,lan.ly3760,lan.ly3760@student.sims.edu,,2002-12-23,555-7998,660 Tran Phu,Hue,Physics
Chi,Ly,chi.ly3761,chi.ly3761@student.sims.edu,,2003-11-13,555-3718,270 Le Loi,Ho Chi Minh,Business
Duc,Duong,duc.duong3762,duc.duong3762@student.sims.edu,,2004-08-24,555-6596,46 Hai Ba Trung,Hai Phong,Electronics
Binh,Do,binh.do3763,binh.do3763@student.sims.edu,,2001-11-09,555-9704,166 Nguyen Hue,Nha Trang,Business
Ngoc,Vu,ngoc.vu3764,ngoc.vu3764@student.sims.edu,,2001-06-16,555-1379,476 Nguyen Hue,Ho Chi Minh,Physics
Chi,Le,chi.le3765,chi.le3765@student.sims.edu,,2001-11-15,555-4855,786 Le Loi,Ho Chi Minh,Business
Duc,Tran,duc.tran3766,duc.tran3766@student.sims.edu,,2003-02-14,555-9752,555 Nguyen Hue,Hue,Physics
Hoa,Hoang,hoa.hoang3767,hoa.hoang3767@student.sims.edu,,2005-06-24,555-8256,499 Le Loi,Hai Phong,Business
Thu,Huynh,thu.huynh3768,thu.huynh3768@student.sims.edu,,2003-11-09,555-2066,16 Tran Phu,Ho Chi Minh,Mathematics
Yen,Vo,yen.vo3769,yen.vo3769@student.sims.edu,,2003-11-19,555-1108,512 Hai Ba Trung,Can Tho,Mathematics
Lan,Le,lan.le3770,lan.le3770@student.sims.edu,,2005-03-16,555-6930,956 Le Loi,Da Nang,Computer Science
Ngoc,Tran,ngoc.tran3771,ngoc.tran3771@student.sims.edu,,2002-12-28,555-7055,734 Tran Phu,Da Nang,Electronics
Minh,Bui,minh.bui3772,minh.bui3772@student.sims.edu,,2005-11-03,555-7804,966 Nguyen Hue,Ha Noi,Electronics
Khanh,Pham,khanh.pham3773,khanh.pham3773@student.sims.edu,,2001-07-17,555-9079,335 Nguyen Hue,Hai Phong,Business
Vy,Vu,vy.vu3774,vy.vu3774@student.sims.edu,,2003-10-13,555-2338,441 Nguyen Hue,Hai Phong,Electronics
Linh,Le,linh.le3775,linh.le3775@student.sims.edu,,2004-07-05,555-2775,625 Nguyen Hue,Hue,Computer Science
Duc,Vo,duc.vo3776,duc.vo3776@student.sims.edu,,2005-07-05,555-9967,677 Nguyen Hue,Can Tho,Electronics
Giang,Vo,giang.vo3777,giang.vo3777@student.sims.edu,,2001-06-14,555-9337,156 Nguyen Hue,Hai Phong,Physics
Phong,Hoang,phong.hoang3778,phong.hoang3778@student.sims.edu,,2001-11-01,555-1630,358 Le Loi,Nha Trang,Computer Science
Khanh,Ho,khanh.ho3779,khanh.ho3779@student.sims.edu,,2003-05-10,555-9392,544 Le Loi,Nha Trang,Computer Science
Hung,Bui,hung.bui3780,hung.bui3780@student.sims.edu,,2001-12-17,555-4807,360 Nguyen Hue,Ho Chi Minh,Business
Thao,Hoang,thao.hoang3781,thao.hoang3781@student.sims.edu,,2003-12-11,555-2121,132 Nguyen Hue,Ha Noi,Computer Science
Khanh,Pham,khanh.pham3782,khanh.pham3782@student.sims.edu,,2003-01-17,555-2668,466 Nguyen Hue,Ho Chi Minh,Information Technology
Bao,Nguyen,bao.nguyen3783,bao.nguyen3783@student.sims.edu,,2002-06-11,555-6768,207 Nguyen Hue,Ha Noi,Business
Tuan,Nguyen,tuan.nguyen3784,tuan.nguyen3784@student.sims.edu,,2005-03-16,555-3968,21 Le Loi,Nha Trang,Physics
Tam,Huynh,tam.huynh3785,tam.huynh3785@student.sims.edu,,2005-12-12,555-5035,44 Tran Phu,Can Tho,Business
Quyen,Ngo,quyen.ngo3786,quyen.ngo3786@student.sims.edu,,2005-10-14,555-1708,122 Tran Phu,Ha Noi,Mathematics
Bao,Do,bao.do3787,bao.do3787@student.sims.edu,,2002-06-28,555-4413,119 Le Loi,Ha Noi,Computer Science
Quang,Vo,quang.vo3788,quang.vo3788@student.sims.edu,,2003-10-19,555-6980,364 Le Loi,Nha Trang,Business
Quyen,Ly,quyen.ly3789,quyen.ly3789@student.sims.edu,,2003-09-17,555-7798,165 Nguyen Hue,Ha Noi,Electronics
Tam,Ly,tam.ly3790,tam.ly3790@student.sims.edu,,2003-10-26,555-6074,341 Nguyen Hue,Da Nang,Business
Thu,Vo,thu.vo3791,thu.vo3791@student.sims.edu,,2002-02-17,555-8904,713 Le Loi,Da Nang,Electronics
Lan,Huynh,lan.huynh3792,lan.huynh3792@student.sims.edu,,2003-10-01,555-4068,408 Hai Ba Trung,Nha Trang,Information Technology
An,Le,an.le3793,an.le3793@student.sims.edu,,2003-07-26,555-4908,789 Le Loi,Ho Chi Minh,Information Technology
Ha,Tran,ha.tran3794,ha.tran3794@student.sims.edu,,2002-08-27,555-3110,339 Hai Ba Trung,Da Nang,Information Technology
Linh,Do,linh.do3795,linh.do3795@student.sims.edu,,2001-08-19,555-7246,850 Tran Phu,Hue,Computer Science
Vy,Hoang,vy.hoang3796,vy.hoang3796@student.sims.edu,,2004-04-05,555-1380,228 Nguyen Hue,Hai Phong,Physics
Binh,Duong,binh.duong3797,binh.duong3797@student.sims.edu,,2002-09-10,555-7879,872 Le Loi,Nha Trang,Electronics
Tam,Hoang,tam.hoang3798,tam.hoang3798@student.sims.edu,,2005-08-07,555-2753,381 Hai Ba Trung,Nha Trang,Electronics
Quang,Ngo,quang.ngo3799,quang.ngo3799@student.sims.edu,,2003-02-06,555-5775,249 Tran Phu,Ho Chi Minh,Physics
Vy,Ho,vy.ho3800,vy.ho3800@student.sims.edu,,2003-08-11,555-1088,376 Tran Phu,Nha Trang,Information Technology
An,Le,an.le3801,an.le3801@student.sims.edu,,2003-05-17,555-9095,780 Le Loi,Hue,Mathematics
Khanh,Le,khanh.le3802,khanh.le3802@student.sims.edu,,2001-08-18,555-8718,8 Tran Phu,Hai Phong,Business
Lan,Nguyen,lan.nguyen3803,lan.nguyen3803@student.sims.edu,,2002-01-03,555-1850,67 Hai Ba Trung,Hue,Mathematics
Thu,Huynh,thu.huynh3804,thu.huynh3804@student.sims.edu,,2001-08-22,555-8057,672 Tran Phu,Hue,Computer Science
Phong,Hoang,phong.hoang3805,phong.hoang3805@student.sims.edu,,2002-08-22,555-1575,994 Le Loi,Hai Phong,Computer Science
Phong,Ho,phong.ho3806,phong.ho3806@student.sims.edu,,2005-01-08,555-2180,436 Nguyen Hue,Hai Phong,Electronics
Ngoc,Duong,ngoc.duong3807,ngoc.duong3807@student.sims.edu,,2001-02-27,555-5372,437 Tran Phu,Can Tho,Information Technology
Khanh,Bui,khanh.bui3808,khanh.bui3808@student.sims.edu,,2002-09-20,555-6631,76 Nguyen Hue,Da Nang,Mathematics
Ngoc,Vu,ngoc.vu3809,ngoc.vu3809@student.sims.edu,,2005-07-16,555-1243,424 Nguyen Hue,Hai Phong,Computer Science
Lan,Vu,lan.vu3810,lan.vu3810@student.sims.edu,,2005-06-28,555-8027,907 Tran Phu,Ho Chi Minh,Physics
Lan,Ly,lan.ly3811,lan.ly3811@student.sims.edu,,2002-03-24,555-4543,752 Le Loi,Nha Trang,Electronics
Quyen,Dang,quyen.dang3812,quyen.dang3812@student.sims.edu,,2002-03-19,555-7639,638 Tran Phu,Ha Noi,Physics
Lan,Bui,lan.bui3813,lan.bui3813@student.sims.edu,,2003-10-19,555-8788,959 Tran Phu,Nha Trang,Information Technology
Binh,Vo,binh.vo3814,binh.vo3814@student.sims.edu,,2005-04-14,555-9454,729 Hai Ba Trung,Hai Phong,Electronics
Vy,Huynh,vy.huynh3815,vy.huynh3815@student.sims.edu,,2004-01-04,555-2687,259 Hai Ba Trung,Ha Noi,Mathematics
Hung,Ngo,hung.ngo3816,hung.ngo3816@student.sims.edu,,2005-12-19,555-2809,501 Hai Ba Trung,Nha Trang,Information Technology
Vy,Vo,vy.vo3817,vy.vo3817@student.sims.edu,,2004-07-04,555-4407,604 Nguyen Hue,Hai Phong,Computer Science
Nam,Bui,nam.bui3818,nam.bui3818@student.sims.edu,,2004-11-02,555-7289,558 Le Loi,Ho Chi Minh,Physics
Binh,Bui,binh.bui3819,binh.bui3819@student.sims.edu,,2005-03-07,555-4888,772 Le Loi,Hai Phong,Business
Khanh,Hoang,khanh.hoang3820,khanh.hoang3820@student.sims.edu,,2001-05-23,555-9774,240 Le Loi,Hue,Electronics
Hung,Do,hung.do3821,hung.do3821@student.sims.edu,,2002-01-14,555-5094,570 Le Loi,Ho Chi Minh,Computer Science
Nam,Ngo,nam.ngo3822,nam.ngo3822@student.sims.edu,,2004-03-08,555-4797,550 Nguyen Hue,Hue,Mathematics
Minh,Huynh,minh.huynh3823,minh.huynh3823@student.sims.edu,,2005-12-11,555-5706,862 Le Loi,Hue,Physics
Bao,Nguyen,bao.nguyen3824,bao.nguyen3824@student.sims.edu,,2001-08-24,555-8271,629 Hai Ba Trung,Hai Phong,Information Technology
Hai,Dang,hai.dang3825,hai.dang3825@student.sims.edu,,2004-11-09,555-6424,252 Le Loi,Nha Trang,Computer Science
Minh,Ngo,minh.ngo3826,minh.ngo3826@student.sims.edu,,2003-02-07,555-4716,415 Hai Ba Trung,Da Nang,Information Technology
Hoa,Vo,hoa.vo3827,hoa.vo3827@student.sims.edu,,2005-04-04,555-3099,838 Le Loi,Nha Trang,Mathematics
Khanh,Vo,khanh.vo3828,khanh.vo3828@student.sims.edu,,2003-09-06,555-9985,146 Hai Ba Trung,Ha Noi,Electronics
Tam,Vu,tam.vu3829,tam.vu3829@student.sims.edu,,2005-04-24,555-8943,747 Le Loi,Can Tho,Electronics
Mai,Do,mai.do3830,mai.do3830@student.sims.edu,,2005-01-26,555-4059,55 Le Loi,Hue,Business
Quyen,Ngo,quyen.ngo3831,quyen.ngo3831@student.sims.edu,,2003-12-23,555-8906,901 Hai Ba Trung,Ha Noi,Physics
Bao,Vu,bao.vu3832,bao.vu3832@student.sims.edu,,2004-07-24,555-7560,903 Le Loi,Da Nang,Mathematics
Khanh,Vo,khanh.vo3833,khanh.vo3833@student.sims.edu,,2003-10-08,555-8247,193 Hai Ba Trung,Nha Trang,Mathematics
Trang,Bui,trang.bui3834,trang.bui3834@student.sims.edu,,2001-12-08,555-5641,271 Nguyen Hue,Hue,Physics
Minh,Nguyen,minh.nguyen3835,minh.nguyen3835@student.sims.edu,,2004-10-17,555-8718,570 Le Loi,Hue,Information Technology
Hung,Ho,hung.ho3836,hung.ho3836@student.sims.edu,,2005-05-06,555-9744,32 Le Loi,Ha Noi,Business
Tuan,Huynh,tuan.huynh3837,tuan.huynh3837@student.sims.edu,,2001-06-05,555-9105,264 Le Loi,Hue,Physics
Hoa,Dang,hoa.dang3838,hoa.dang3838@student.sims.edu,,2004-05-04,555-9526,679 Tran Phu,Da Nang,Information Technology
Linh,Huynh,linh.huynh3839,linh.huynh3839@student.sims.edu,,2002-05-07,555-8329,227 Nguyen Hue,Nha Trang,Business
Duc,Tran,duc.tran3840,duc.tran3840@student.sims.edu,,2002-06-03,555-2096,568 Nguyen Hue,Ha Noi,Computer Science
Tam,Ho,tam.ho3841,tam.ho3841@student.sims.edu,,2004-03-21,555-8726,626 Tran Phu,Ha Noi,Computer Science
Linh,Ly,linh.ly3842,linh.ly3842@student.sims.edu,,2001-10-15,555-1155,380 Tran Phu,Hue,Information Technology
Ha,Ho,ha.ho3843,ha.ho3843@student.sims.edu,,2005-10-15,555-9935,97 Nguyen Hue,Can Tho,Electronics
Ha,Ngo,ha.ngo3844,ha.ngo3844@student.sims.edu,,2001-06-24,555-6780,968 Le Loi,Ho Chi Minh,Information Technology
Yen,Do,yen.do3845,yen.do3845@student.sims.edu,,2002-03-02,555-7470,803 Hai Ba Trung,Can Tho,Information Technology
Lan,Tran,lan.tran3846,lan.tran3846@student.sims.edu,,2001-06-04,555-2554,328 Nguyen Hue,Hue,Physics
Chi,Bui,chi.bui3847,chi.bui3847@student.sims.edu,,2002-06-02,555-9822,864 Tran Phu,Ha Noi,Mathematics
Ha,Ly,ha.ly3848,ha.ly3848@student.sims.edu,,2001-03-16,555-5662,135 Tran Phu,Hai Phong,Electronics
Lan,Le,lan.le3849,lan.le3849@student.sims.edu,,2001-12-04,555-3943,126 Nguyen Hue,Can Tho,Electronics
Tam,Vo,tam.vo3850,tam.vo3850@student.sims.edu,,2001-05-16,555-2132,759 Hai Ba Trung,Can Tho,Computer Science
Hoa,Nguyen,hoa.nguyen3851,hoa.nguyen3851@student.sims.edu,,2002-04-27,555-3758,225 Nguyen Hue,Nha Trang,Information Technology
Ha,Do,ha.do3852,ha.do3852@student.sims.edu,,2002-11-03,555-4944,641 Nguyen Hue,Ha Noi,Business
Bao,Hoang,bao.hoang3853,bao.hoang3853@student.sims.edu,,2004-06-08,555-1773,247 Nguyen Hue,Ha Noi,Electronics
Ha,Tran,ha.tran3854,ha.tran3854@student.sims.edu,,2002-06-18,555-8287,373 Nguyen Hue,Ho Chi Minh,Business
Giang,Pham,giang.pham3855,giang.pham3855@student.sims.edu,,2001-10-17,555-6480,276 Tran Phu,Hue,Information Technology
Tuan,Le,tuan.le3856,tuan.le3856@student.sims.edu,,2005-02-03,555-5802,152 Tran Phu,Can Tho,Physics
Quang,Do,quang.do3857,quang.do3857@student.sims.edu,,2002-05-09,555-4239,133 Tran Phu,Nha Trang,Computer Science
Quang,Tran,quang.tran3858,quang.tran3858@student.sims.edu,,2002-05-15,555-3363,723 Nguyen Hue,Hai Phong,Information Technology
Thu,Duong,thu.duong3859,thu.duong3859@student.sims.edu,,2002-09-02,555-7148,998 Tran Phu,Ho Chi Minh,Electronics
An,Vo,an.vo3860,an.vo3860@student.sims.edu,,2005-03-15,555-5741,749 Hai Ba Trung,Hue,Information Technology
Khanh,Huynh,khanh.huynh3861,khanh.huynh3861@student.sims.edu,,2001-06-07,555-7415,83 Le Loi,Da Nang,Information Technology
Phong,Le,phong.le3862,phong.le3862@student.sims.edu,,2002-01-25,555-4681,774 Nguyen Hue,Hue,Electronics
Mai,Tran,mai.tran3863,mai.tran3863@student.sims.edu,,2004-01-04,555-4536,630 Tran Phu,Ho Chi Minh,Physics
Ngoc,Ly,ngoc.ly3864,ngoc.ly3864@student.sims.edu,,2005-10-21,555-5850,70 Le Loi,Hai Phong,Business
Thu,Le,thu.le3865,thu.le3865@student.sims.edu,,2001-06-25,555-3680,32 Tran Phu,Ho Chi Minh,Mathematics
An,Bui,an.bui3866,an.bui3866@student.sims.edu,,2001-07-26,555-5968,486 Tran Phu,Hai Phong,Mathematics
Ha,Do,ha.do3867,ha.do3867@student.sims.edu,,2004-07-15,555-4677,232 Nguyen Hue,Ho Chi Minh,Mathematics
Ha,Pham,ha.pham3868,ha.pham3868@student.sims.edu,,2003-12-20,555-9026,138 Hai Ba Trung,Ho Chi Minh,Business
Binh,Ngo,binh.ngo3869,binh.ngo3869@student.sims.edu,,2002-05-24,555-5305,369 Nguyen Hue,Ho Chi Minh,Information Technology
Tuan,Ho,tuan.ho3870,tuan.ho3870@student.sims.edu,,2005-07-03,555-9731,307 Le Loi,Can Tho,Information Technology
Trang,Ho,trang.ho3871,trang.ho3871@student.sims.edu,,2004-06-03,555-5494,933 Hai Ba Trung,Hai Phong,Computer Science
Hoa,Dang,hoa.dang3872,hoa.dang3872@student.sims.edu,,2002-10-08,555-9818,765 Nguyen Hue,Ho Chi Minh,Mathematics
Giang,Do,giang.do3873,giang.do3873@student.sims.edu,,2004-04-17,555-7868,947 Nguyen Hue,Hue,Physics
Linh,Nguyen,linh.nguyen3874,linh.nguyen3874@student.sims.edu,,2001-07-14,555-1877,14 Nguyen Hue,Hai Phong,Information Technology
Phong,Tran,phong.tran3875,phong.tran3875@student.sims.edu,,2005-04-24,555-1451,377 Tran Phu,Ha Noi,Information Technology
Trang,Do,trang.do3876,trang.do3876@student.sims.edu,,2001-06-16,555-6719,975 Nguyen Hue,Ha Noi,Computer Science
Lan,Le,lan.le3877,lan.le3877@student.sims.edu,,2003-03-16,555-4164,955 Tran Phu,Can Tho,Business
Hoa,Pham,hoa.pham3878,hoa.pham3878@student.sims.edu,,2004-06-15,555-4790,232 Tran Phu,Hue,Physics
Son,Tran,son.tran3879,son.tran3879@student.sims.edu,,2004-08-19,555-4992,143 Tran Phu,Hue,Information Technology
Binh,Hoang,binh.hoang3880,binh.hoang3880@student.sims.edu,,2002-11-03,555-6744,929 Hai Ba Trung,Ha Noi,Information Technology
Son,Ngo,son.ngo3881,son.ngo3881@student.sims.edu,,2001-02-17,555-6443,750 Nguyen Hue,Ho Chi Minh,Electronics
Ha,Le,ha.le3882,ha.le3882@student.sims.edu,,2003-12-06,555-1762,996 Nguyen Hue,Nha Trang,Business
Dung,Ho,dung.ho3883,dung.ho3883@student.sims.edu,,2001-10-03,555-1666,54 Le Loi,Nha Trang,Information Technology
Linh,Tran,linh.tran3884,linh.tran3884@student.sims.edu,,2002-06-13,555-3413,312 Nguyen Hue,Ha Noi,Computer Science
Hoa,Ly,hoa.ly3885,hoa.ly3885@student.sims.edu,,2005-09-05,555-9950,351 Hai Ba Trung,Nha Trang,Business
Tuan,Vo,tuan.vo3886,tuan.vo3886@student.sims.edu,,2004-09-15,555-4810,61 Tran Phu,Ha Noi,Information Technology
Quang,Hoang,quang.hoang3887,quang.hoang3887@student.sims.edu,,2004-08-22,555-6386,753 Nguyen Hue,Da Nang,Business
Son,Ho,son.ho3888,son.ho3888@student.sims.edu,,2002-04-20,555-6991,653 Le Loi,Ha Noi,Physics
An,Le,an.le3889,an.le3889@student.sims.edu,,2005-11-19,555-1645,927 Tran Phu,Ho Chi Minh,Business
Vy,Hoang,vy.hoang3890,vy.hoang3890@student.sims.edu,,2004-08-27,555-2455,683 Tran Phu,Ha Noi,Electronics
Quang,Vu,quang.vu3891,quang.vu3891@student.sims.edu,,2005-12-08,555-4194,677 Le Loi,Can Tho,Business
Phong,Bui,phong.bui3892,phong.bui3892@student.sims.edu,,2005-06-28,555-8832,961 Hai Ba Trung,Nha Trang,Physics
Minh,Ngo,minh.ngo3893,minh.ngo3893@student.sims.edu,,2004-05-17,555-1730,589 Le Loi,Hue,Business
Duc,Nguyen,duc.nguyen3894,duc.nguyen3894@student.sims.edu,,2002-03-18,555-2143,528 Le Loi,Ha Noi,Computer Science
Mai,Tran,mai.tran3895,mai.tran3895@student.sims.edu,,2002-01-17,555-7520,26 Tran Phu,Nha Trang,Electronics
Yen,Le,yen.le3896,yen.le3896@student.sims.edu,,2003-03-02,555-8293,710 Le Loi,Nha Trang,Mathematics
Linh,Nguyen,linh.nguyen3897,linh.nguyen3897@student.sims.edu,,2001-07-26,555-9225,688 Tran Phu,Ho Chi Minh,Computer Science
Ngoc,Duong,ngoc.duong3898,ngoc.duong3898@student.sims.edu,,2003-11-17,555-4677,196 Tran Phu,Da Nang,Information Technology
Bao,Bui,bao.bui3899,bao.bui3899@student.sims.edu,,2002-12-01,555-9300,76 Le Loi,Can Tho,Business
Phong,Dang,phong.dang3900,phong.dang3900@student.sims.edu,,2005-05-23,555-5383,358 Nguyen Hue,Da Nang,Electronics
Ngoc,Tran,ngoc.tran3901,ngoc.tran3901@student.sims.edu,,2002-09-08,555-6510,31 Tran Phu,Hai Phong,Physics
Quyen,Ho,quyen.ho3902,quyen.ho3902@student.sims.edu,,2003-01-05,555-7231,109 Tran Phu,Ho Chi Minh,Electronics
Giang,Dang,giang.dang3903,giang.dang3903@student.sims.edu,,2003-10-15,555-5947,326 Hai Ba Trung,Nha Trang,Electronics
Thao,Pham,thao.pham3904,thao.pham3904@student.sims.edu,,2001-08-20,555-6173,712 Tran Phu,Hai Phong,Physics
Duc,Duong,duc.duong3905,duc.duong3905@student.sims.edu,,2001-06-26,555-6062,474 Le Loi,Nha Trang,Computer Science
Vy,Ly,vy.ly3906,vy.ly3906@student.sims.edu,,2002-03-28,555-8757,285 Le Loi,Hue,Business
Dung,Vu,dung.vu3907,dung.vu3907@student.sims.edu,,2001-04-16,555-2993,395 Tran Phu,Ha Noi,Information Technology
Trang,Le,trang.le3908,trang.le3908@student.sims.edu,,2003-11-27,555-3114,483 Hai Ba Trung,Hai Phong,Electronics
Quang,Ly,quang.ly3909,quang.ly3909@student.sims.edu,,2004-01-15,555-2831,127 Tran Phu,Hai Phong,Physics
Phong,Le,phong.le3910,phong.le3910@student.sims.edu,,2005-01-18,555-1095,151 Le Loi,Hai Phong,Physics
Trang,Le,trang.le3911,trang.le3911@student.sims.edu,,2002-07-05,555-2131,729 Nguyen Hue,Hue,Business
Binh,Ngo,binh.ngo3912,binh.ngo3912@student.sims.edu,,2002-05-04,555-8153,691 Hai Ba Trung,Can Tho,Physics
Hung,Ho,hung.ho3913,hung.ho3913@student.sims.edu,,2003-12-10,555-6777,638 Tran Phu,Can Tho,Physics
Minh,Duong,minh.duong3914,minh.duong3914@student.sims.edu,,2004-07-06,555-2670,222 Nguyen Hue,Hai Phong,Computer Science
Nam,Ho,nam.ho3915,nam.ho3915@student.sims.edu,,2002-07-07,555-2552,11 Hai Ba Trung,Nha Trang,Electronics
Tuan,Huynh,tuan.huynh3916,tuan.huynh3916@student.sims.edu,,2001-04-01,555-7248,580 Nguyen Hue,Hai Phong,Computer Science
Dung,Tran,dung.tran3917,dung.tran3917@student.sims.edu,,2001-11-14,555-6263,265 Le Loi,Da Nang,Computer Science
Binh,Ngo,binh.ngo3918,binh.ngo3918@student.sims.edu,,2002-09-01,555-8816,136 Hai Ba Trung,Can Tho,Computer Science
Ngoc,Nguyen,ngoc.nguyen3919,ngoc.nguyen3919@student.sims.edu,,2003-11-22,555-6939,179 Le Loi,Hai Phong,Information Technology
Nga,Vu,nga.vu3920,nga.vu3920@student.sims.edu,,2002-06-28,555-8462,598 Le Loi,Ho Chi Minh,Information Technology
Tam,Huynh,tam.huynh3921,tam.huynh3921@student.sims.edu,,2003-12-09,555-9557,565 Le Loi,Nha Trang,Information Technology
Minh,Tran,minh.tran3922,minh.tran3922@student.sims.edu,,2001-08-25,555-5810,278 Le Loi,Ho Chi Minh,Computer Science
Hoa,Vo,hoa.vo3923,hoa.vo3923@student.sims.edu,,2003-05-14,555-4302,324 Hai Ba Trung,Ho Chi Minh,Physics
Mai,Bui,mai.bui3924,mai.bui3924@student.sims.edu,,2004-01-11,555-7226,29 Hai Ba Trung,Ho Chi Minh,Electronics
Quyen,Hoang,quyen.hoang3925,quyen.hoang3925@student.sims.edu,,2004-08-05,555-4121,454 Nguyen Hue,Can Tho,Business
Dung,Nguyen,dung.nguyen3926,dung.nguyen3926@student.sims.edu,,2003-04-16,555-6899,718 Tran Phu,Da Nang,Mathematics
Tam,Nguyen,tam.nguyen3927,tam.nguyen3927@student.sims.edu,,2005-04-15,555-7987,983 Hai Ba Trung,Nha Trang,Mathematics
Thao,Nguyen,thao.nguyen3928,thao.nguyen3928@student.sims.edu,,2004-12-02,555-5667,761 Nguyen Hue,Hue,Electronics
Nam,Tran,nam.tran3929,nam.tran3929@student.sims.edu,,2001-06-13,555-6671,655 Hai Ba Trung,Hue,Computer Science
Dung,Vu,dung.vu3930,dung.vu3930@student.sims.edu,,2003-12-23,555-8577,932 Tran Phu,Ha Noi,Electronics
Lan,Ly,lan.ly3931,lan.ly3931@student.sims.edu,,2002-10-03,555-4613,227 Le Loi,Nha Trang,Information Technology
Duc,Nguyen,duc.nguyen3932,duc.nguyen3932@student.sims.edu,,2001-08-05,555-2336,196 Le Loi,Can Tho,Business
Giang,Hoang,giang.hoang3933,giang.hoang3933@student.sims.edu,,2005-12-22,555-7853,152 Hai Ba Trung,Da Nang,Computer Science
Thu,Ho,thu.ho3934,thu.ho3934@student.sims.edu,,2004-01-13,555-1542,239 Le Loi,Hue,Electronics
Ngoc,Vu,ngoc.vu3935,ngoc.vu3935@student.sims.edu,,2004-09-08,555-5057,381 Hai Ba Trung,Da Nang,Mathematics
Phong,Tran,phong.tran3936,phong.tran3936@student.sims.edu,,2003-05-16,555-1285,902 Le Loi,Da Nang,Information Technology
Trang,Vo,trang.vo3937,trang.vo3937@student.sims.edu,,2004-03-02,555-6884,117 Tran Phu,Ha Noi,Mathematics
Lan,Do,lan.do3938,lan.do3938@student.sims.edu,,2004-02-07,555-9087,824 Hai Ba Trung,Nha Trang,Information Technology
Giang,Ly,giang.ly3939,giang.ly3939@student.sims.edu,,2003-08-26,555-6066,22 Le Loi,Hue,Business
Thu,Le,thu.le3940,thu.le3940@student.sims.edu,,2004-09-25,555-4682,519 Hai Ba Trung,Nha Trang,Computer Science
Linh,Le,linh.le3941,linh.le3941@student.sims.edu,,2005-09-03,555-5880,826 Nguyen Hue,Da Nang,Mathematics
Bao,Ho,bao.ho3942,bao.ho3942@student.sims.edu,,2005-10-09,555-1647,134 Le Loi,Hai Phong,Information Technology
Hai,Ho,hai.ho3943,hai.ho3943@student.sims.edu,,2004-05-19,555-1266,658 Le Loi,Da Nang,Physics
Duc,Ngo,duc.ngo3944,duc.ngo3944@student.sims.edu,,2005-11-17,555-9021,293 Hai Ba Trung,Hue,Computer Science
Giang,Vo,giang.vo3945,giang.vo3945@student.sims.edu,,2001-01-05,555-1596,368 Le Loi,Da Nang,Physics
Vy,Bui,vy.bui3946,vy.bui3946@student.sims.edu,,2003-12-03,555-6958,892 Le Loi,Can Tho,Physics
Tuan,Pham,tuan.pham3947,tuan.pham3947@student.sims.edu,,2005-01-24,555-9721,823 Hai Ba Trung,Nha Trang,Information Technology
Thu,Ngo,thu.ngo3948,thu.ngo3948@student.sims.edu,,2002-01-16,555-3942,869 Nguyen Hue,Ho Chi Minh,Information Technology
Chi,Ly,chi.ly3949,chi.ly3949@student.sims.edu,,2004-08-25,555-4498,732 Le Loi,Ha Noi,Physics
An,Vu,an.vu3950,an.vu3950@student.sims.edu,,2003-02-14,555-2988,762 Le Loi,Da Nang,Electronics
Quyen,Huynh,quyen.huynh3951,quyen.huynh3951@student.sims.edu,,2004-12-19,555-6829,982 Tran Phu,Da Nang,Information Technology
Dung,Vu,dung.vu3952,dung.vu3952@student.sims.edu,,2003-07-15,555-4598,288 Le Loi,Da Nang,Electronics
Hoa,Vo,hoa.vo3953,hoa.vo3953@student.sims.edu,,2001-05-10,555-6079,514 Nguyen Hue,Da Nang,Mathematics
Ha,Pham,ha.pham3954,ha.pham3954@student.sims.edu,,2004-12-01,555-6960,201 Hai Ba Trung,Ha Noi,Electronics
Trang,Hoang,trang.hoang3955,trang.hoang3955@student.sims.edu,,2003-05-15,555-5365,986 Tran Phu,Hai Phong,Information Technology
Khanh,Tran,khanh.tran3956,khanh.tran3956@student.sims.edu,,2002-06-19,555-7257,706 Hai Ba Trung,Can Tho,Mathematics
Phong,Vu,phong.vu3957,phong.vu3957@student.sims.edu,,2003-05-25,555-6793,695 Hai Ba Trung,Can Tho,Electronics
Bao,Ngo,bao.ngo3958,bao.ngo3958@student.sims.edu,,2001-11-10,555-8964,470 Nguyen Hue,Ha Noi,Mathematics
Quyen,Tran,quyen.tran3959,quyen.tran3959@student.sims.edu,,2004-02-27,555-6671,84 Hai Ba Trung,Da Nang,Computer Science
Hoa,Do,hoa.do3960,hoa.do3960@student.sims.edu,,2004-09-25,555-6981,563 Le Loi,Hue,Mathematics
Ngoc,Vo,ngoc.vo3961,ngoc.vo3961@student.sims.edu,,2003-08-12,555-2995,931 Tran Phu,Ha Noi,Business
Linh,Le,linh.le3962,linh.le3962@student.sims.edu,,2005-06-11,555-7002,494 Le Loi,Hue,Business
Thu,Hoang,thu.hoang3963,thu.hoang3963@student.sims.edu,,2001-11-09,555-5628,159 Hai Ba Trung,Da Nang,Information Technology
Quyen,Ngo,quyen.ngo3964,quyen.ngo3964@student.sims.edu,,2002-06-24,555-8534,578 Tran Phu,Ho Chi Minh,Business
Binh,Vo,binh.vo3965,binh.vo3965@student.sims.edu,,2001-06-13,555-9536,582 Hai Ba Trung,Hue,Information Technology
Quang,Dang,quang.dang3966,quang.dang3966@student.sims.edu,,2002-06-03,555-5520,866 Hai Ba Trung,Hai Phong,Mathematics
Nga,Vo,nga.vo3967,nga.vo3967@student.sims.edu,,2002-08-14,555-4370,855 Le Loi,Nha Trang,Mathematics
Giang,Bui,giang.bui3968,giang.bui3968@student.sims.edu,,2002-02-24,555-6912,346 Hai Ba Trung,Ho Chi Minh,Business
Dung,Vu,dung.vu3969,dung.vu3969@student.sims.edu,,2002-03-21,555-7439,32 Nguyen Hue,Can Tho,Mathematics
Yen,Ngo,yen.ngo3970,yen.ngo3970@student.sims.edu,,2004-11-09,555-1887,103 Le Loi,Ho Chi Minh,Mathematics
Quyen,Tran,quyen.tran3971,quyen.tran3971@student.sims.edu,,2005-08-22,555-1757,946 Le Loi,Can Tho,Information Technology
Nga,Pham,nga.pham3972,nga.pham3972@student.sims.edu,,2002-12-25,555-5419,310 Nguyen Hue,Ho Chi Minh,Computer Science
Quang,Ho,quang.ho3973,quang.ho3973@student.sims.edu,,2003-02-13,555-9961,195 Hai Ba Trung,Ha Noi,Mathematics
Khanh,Huynh,khanh.huynh3974,khanh.huynh3974@student.sims.edu,,2002-07-02,555-7238,309 Hai Ba Trung,Ho Chi Minh,Electronics
Tam,Bui,tam.bui3975,tam.bui3975@student.sims.edu,,2004-10-05,555-9520,440 Hai Ba Trung,Ho Chi Minh,Business
Vy,Do,vy.do3976,vy.do3976@student.sims.edu,,2002-03-27,555-3804,696 Tran Phu,Can Tho,Physics
Son,Ho,son.ho3977,son.ho3977@student.sims.edu,,2001-11-22,555-7277,829 Nguyen Hue,Ha Noi,Business
Chi,Pham,chi.pham3978,chi.pham3978@student.sims.edu,,2004-08-04,555-9659,746 Hai Ba Trung,Ha Noi,Electronics
Ngoc,Huynh,ngoc.huynh3979,ngoc.huynh3979@student.sims.edu,,2002-07-27,555-6452,816 Hai Ba Trung,Ha Noi,Mathematics
Yen,Le,yen.le3980,yen.le3980@student.sims.edu,,2005-12-11,555-6597,101 Nguyen Hue,Da Nang,Information Technology
Thao,Ho,thao.ho3981,thao.ho3981@student.sims.edu,,2001-02-01,555-1344,670 Tran Phu,Hai Phong,Electronics
Nga,Dang,nga.dang3982,nga.dang3982@student.sims.edu,,2001-08-10,555-7821,646 Hai Ba Trung,Da Nang,Business
Minh,Le,minh.le3983,minh.le3983@student.sims.edu,,2003-07-08,555-3192,227 Tran Phu,Nha Trang,Business
Thao,Bui,thao.bui3984,thao.bui3984@student.sims.edu,,2003-01-04,555-8688,552 Tran Phu,Da Nang,Mathematics
Linh,Ho,linh.ho3985,linh.ho3985@student.sims.edu,,2003-05-27,555-2880,328 Nguyen Hue,Nha Trang,Electronics
Lan,Ngo,lan.ngo3986,lan.ngo3986@student.sims.edu,,2005-02-24,555-7490,919 Nguyen Hue,Can Tho,Mathematics
Bao,Vu,bao.vu3987,bao.vu3987@student.sims.edu,,2005-10-12,555-3147,156 Tran Phu,Ha Noi,Business
An,Ly,an.ly3988,an.ly3988@student.sims.edu,,2001-08-22,555-4014,961 Hai Ba Trung,Ha Noi,Electronics
Lan,Duong,lan.duong3989,lan.duong3989@student.sims.edu,,2003-12-11,555-7152,341 Nguyen Hue,Hai Phong,Computer Science
Quyen,Do,quyen.do3990,quyen.do3990@student.sims.edu,,2003-01-11,555-6466,395 Le Loi,Hai Phong,Information Technology
Vy,Vo,vy.vo3991,vy.vo3991@student.sims.edu,,2005-09-20,555-4997,941 Tran Phu,Can Tho,Physics
Bao,Dang,bao.dang3992,bao.dang3992@student.sims.edu,,2002-12-11,555-8569,181 Le Loi,Can Tho,Physics
Son,Hoang,son.hoang3993,son.hoang3993@student.sims.edu,,2001-10-14,555-3809,670 Nguyen Hue,Da Nang,Computer Science
Ngoc,Vu,ngoc.vu3994,ngoc.vu3994@student.sims.edu,,2003-07-27,555-2186,991 Le Loi,Ho Chi Minh,Mathematics
Giang,Ly,giang.ly3995,giang.ly3995@student.sims.edu,,2001-01-23,555-4353,706 Nguyen Hue,Can Tho,Electronics
Ha,Ly,ha.ly3996,ha.ly3996@student.sims.edu,,2005-08-27,555-7310,157 Tran Phu,Hai Phong,Information Technology
Vy,Ly,vy.ly3997,vy.ly3997@student.sims.edu,,2004-06-13,555-1214,296 Le Loi,Hai Phong,Information Technology
Thao,Hoang,thao.hoang3998,thao.hoang3998@student.sims.edu,,2001-08-02,555-3231,937 Hai Ba Trung,Ho Chi Minh,Physics
Binh,Vu,binh.vu3999,binh.vu3999@student.sims.edu,,2002-01-24,555-3550,434 Le Loi,Nha Trang,Information Technology
Linh,Tran,linh.tran4000,linh.tran4000@student.sims.edu,,2002-08-25,555-5583,10 Hai Ba Trung,Nha Trang,Business
Phong,Ngo,phong.ngo4001,phong.ngo4001@student.sims.edu,,2002-05-27,555-5236,432 Le Loi,Hai Phong,Electronics
Nam,Hoang,nam.hoang4002,nam.hoang4002@student.sims.edu,,2005-03-28,555-9979,428 Tran Phu,Can Tho,Electronics
Thu,Vu,thu.vu4003,thu.vu4003@student.sims.edu,,2003-06-12,555-1374,586 Nguyen Hue,Da Nang,Physics
Quyen,Ly,quyen.ly4004,quyen.ly4004@student.sims.edu,,2004-09-04,555-6399,43 Hai Ba Trung,Can Tho,Information Technology
Lan,Nguyen,lan.nguyen4005,lan.nguyen4005@student.sims.edu,,2003-01-26,555-9190,293 Le Loi,Can Tho,Computer Science
Nga,Huynh,nga.huynh4006,nga.huynh4006@student.sims.edu,,2001-12-14,555-6726,481 Nguyen Hue,Hai Phong,Electronics
Mai,Pham,mai.pham4007,mai.pham4007@student.sims.edu,,2004-10-05,555-1147,70 Le Loi,Ho Chi Minh,Computer Science
Thu,Huynh,thu.huynh4008,thu.huynh4008@student.sims.edu,,2001-06-03,555-5772,104 Le Loi,Da Nang,Mathematics
Thao,Do,thao.do4009,thao.do4009@student.sims.edu,,2005-03-16,555-8634,301 Tran Phu,Ho Chi Minh,Electronics
Linh,Dang,linh.dang4010,linh.dang4010@student.sims.edu,,2002-07-22,555-7052,304 Nguyen Hue,Ho Chi Minh,Electronics
Binh,Tran,binh.tran4011,binh.tran4011@student.sims.edu,,2004-09-22,555-8810,321 Le Loi,Ho Chi Minh,Computer Science
Yen,Vo,yen.vo4012,yen.vo4012@student.sims.edu,,2004-05-21,555-7213,602 Le Loi,Hue,Mathematics
Ha,Ngo,ha.ngo4013,ha.ngo4013@student.sims.edu,,2005-06-23,555-1404,396 Tran Phu,Ho Chi Minh,Physics
Tuan,Do,tuan.do4014,tuan.do4014@student.sims.edu,,2002-03-22,555-4941,737 Nguyen Hue,Nha Trang,Business
Hung,Tran,hung.tran4015,hung.tran4015@student.sims.edu,,2005-07-23,555-2453,464 Tran Phu,Hai Phong,Mathematics
Hai,Bui,hai.bui4016,hai.bui4016@student.sims.edu,,2003-09-24,555-4902,454 Le Loi,Can Tho,Electronics
Mai,Pham,mai.pham4017,mai.pham4017@student.sims.edu,,2002-04-14,555-8499,169 Nguyen Hue,Ha Noi,Mathematics
Minh,Vu,minh.vu4018,minh.vu4018@student.sims.edu,,2005-02-06,555-6889,712 Hai Ba Trung,Da Nang,Computer Science
Mai,Ho,mai.ho4019,mai.ho4019@student.sims.edu,,2003-04-16,555-4637,560 Nguyen Hue,Ha Noi,Mathematics
Chi,Ho,chi.ho4020,chi.ho4020@student.sims.edu,,2003-08-24,555-3334,462 Nguyen Hue,Nha Trang,Electronics
Chi,Nguyen,chi.nguyen4021,chi.nguyen4021@student.sims.edu,,2002-10-11,555-9501,259 Tran Phu,Ha Noi,Physics
Lan,Dang,lan.dang4022,lan.dang4022@student.sims.edu,,2001-03-17,555-5445,614 Le Loi,Can Tho,Computer Science
Quang,Tran,quang.tran4023,quang.tran4023@student.sims.edu,,2004-02-11,555-4538,181 Hai Ba Trung,Hai Phong,Computer Science
Son,Vu,son.vu4024,son.vu4024@student.sims.edu,,2002-05-20,555-3127,500 Tran Phu,Nha Trang,Mathematics
Trang,Vo,trang.vo4025,trang.vo4025@student.sims.edu,,2003-07-14,555-3909,346 Hai Ba Trung,Hue,Business
Ngoc,Vo,ngoc.vo4026,ngoc.vo4026@student.sims.edu,,2004-09-14,555-1273,292 Le Loi,Hai Phong,Electronics
Hoa,Do,hoa.do4027,hoa.do4027@student.sims.edu,,2003-02-13,555-3427,683 Nguyen Hue,Ha Noi,Computer Science
Ngoc,Hoang,ngoc.hoang4028,ngoc.hoang4028@student.sims.edu,,2001-01-25,555-4284,338 Le Loi,Hue,Electronics
An,Ho,an.ho4029,an.ho4029@student.sims.edu,,2004-08-20,555-6414,879 Nguyen Hue,Nha Trang,Physics
Hai,Duong,hai.duong4030,hai.duong4030@student.sims.edu,,2005-04-22,555-3592,568 Le Loi,Ho Chi Minh,Information Technology
Hoa,Ly,hoa.ly4031,hoa.ly4031@student.sims.edu,,2005-01-03,555-3301,510 Le Loi,Ha Noi,Mathematics
Nam,Ho,nam.ho4032,nam.ho4032@student.sims.edu,,2002-11-05,555-2532,65 Nguyen Hue,Can Tho,Physics
Duc,Pham,duc.pham4033,duc.pham4033@student.sims.edu,,2002-03-01,555-3107,959 Tran Phu,Ha Noi,Computer Science
Lan,Le,lan.le4034,lan.le4034@student.sims.edu,,2001-11-20,555-7426,29 Hai Ba Trung,Hue,Information Technology
Hoa,Bui,hoa.bui4035,hoa.bui4035@student.sims.edu,,2002-05-15,555-7433,352 Hai Ba Trung,Ha Noi,Business
Phong,Vo,phong.vo4036,phong.vo4036@student.sims.edu,,2001-09-06,555-5512,642 Hai Ba Trung,Ho Chi Minh,Information Technology
Quyen,Ngo,quyen.ngo4037,quyen.ngo4037@student.sims.edu,,2005-04-10,555-7266,150 Hai Ba Trung,Ha Noi,Physics
Vy,Ly,vy.ly4038,vy.ly4038@student.sims.edu,,2002-02-08,555-6963,756 Nguyen Hue,Can Tho,Physics
Hung,Duong,hung.duong4039,hung.duong4039@student.sims.edu,,2001-12-03,555-8623,107 Nguyen Hue,Can Tho,Information Technology
Quang,Dang,quang.dang4040,quang.dang4040@student.sims.edu,,2005-07-12,555-4704,346 Le Loi,Nha Trang,Electronics
Khanh,Hoang,khanh.hoang4041,khanh.hoang4041@student.sims.edu,,2001-12-08,555-9190,219 Le Loi,Ha Noi,Electronics
Ha,Duong,ha.duong4042,ha.duong4042@student.sims.edu,,2001-02-24,555-5250,419 Le Loi,Da Nang,Physics
Linh,Nguyen,linh.nguyen4043,linh.nguyen4043@student.sims.edu,,2001-02-26,555-3473,607 Le Loi,Hue,Physics
Quyen,Duong,quyen.duong4044,quyen.duong4044@student.sims.edu,,2003-02-03,555-1508,281 Hai Ba Trung,Da Nang,Physics
Nam,Dang,nam.dang4045,nam.dang4045@student.sims.edu,,2005-04-21,555-9322,443 Le Loi,Hue,Computer Science
Phong,Tran,phong.tran4046,phong.tran4046@student.sims.edu,,2004-05-03,555-9344,568 Tran Phu,Ha Noi,Mathematics
Ngoc,Ngo,ngoc.ngo4047,ngoc.ngo4047@student.sims.edu,,2003-07-20,555-6935,427 Hai Ba Trung,Ho Chi Minh,Business
An,Ho,an.ho4048,an.ho4048@student.sims.edu,,2002-12-04,555-8916,852 Nguyen Hue,Da Nang,Information Technology
Linh,Nguyen,linh.nguyen4049,linh.nguyen4049@student.sims.edu,,2002-08-01,555-4319,643 Tran Phu,Hai Phong,Information Technology
Nam,Duong,nam.duong4050,nam.duong4050@student.sims.edu,,2005-06-20,555-4960,110 Nguyen Hue,Ha Noi,Information Technology
Khanh,Ngo,khanh.ngo4051,khanh.ngo4051@student.sims.edu,,2003-11-09,555-7387,243 Tran Phu,Hue,Mathematics
Dung,Hoang,dung.hoang4052,dung.hoang4052@student.sims.edu,,2003-07-26,555-1500,126 Tran Phu,Da Nang,Electronics
Tam,Bui,tam.bui4053,tam.bui4053@student.sims.edu,,2005-01-23,555-1688,279 Nguyen Hue,Da Nang,Computer Science
Mai,Dang,mai.dang4054,mai.dang4054@student.sims.edu,,2002-09-06,555-4000,259 Nguyen Hue,Da Nang,Mathematics
Giang,Ho,giang.ho4055,giang.ho4055@student.sims.edu,,2005-07-13,555-8323,959 Hai Ba Trung,Hue,Mathematics
Duc,Pham,duc.pham4056,duc.pham4056@student.sims.edu,,2003-11-18,555-9667,342 Tran Phu,Can Tho,Physics
An,Do,an.do4057,an.do4057@student.sims.edu,,2001-02-18,555-8310,938 Hai Ba Trung,Hue,Electronics
Dung,Ly,dung.ly4058,dung.ly4058@student.sims.edu,,2005-08-01,555-4336,349 Le Loi,Hue,Computer Science
An,Vu,an.vu4059,an.vu4059@student.sims.edu,,2003-01-05,555-1050,877 Nguyen Hue,Hue,Mathematics
Binh,Huynh,binh.huynh4060,binh.huynh4060@student.sims.edu,,2002-10-21,555-8937,418 Hai Ba Trung,Ha Noi,Information Technology
Chi,Nguyen,chi.nguyen4061,chi.nguyen4061@student.sims.edu,,2001-03-21,555-9798,340 Hai Ba Trung,Hai Phong,Electronics
Thu,Do,thu.do4062,thu.do4062@student.sims.edu,,2004-01-25,555-1856,708 Hai Ba Trung,Nha Trang,Electronics
Thao,Ly,thao.ly4063,thao.ly4063@student.sims.edu,,2004-09-10,555-9374,364 Tran Phu,Hue,Physics
Son,Vo,son.vo4064,son.vo4064@student.sims.edu,,2002-08-19,555-4093,792 Tran Phu,Hai Phong,Electronics
Lan,Hoang,lan.hoang4065,lan.hoang4065@student.sims.edu,,2002-03-05,555-9344,424 Hai Ba Trung,Da Nang,Computer Science
Nam,Do,nam.do4066,nam.do4066@student.sims.edu,,2005-05-22,555-5433,722 Le Loi,Can Tho,Physics
Minh,Ho,minh.ho4067,minh.ho4067@student.sims.edu,,2003-11-06,555-2887,119 Le Loi,Hue,Business
Nga,Ly,nga.ly4068,nga.ly4068@student.sims.edu,,2003-02-02,555-5607,342 Tran Phu,Ho Chi Minh,Mathematics
Thu,Bui,thu.bui4069,thu.bui4069@student.sims.edu,,2002-10-04,555-5244,43 Nguyen Hue,Nha Trang,Information Technology
Bao,Ly,bao.ly4070,bao.ly4070@student.sims.edu,,2002-06-06,555-3752,904 Tran Phu,Nha Trang,Business
Quyen,Huynh,quyen.huynh4071,quyen.huynh4071@student.sims.edu,,2003-09-05,555-9449,693 Le Loi,Nha Trang,Physics
Bao,Le,bao.le4072,bao.le4072@student.sims.edu,,2002-05-06,555-5407,729 Hai Ba Trung,Nha Trang,Electronics
Mai,Bui,mai.bui4073,mai.bui4073@student.sims.edu,,2005-08-17,555-7742,740 Hai Ba Trung,Ha Noi,Business
An,Pham,an.pham4074,an.pham4074@student.sims.edu,,2003-04-01,555-1035,754 Le Loi,Hai Phong,Electronics
Vy,Ly,vy.ly4075,vy.ly4075@student.sims.edu,,2003-03-20,555-4003,368 Hai Ba Trung,Hue,Electronics
Linh,Do,linh.do4076,linh.do4076@student.sims.edu,,2002-04-07,555-9490,334 Tran Phu,Hue,Electronics
Nga,Duong,nga.duong4077,nga.duong4077@student.sims.edu,,2005-10-14,555-6061,451 Tran Phu,Ha Noi,Mathematics
Vy,Hoang,vy.hoang4078,vy.hoang4078@student.sims.edu,,2001-02-10,555-9305,944 Nguyen Hue,Da Nang,Physics
Yen,Dang,yen.dang4079,yen.dang4079@student.sims.edu,,2005-07-24,555-7140,532 Nguyen Hue,Can Tho,Computer Science
Linh,Ngo,linh.ngo4080,linh.ngo4080@student.sims.edu,,2005-10-21,555-5973,378 Hai Ba Trung,Ha Noi,Computer Science
Linh,Duong,linh.duong4081,linh.duong4081@student.sims.edu,,2004-09-28,555-5167,312 Tran Phu,Can Tho,Computer Science
Nam,Bui,nam.bui4082,nam.bui4082@student.sims.edu,,2004-11-03,555-4462,998 Nguyen Hue,Ha Noi,Electronics
Giang,Ngo,giang.ngo4083,giang.ngo4083@student.sims.edu,,2001-05-02,555-1257,786 Nguyen Hue,Hai Phong,Business
Phong,Huynh,phong.huynh4084,phong.huynh4084@student.sims.edu,,2002-07-13,555-9036,878 Hai Ba Trung,Can Tho,Physics
Dung,Ly,dung.ly4085,dung.ly4085@student.sims.edu,,2002-04-09,555-7048,779 Le Loi,Ha Noi,Mathematics
Hai,Pham,hai.pham4086,hai.pham4086@student.sims.edu,,2005-04-01,555-1890,65 Nguyen Hue,Da Nang,Business
An,Ly,an.ly4087,an.ly4087@student.sims.edu,,2003-09-13,555-8502,932 Nguyen Hue,Hai Phong,Business
Linh,Nguyen,linh.nguyen4088,linh.nguyen4088@student.sims.edu,,2002-11-16,555-4595,964 Hai Ba Trung,Can Tho,Physics
Nam,Le,nam.le4089,nam.le4089@student.sims.edu,,2001-03-05,555-2970,532 Hai Ba Trung,Hue,Physics
Phong,Huynh,phong.huynh4090,phong.huynh4090@student.sims.edu,,2003-01-20,555-2284,859 Nguyen Hue,Ho Chi Minh,Mathematics
Minh,Hoang,minh.hoang4091,minh.hoang4091@student.sims.edu,,2002-12-13,555-5088,192 Nguyen Hue,Nha Trang,Business
Giang,Hoang,giang.hoang4092,giang.hoang4092@student.sims.edu,,2001-09-01,555-2673,780 Nguyen Hue,Nha Trang,Electronics
Thu,Hoang,thu.hoang4093,thu.hoang4093@student.sims.edu,,2003-08-11,555-8593,729 Hai Ba Trung,Hai Phong,Computer Science
Hoa,Vo,hoa.vo4094,hoa.vo4094@student.sims.edu,,2001-09-09,555-9805,663 Le Loi,Hue,Electronics
Lan,Ngo,lan.ngo4095,lan.ngo4095@student.sims.edu,,2005-08-17,555-2173,968 Nguyen Hue,Can Tho,Computer Science
Nga,Do,nga.do4096,nga.do4096@student.sims.edu,,2005-11-12,555-6744,906 Nguyen Hue,Da Nang,Computer Science
Thu,Huynh,thu.huynh4097,thu.huynh4097@student.sims.edu,,2004-02-12,555-2828,789 Le Loi,Hai Phong,Electronics
Linh,Bui,linh.bui4098,linh.bui4098@student.sims.edu,,2004-02-19,555-3425,765 Tran Phu,Ha Noi,Information Technology
Trang,Nguyen,trang.nguyen4099,trang.nguyen4099@student.sims.edu,,2005-08-23,555-3554,845 Le Loi,Can Tho,Mathematics
Quyen,Bui,quyen.bui4100,quyen.bui4100@student.sims.edu,,2001-04-25,555-1049,891 Tran Phu,Da Nang,Business
Bao,Duong,bao.duong4101,bao.duong4101@student.sims.edu,,2003-02-05,555-1256,123 Nguyen Hue,Hai Phong,Physics
Giang,Ho,giang.ho4102,giang.ho4102@student.sims.edu,,2005-01-27,555-8652,614 Nguyen Hue,Ha Noi,Electronics
Duc,Ngo,duc.ngo4103,duc.ngo4103@student.sims.edu,,2001-02-23,555-7100,369 Hai Ba Trung,Ha Noi,Information Technology
Nga,Tran,nga.tran4104,nga.tran4104@student.sims.edu,,2004-12-04,555-3342,528 Tran Phu,Hai Phong,Business
Phong,Duong,phong.duong4105,phong.duong4105@student.sims.edu,,2002-09-27,555-5110,551 Hai Ba Trung,Da Nang,Mathematics
Bao,Le,bao.le4106,bao.le4106@student.sims.edu,,2005-05-23,555-6702,325 Tran Phu,Ho Chi Minh,Information Technology
Ngoc,Pham,ngoc.pham4107,ngoc.pham4107@student.sims.edu,,2002-02-13,555-3921,602 Nguyen Hue,Hai Phong,Business
Hoa,Nguyen,hoa.nguyen4108,hoa.nguyen4108@student.sims.edu,,2002-04-04,555-7060,826 Tran Phu,Ho Chi Minh,Mathematics
Son,Bui,son.bui4109,son.bui4109@student.sims.edu,,2001-08-23,555-5981,101 Nguyen Hue,Da Nang,Computer Science
Binh,Bui,binh.bui4110,binh.bui4110@student.sims.edu,,2003-08-28,555-5064,666 Le Loi,Hue,Mathematics
Vy,Tran,vy.tran4111,vy.tran4111@student.sims.edu,,2001-12-05,555-7657,961 Hai Ba Trung,Hue,Computer Science
Thao,Ngo,thao.ngo4112,thao.ngo4112@student.sims.edu,,2003-01-22,555-7139,74 Hai Ba Trung,Da Nang,Physics
Quyen,Ly,quyen.ly4113,quyen.ly4113@student.sims.edu,,2002-03-08,555-6612,964 Nguyen Hue,Hue,Computer Science
Vy,Do,vy.do4114,vy.do4114@student.sims.edu,,2003-02-26,555-2590,120 Tran Phu,Ho Chi Minh,Computer Science
Linh,Le,linh.le4115,linh.le4115@student.sims.edu,,2004-03-15,555-6749,731 Le Loi,Hai Phong,Mathematics
Dung,Hoang,dung.hoang4116,dung.hoang4116@student.sims.edu,,2001-02-23,555-1933,144 Tran Phu,Hue,Mathematics
Ngoc,Ly,ngoc.ly4117,ngoc.ly4117@student.sims.edu,,2005-03-13,555-7181,959 Le Loi,Can Tho,Business
Quyen,Vo,quyen.vo4118,quyen.vo4118@student.sims.edu,,2004-10-07,555-3386,744 Hai Ba Trung,Can Tho,Business
Hung,Dang,hung.dang4119,hung.dang4119@student.sims.edu,,2001-08-13,555-2259,193 Hai Ba Trung,Nha Trang,Information Technology
Trang,Huynh,trang.huynh4120,trang.huynh4120@student.sims.edu,,2003-03-14,555-7006,423 Hai Ba Trung,Hue,Electronics
Giang,Ho,giang.ho4121,giang.ho4121@student.sims.edu,,2004-11-13,555-1967,317 Hai Ba Trung,Can Tho,Mathematics
Thao,Le,thao.le4122,thao.le4122@student.sims.edu,,2003-06-23,555-6091,133 Hai Ba Trung,Hai Phong,Physics
Tam,Le,tam.le4123,tam.le4123@student.sims.edu,,2004-09-21,555-4770,546 Tran Phu,Hue,Computer Science
Tuan,Vu,tuan.vu4124,tuan.vu4124@student.sims.edu,,2002-06-23,555-6408,75 Nguyen Hue,Nha Trang,Information Technology
Minh,Pham,minh.pham4125,minh.pham4125@student.sims.edu,,2005-01-23,555-2663,273 Le Loi,Da Nang,Computer Science
Chi,Duong,chi.duong4126,chi.duong4126@student.sims.edu,,2001-10-04,555-4994,59 Le Loi,Hue,Information Technology
Ha,Vo,ha.vo4127,ha.vo4127@student.sims.edu,,2004-05-16,555-5541,282 Nguyen Hue,Hue,Computer Science
Thao,Le,thao.le4128,thao.le4128@student.sims.edu,,2002-04-21,555-4478,611 Hai Ba Trung,Hue,Mathematics
Nam,Do,nam.do4129,nam.do4129@student.sims.edu,,2003-03-17,555-1983,96 Tran Phu,Ha Noi,Business
Bao,Pham,bao.pham4130,bao.pham4130@student.sims.edu,,2005-08-07,555-6072,367 Le Loi,Nha Trang,Business
Lan,Vo,lan.vo4131,lan.vo4131@student.sims.edu,,2002-01-24,555-5018,964 Tran Phu,Ha Noi,Physics
Minh,Bui,minh.bui4132,minh.bui4132@student.sims.edu,,2001-06-16,555-1403,422 Hai Ba Trung,Hue,Electronics
Phong,Le,phong.le4133,phong.le4133@student.sims.edu,,2004-07-24,555-4399,821 Hai Ba Trung,Ha Noi,Information Technology
Hai,Do,hai.do4134,hai.do4134@student.sims.edu,,2002-04-28,555-7900,313 Tran Phu,Hai Phong,Computer Science
Dung,Pham,dung.pham4135,dung.pham4135@student.sims.edu,,2004-04-07,555-8161,826 Hai Ba Trung,Ha Noi,Information Technology
Duc,Ly,duc.ly4136,duc.ly4136@student.sims.edu,,2005-07-19,555-4288,4 Le Loi,Ho Chi Minh,Physics
Tam,Duong,tam.duong4137,tam.duong4137@student.sims.edu,,2004-08-20,555-1991,793 Le Loi,Hue,Electronics
Hai,Hoang,hai.hoang4138,hai.hoang4138@student.sims.edu,,2001-06-26,555-8216,566 Nguyen Hue,Da Nang,Information Technology
Vy,Do,vy.do4139,vy.do4139@student.sims.edu,,2001-10-20,555-9619,761 Tran Phu,Hue,Computer Science
Hai,Pham,hai.pham4140,hai.pham4140@student.sims.edu,,2005-04-10,555-9525,498 Hai Ba Trung,Da Nang,Information Technology
Lan,Bui,lan.bui4141,lan.bui4141@student.sims.edu,,2004-08-02,555-5576,56 Hai Ba Trung,Ha Noi,Mathematics
Quyen,Vo,quyen.vo4142,quyen.vo4142@student.sims.edu,,2003-03-26,555-9109,433 Hai Ba Trung,Da Nang,Physics
Nam,Duong,nam.duong4143,nam.duong4143@student.sims.edu,,2004-08-20,555-8454,448 Hai Ba Trung,Da Nang,Computer Science
Phong,Ly,phong.ly4144,phong.ly4144@student.sims.edu,,2001-07-09,555-8256,83 Tran Phu,Nha Trang,Electronics
Yen,Tran,yen.tran4145,yen.tran4145@student.sims.edu,,2004-11-23,555-2177,432 Le Loi,Ho Chi Minh,Mathematics
Quang,Ly,quang.ly4146,quang.ly4146@student.sims.edu,,2002-09-11,555-5348,185 Nguyen Hue,Hue,Computer Science
Son,Bui,son.bui4147,son.bui4147@student.sims.edu,,2005-03-01,555-9443,559 Hai Ba Trung,Can Tho,Information Technology
Hoa,Le,hoa.le4148,hoa.le4148@student.sims.edu,,2002-07-06,555-8807,737 Nguyen Hue,Ho Chi Minh,Information Technology
Khanh,Ly,khanh.ly4149,khanh.ly4149@student.sims.edu,,2005-10-01,555-8152,282 Hai Ba Trung,Nha Trang,Computer Science
Yen,Ho,yen.ho4150,yen.ho4150@student.sims.edu,,2002-10-04,555-4595,460 Nguyen Hue,Nha Trang,Information Technology
Ha,Ho,ha.ho4151,ha.ho4151@student.sims.edu,,2003-12-07,555-2782,656 Tran Phu,Hai Phong,Electronics
Minh,Tran,minh.tran4152,minh.tran4152@student.sims.edu,,2002-06-09,555-3223,624 Le Loi,Da Nang,Physics
Giang,Vo,giang.vo4153,giang.vo4153@student.sims.edu,,2005-04-16,555-9693,398 Hai Ba Trung,Hue,Business
Phong,Hoang,phong.hoang4154,phong.hoang4154@student.sims.edu,,2003-09-08,555-7802,374 Hai Ba Trung,Ho Chi Minh,Electronics
Khanh,Dang,khanh.dang4155,khanh.dang4155@student.sims.edu,,2003-07-24,555-8272,391 Tran Phu,Hai Phong,Mathematics
Quang,Bui,quang.bui4156,quang.bui4156@student.sims.edu,,2002-02-13,555-3203,958 Nguyen Hue,Hai Phong,Physics
An,Ho,an.ho4157,an.ho4157@student.sims.edu,,2001-07-01,555-7874,332 Nguyen Hue,Ho Chi Minh,Computer Science
Quang,Pham,quang.pham4158,quang.pham4158@student.sims.edu,,2002-12-03,555-7248,999 Nguyen Hue,Can Tho,Electronics
An,Ly,an.ly4159,an.ly4159@student.sims.edu,,2001-02-02,555-7795,38 Tran Phu,Ho Chi Minh,Electronics
Mai,Le,mai.le4160,mai.le4160@student.sims.edu,,2002-03-21,555-5424,670 Hai Ba Trung,Nha Trang,Mathematics
Son,Do,son.do4161,son.do4161@student.sims.edu,,2004-02-09,555-9549,15 Hai Ba Trung,Nha Trang,Information Technology
Phong,Do,phong.do4162,phong.do4162@student.sims.edu,,2005-09-15,555-1783,547 Nguyen Hue,Da Nang,Computer Science
Lan,Dang,lan.dang4163,lan.dang4163@student.sims.edu,,2002-12-26,555-7143,56 Hai Ba Trung,Da Nang,Business
Ha,Vo,ha.vo4164,ha.vo4164@student.sims.edu,,2003-12-02,555-3580,423 Hai Ba Trung,Can Tho,Electronics
Thu,Do,thu.do4165,thu.do4165@student.sims.edu,,2004-11-14,555-4980,342 Le Loi,Ha Noi,Electronics
Quyen,Do,quyen.do4166,quyen.do4166@student.sims.edu,,2001-08-14,555-9853,824 Le Loi,Can Tho,Mathematics
Bao,Hoang,bao.hoang4167,bao.hoang4167@student.sims.edu,,2005-01-06,555-7518,104 Le Loi,Can Tho,Mathematics
Thu,Ho,thu.ho4168,thu.ho4168@student.sims.edu,,2002-10-06,555-6451,638 Le Loi,Da Nang,Computer Science
Ha,Dang,ha.dang4169,ha.dang4169@student.sims.edu,,2004-08-04,555-1451,670 Hai Ba Trung,Nha Trang,Computer Science
Duc,Vo,duc.vo4170,duc.vo4170@student.sims.edu,,2001-08-23,555-6572,262 Tran Phu,Hai Phong,Electronics
Ngoc,Hoang,ngoc.hoang4171,ngoc.hoang4171@student.sims.edu,,2003-05-20,555-2017,723 Tran Phu,Hai Phong,Information Technology
Bao,Duong,bao.duong4172,bao.duong4172@student.sims.edu,,2001-01-24,555-7175,601 Nguyen Hue,Nha Trang,Computer Science
Duc,Bui,duc.bui4173,duc.bui4173@student.sims.edu,,2004-11-01,555-7421,692 Tran Phu,Ha Noi,Electronics
Nam,Dang,nam.dang4174,nam.dang4174@student.sims.edu,,2004-05-14,555-5366,543 Nguyen Hue,Can Tho,Information Technology
Dung,Vu,dung.vu4175,dung.vu4175@student.sims.edu,,2001-07-11,555-1780,330 Hai Ba Trung,Hai Phong,Mathematics
Duc,Ho,duc.ho4176,duc.ho4176@student.sims.edu,,2001-02-24,555-8519,85 Le Loi,Nha Trang,Information Technology
Hai,Huynh,hai.huynh4177,hai.huynh4177@student.sims.edu,,2003-04-08,555-2544,990 Hai Ba Trung,Nha Trang,Information Technology
Son,Nguyen,son.nguyen4178,son.nguyen4178@student.sims.edu,,2001-08-11,555-4298,848 Nguyen Hue,Ha Noi,Electronics
Tuan,Tran,tuan.tran4179,tuan.tran4179@student.sims.edu,,2004-08-10,555-9573,544 Nguyen Hue,Hai Phong,Mathematics
Tuan,Ly,tuan.ly4180,tuan.ly4180@student.sims.edu,,2005-11-02,555-4528,664 Nguyen Hue,Can Tho,Business
Dung,Duong,dung.duong4181,dung.duong4181@student.sims.edu,,2003-06-05,555-4889,576 Tran Phu,Can Tho,Mathematics
Mai,Tran,mai.tran4182,mai.tran4182@student.sims.edu,,2001-10-13,555-5143,552 Hai Ba Trung,Ho Chi Minh,Computer Science
Nga,Bui,nga.bui4183,nga.bui4183@student.sims.edu,,2001-06-05,555-2857,80 Hai Ba Trung,Ha Noi,Electronics
Chi,Tran,chi.tran4184,chi.tran4184@student.sims.edu,,2005-01-26,555-9256,514 Tran Phu,Ha Noi,Mathematics
Dung,Vo,dung.vo4185,dung.vo4185@student.sims.edu,,2005-01-21,555-3020,909 Tran Phu,Ho Chi Minh,Physics
Trang,Vo,trang.vo4186,trang.vo4186@student.sims.edu,,2005-03-27,555-2885,590 Hai Ba Trung,Da Nang,Electronics
Son,Ngo,son.ngo4187,son.ngo4187@student.sims.edu,,2005-06-02,555-1968,780 Hai Ba Trung,Nha Trang,Business
Yen,Tran,yen.tran4188,yen.tran4188@student.sims.edu,,2005-06-03,555-8095,768 Tran Phu,Can Tho,Information Technology
Ngoc,Dang,ngoc.dang4189,ngoc.dang4189@student.sims.edu,,2001-03-21,555-6876,764 Le Loi,Da Nang,Information Technology
Tuan,Duong,tuan.duong4190,tuan.duong4190@student.sims.edu,,2004-10-15,555-6276,562 Tran Phu,Nha Trang,Information Technology
Dung,Hoang,dung.hoang4191,dung.hoang4191@student.sims.edu,,2002-12-09,555-8672,178 Le Loi,Ha Noi,Electronics
Chi,Bui,chi.bui4192,chi.bui4192@student.sims.edu,,2002-10-08,555-1703,563 Hai Ba Trung,Hai Phong,Business
Lan,Nguyen,lan.nguyen4193,lan.nguyen4193@student.sims.edu,,2002-07-15,555-4930,536 Nguyen Hue,Nha Trang,Computer Science
An,Pham,an.pham4194,an.pham4194@student.sims.edu,,2001-04-12,555-3058,196 Tran Phu,Nha Trang,Information Technology
Vy,Huynh,vy.huynh4195,vy.huynh4195@student.sims.edu,,2005-03-24,555-5393,478 Hai Ba Trung,Ha Noi,Physics
Dung,Vu,dung.vu4196,dung.vu4196@student.sims.edu,,2005-06-15,555-8513,354 Le Loi,Da Nang,Electronics
Thao,Tran,thao.tran4197,thao.tran4197@student.sims.edu,,2002-03-28,555-6233,619 Nguyen Hue,Nha Trang,Mathematics
Bao,Huynh,bao.huynh4198,bao.huynh4198@student.sims.edu,,2005-09-03,555-2366,715 Tran Phu,Hai Phong,Business
Quyen,Do,quyen.do4199,quyen.do4199@student.sims.edu,,2001-04-17,555-6671,309 Le Loi,Da Nang,Physics
Giang,Ho,giang.ho4200,giang.ho4200@student.sims.edu,,2001-07-02,555-4928,473 Tran Phu,Da Nang,Computer Science
Dung,Ngo,dung.ngo4201,dung.ngo4201@student.sims.edu,,2003-12-25,555-6521,897 Hai Ba Trung,Ho Chi Minh,Electronics
Quyen,Tran,quyen.tran4202,quyen.tran4202@student.sims.edu,,2005-11-18,555-2569,622 Le Loi,Can Tho,Mathematics
An,Dang,an.dang4203,an.dang4203@student.sims.edu,,2005-05-04,555-4355,128 Le Loi,Ho Chi Minh,Computer Science
Chi,Hoang,chi.hoang4204,chi.hoang4204@student.sims.edu,,2005-04-23,555-1718,257 Nguyen Hue,Can Tho,Business
Bao,Ly,bao.ly4205,bao.ly4205@student.sims.edu,,2001-07-03,555-5929,834 Nguyen Hue,Nha Trang,Mathematics
Nga,Do,nga.do4206,nga.do4206@student.sims.edu,,2002-03-01,555-1766,118 Nguyen Hue,Can Tho,Computer Science
Trang,Pham,trang.pham4207,trang.pham4207@student.sims.edu,,2001-05-02,555-5113,601 Hai Ba Trung,Da Nang,Mathematics
Duc,Huynh,duc.huynh4208,duc.huynh4208@student.sims.edu,,2005-10-12,555-8238,800 Nguyen Hue,Hai Phong,Computer Science
Yen,Ngo,yen.ngo4209,yen.ngo4209@student.sims.edu,,2001-05-16,555-2159,451 Le Loi,Nha Trang,Computer Science
Tuan,Nguyen,tuan.nguyen4210,tuan.nguyen4210@student.sims.edu,,2005-11-17,555-2013,81 Le Loi,Ha Noi,Electronics
Giang,Nguyen,giang.nguyen4211,giang.nguyen4211@student.sims.edu,,2003-03-10,555-5880,550 Hai Ba Trung,Hue,Mathematics
Giang,Le,giang.le4212,giang.le4212@student.sims.edu,,2002-06-11,555-1443,121 Le Loi,Da Nang,Mathematics
Hung,Ly,hung.ly4213,hung.ly4213@student.sims.edu,,2005-01-03,555-5635,451 Nguyen Hue,Da Nang,Mathematics
Tuan,Nguyen,tuan.nguyen4214,tuan.nguyen4214@student.sims.edu,,2002-12-24,555-5658,708 Nguyen Hue,Nha Trang,Physics
Lan,Tran,lan.tran4215,lan.tran4215@student.sims.edu,,2002-05-12,555-7637,766 Hai Ba Trung,Hue,Electronics
Nam,Ngo,nam.ngo4216,nam.ngo4216@student.sims.edu,,2005-10-20,555-8378,300 Le Loi,Nha Trang,Physics
Dung,Ngo,dung.ngo4217,dung.ngo4217@student.sims.edu,,2002-01-09,555-9537,637 Le Loi,Ho Chi Minh,Electronics
Quang,Ly,quang.ly4218,quang.ly4218@student.sims.edu,,2003-06-25,555-4111,652 Le Loi,Hue,Information Technology
Quang,Do,quang.do4219,quang.do4219@student.sims.edu,,2004-03-10,555-9693,136 Tran Phu,Can Tho,Electronics
Nga,Vu,nga.vu4220,nga.vu4220@student.sims.edu,,2005-10-10,555-8994,225 Tran Phu,Nha Trang,Electronics
Quang,Nguyen,quang.nguyen4221,quang.nguyen4221@student.sims.edu,,2005-07-19,555-5212,28 Tran Phu,Hue,Information Technology
Giang,Bui,giang.bui4222,giang.bui4222@student.sims.edu,,2002-03-17,555-6419,198 Tran Phu,Hai Phong,Physics
Minh,Ngo,minh.ngo4223,minh.ngo4223@student.sims.edu,,2004-08-21,555-3783,269 Hai Ba Trung,Ha Noi,Physics
Mai,Dang,mai.dang4224,mai.dang4224@student.sims.edu,,2003-05-02,555-5441,461 Le Loi,Da Nang,Business
Quang,Vu,quang.vu4225,quang.vu4225@student.sims.edu,,2005-11-08,555-3480,532 Le Loi,Hai Phong,Electronics
An,Pham,an.pham4226,an.pham4226@student.sims.edu,,2002-03-24,555-8388,555 Hai Ba Trung,Can Tho,Information Technology
Hung,Nguyen,hung.nguyen4227,hung.nguyen4227@student.sims.edu,,2001-01-27,555-9433,393 Hai Ba Trung,Hue,Computer Science
Yen,Hoang,yen.hoang4228,yen.hoang4228@student.sims.edu,,2002-12-19,555-7460,653 Nguyen Hue,Ho Chi Minh,Electronics
Hung,Le,hung.le4229,hung.le4229@student.sims.edu,,2005-12-01,555-5120,930 Nguyen Hue,Da Nang,Electronics
Khanh,Do,khanh.do4230,khanh.do4230@student.sims.edu,,2005-03-12,555-8023,896 Le Loi,Nha Trang,Physics
Hoa,Ngo,hoa.ngo4231,hoa.ngo4231@student.sims.edu,,2002-06-14,555-4710,945 Nguyen Hue,Ha Noi,Electronics
Nam,Bui,nam.bui4232,nam.bui4232@student.sims.edu,,2001-09-14,555-1024,781 Nguyen Hue,Ho Chi Minh,Computer Science
Son,Nguyen,son.nguyen4233,son.nguyen4233@student.sims.edu,,2001-06-18,555-4624,645 Tran Phu,Ha Noi,Physics
Hung,Hoang,hung.hoang4234,hung.hoang4234@student.sims.edu,,2001-05-28,555-7317,136 Hai Ba Trung,Can Tho,Mathematics
Minh,Pham,minh.pham4235,minh.pham4235@student.sims.edu,,2001-09-15,555-2186,623 Nguyen Hue,Ho Chi Minh,Information Technology
Son,Tran,son.tran4236,son.tran4236@student.sims.edu,,2002-12-06,555-5424,284 Nguyen Hue,Da Nang,Physics
Bao,Ly,bao.ly4237,bao.ly4237@student.sims.edu,,2005-12-15,555-9377,874 Le Loi,Ha Noi,Physics
Minh,Pham,minh.pham4238,minh.pham4238@student.sims.edu,,2003-10-18,555-1526,284 Hai Ba Trung,Hue,Computer Science
Ha,Nguyen,ha.nguyen4239,ha.nguyen4239@student.sims.edu,,2003-06-19,555-2527,155 Hai Ba Trung,Hue,Information Technology
Hai,Pham,hai.pham4240,hai.pham4240@student.sims.edu,,2004-06-18,555-5781,203 Tran Phu,Can Tho,Information Technology
Thao,Huynh,thao.huynh4241,thao.huynh4241@student.sims.edu,,2001-11-20,555-5706,564 Le Loi,Hue,Mathematics
Bao,Duong,bao.duong4242,bao.duong4242@student.sims.edu,,2003-10-10,555-1350,352 Le Loi,Hue,Electronics
Giang,Ngo,giang.ngo4243,giang.ngo4243@student.sims.edu,,2005-12-25,555-3309,433 Tran Phu,Hue,Information Technology
Mai,Huynh,mai.huynh4244,mai.huynh4244@student.sims.edu,,2005-12-03,555-4322,158 Le Loi,Da Nang,Electronics
Quang,Duong,quang.duong4245,quang.duong4245@student.sims.edu,,2003-08-18,555-3405,790 Le Loi,Ho Chi Minh,Electronics
Tam,Dang,tam.dang4246,tam.dang4246@student.sims.edu,,2003-12-05,555-7176,421 Hai Ba Trung,Nha Trang,Mathematics
Yen,Duong,yen.duong4247,yen.duong4247@student.sims.edu,,2002-03-18,555-6585,531 Nguyen Hue,Ho Chi Minh,Electronics
Hai,Vo,hai.vo4248,hai.vo4248@student.sims.edu,,2005-10-22,555-5371,714 Nguyen Hue,Hue,Information Technology
Quang,Hoang,quang.hoang4249,quang.hoang4249@student.sims.edu,,2005-02-06,555-4228,282 Le Loi,Hue,Electronics
Thu,Tran,thu.tran4250,thu.tran4250@student.sims.edu,,2005-12-10,555-2555,784 Tran Phu,Da Nang,Physics
Duc,Nguyen,duc.nguyen4251,duc.nguyen4251@student.sims.edu,,2004-02-08,555-2491,782 Le Loi,Nha Trang,Mathematics
An,Bui,an.bui4252,an.bui4252@student.sims.edu,,2005-09-12,555-8609,989 Hai Ba Trung,Can Tho,Business
Linh,Huynh,linh.huynh4253,linh.huynh4253@student.sims.edu,,2001-10-05,555-1590,905 Hai Ba Trung,Da Nang,Information Technology
Hung,Do,hung.do4254,hung.do4254@student.sims.edu,,2005-02-13,555-5474,604 Le Loi,Hai Phong,Physics
Quang,Do,quang.do4255,quang.do4255@student.sims.edu,,2005-05-17,555-9779,863 Le Loi,Nha Trang,Information Technology
Hai,Duong,hai.duong4256,hai.duong4256@student.sims.edu,,2002-04-28,555-6201,829 Nguyen Hue,Ho Chi Minh,Electronics
An,Ly,an.ly4257,an.ly4257@student.sims.edu,,2005-01-12,555-6755,263 Tran Phu,Ho Chi Minh,Physics
Lan,Vo,lan.vo4258,lan.vo4258@student.sims.edu,,2003-08-27,555-3537,190 Le Loi,Hue,Information Technology
Binh,Tran,binh.tran4259,binh.tran4259@student.sims.edu,,2002-03-01,555-9652,150 Nguyen Hue,Nha Trang,Electronics
Quang,Duong,quang.duong4260,quang.duong4260@student.sims.edu,,2003-11-08,555-9512,442 Le Loi,Da Nang,Electronics
Thao,Vu,thao.vu4261,thao.vu4261@student.sims.edu,,2004-09-27,555-6284,438 Hai Ba Trung,Ho Chi Minh,Physics
An,Vu,an.vu4262,an.vu4262@student.sims.edu,,2005-09-16,555-6593,538 Le Loi,Can Tho,Electronics
Thao,Vu,thao.vu4263,thao.vu4263@student.sims.edu,,2004-06-27,555-1016,22 Nguyen Hue,Ha Noi,Physics
Binh,Huynh,binh.huynh4264,binh.huynh4264@student.sims.edu,,2004-03-25,555-4927,12 Hai Ba Trung,Da Nang,Business
Binh,Do,binh.do4265,binh.do4265@student.sims.edu,,2001-06-19,555-1161,843 Le Loi,Hai Phong,Information Technology
Yen,Pham,yen.pham4266,yen.pham4266@student.sims.edu,,2003-04-07,555-5706,446 Le Loi,Ha Noi,Electronics
Hai,Duong,hai.duong4267,hai.duong4267@student.sims.edu,,2001-07-19,555-5815,47 Hai Ba Trung,Ho Chi Minh,Electronics
Quyen,Bui,quyen.bui4268,quyen.bui4268@student.sims.edu,,2003-11-17,555-5082,600 Hai Ba Trung,Can Tho,Computer Science
Yen,Ly,yen.ly4269,yen.ly4269@student.sims.edu,,2002-02-24,555-9429,656 Tran Phu,Ha Noi,Business
Thao,Ho,thao.ho4270,thao.ho4270@student.sims.edu,,2001-08-24,555-3677,198 Le Loi,Can Tho,Information Technology
Tuan,Le,tuan.le4271,tuan.le4271@student.sims.edu,,2004-04-18,555-6234,2 Tran Phu,Ha Noi,Electronics
Yen,Pham,yen.pham4272,yen.pham4272@student.sims.edu,,2001-10-25,555-6033,141 Nguyen Hue,Hue,Physics
Hoa,Bui,hoa.bui4273,hoa.bui4273@student.sims.edu,,2001-01-20,555-6084,756 Le Loi,Ho Chi Minh,Information Technology
Quang,Vu,quang.vu4274,quang.vu4274@student.sims.edu,,2002-05-24,555-4690,180 Hai Ba Trung,Can Tho,Business
Vy,Bui,vy.bui4275,vy.bui4275@student.sims.edu,,2003-12-23,555-8384,620 Hai Ba Trung,Can Tho,Electronics
Lan,Dang,lan.dang4276,lan.dang4276@student.sims.edu,,2001-09-27,555-4634,466 Nguyen Hue,Nha Trang,Electronics
Phong,Vo,phong.vo4277,phong.vo4277@student.sims.edu,,2003-01-01,555-7489,77 Tran Phu,Can Tho,Computer Science
Thu,Huynh,thu.huynh4278,thu.huynh4278@student.sims.edu,,2001-04-01,555-2283,122 Tran Phu,Nha Trang,Information Technology
Linh,Bui,linh.bui4279,linh.bui4279@student.sims.edu,,2003-03-10,555-1500,910 Tran Phu,Hue,Business
Quyen,Dang,quyen.dang4280,quyen.dang4280@student.sims.edu,,2001-11-15,555-6571,42 Le Loi,Nha Trang,Physics
Ngoc,Le,ngoc.le4281,ngoc.le4281@student.sims.edu,,2003-02-04,555-2904,820 Tran Phu,Da Nang,Information Technology
Giang,Do,giang.do4282,giang.do4282@student.sims.edu,,2004-08-05,555-9413,843 Tran Phu,Da Nang,Computer Science
Hung,Ly,hung.ly4283,hung.ly4283@student.sims.edu,,2004-01-03,555-8186,618 Le Loi,Hue,Computer Science
Giang,Vu,giang.vu4284,giang.vu4284@student.sims.edu,,2002-05-22,555-5609,789 Nguyen Hue,Hue,Electronics
Thao,Le,thao.le4285,thao.le4285@student.sims.edu,,2003-03-20,555-4375,57 Le Loi,Hue,Mathematics
Ngoc,Ho,ngoc.ho4286,ngoc.ho4286@student.sims.edu,,2001-08-25,555-3670,47 Tran Phu,Ha Noi,Mathematics
Chi,Tran,chi.tran4287,chi.tran4287@student.sims.edu,,2003-07-07,555-2097,745 Nguyen Hue,Hue,Electronics
Quang,Ngo,quang.ngo4288,quang.ngo4288@student.sims.edu,,2003-08-03,555-6280,627 Le Loi,Ha Noi,Business
Tam,Le,tam.le4289,tam.le4289@student.sims.edu,,2002-05-22,555-8319,667 Tran Phu,Nha Trang,Business
Hoa,Tran,hoa.tran4290,hoa.tran4290@student.sims.edu,,2001-06-19,555-7094,219 Nguyen Hue,Da Nang,Mathematics
Minh,Bui,minh.bui4291,minh.bui4291@student.sims.edu,,2003-07-15,555-6635,892 Hai Ba Trung,Can Tho,Business
Minh,Hoang,minh.hoang4292,minh.hoang4292@student.sims.edu,,2001-04-10,555-9555,372 Hai Ba Trung,Nha Trang,Computer Science
Phong,Ngo,phong.ngo4293,phong.ngo4293@student.sims.edu,,2004-05-23,555-7772,676 Hai Ba Trung,Nha Trang,Information Technology
Thu,Ly,thu.ly4294,thu.ly4294@student.sims.edu,,2005-05-16,555-2107,936 Tran Phu,Hai Phong,Physics
Linh,Huynh,linh.huynh4295,linh.huynh4295@student.sims.edu,,2001-05-20,555-8315,831 Le Loi,Can Tho,Information Technology
Hai,Duong,hai.duong4296,hai.duong4296@student.sims.edu,,2004-02-17,555-2007,405 Nguyen Hue,Ha Noi,Business
Mai,Ho,mai.ho4297,mai.ho4297@student.sims.edu,,2002-01-28,555-4164,287 Nguyen Hue,Ho Chi Minh,Computer Science
Hung,Vo,hung.vo4298,hung.vo4298@student.sims.edu,,2001-03-13,555-5620,707 Hai Ba Trung,Da Nang,Information Technology
Ngoc,Dang,ngoc.dang4299,ngoc.dang4299@student.sims.edu,,2003-05-09,555-6580,892 Le Loi,Ha Noi,Information Technology
Tuan,Vo,tuan.vo4300,tuan.vo4300@student.sims.edu,,2004-06-12,555-2131,609 Nguyen Hue,Can Tho,Information Technology
Chi,Bui,chi.bui4301,chi.bui4301@student.sims.edu,,2004-11-06,555-6559,655 Tran Phu,Ho Chi Minh,Mathematics
Dung,Vo,dung.vo4302,dung.vo4302@student.sims.edu,,2005-07-28,555-4050,256 Tran Phu,Can Tho,Computer Science
Mai,Ho,mai.ho4303,mai.ho4303@student.sims.edu,,2004-10-23,555-8227,79 Hai Ba Trung,Ho Chi Minh,Physics
Dung,Vu,dung.vu4304,dung.vu4304@student.sims.edu,,2005-12-25,555-4772,741 Tran Phu,Da Nang,Business
Hai,Nguyen,hai.nguyen4305,hai.nguyen4305@student.sims.edu,,2004-08-05,555-4741,315 Nguyen Hue,Can Tho,Mathematics
Giang,Do,giang.do4306,giang.do4306@student.sims.edu,,2003-12-15,555-2533,72 Le Loi,Da Nang,Business
Chi,Bui,chi.bui4307,chi.bui4307@student.sims.edu,,2001-11-27,555-3655,50 Tran Phu,Ha Noi,Computer Science
Ngoc,Huynh,ngoc.huynh4308,ngoc.huynh4308@student.sims.edu,,2004-02-27,555-1030,780 Hai Ba Trung,Can Tho,Electronics
Tam,Nguyen,tam.nguyen4309,tam.nguyen4309@student.sims.edu,,2005-03-15,555-2714,918 Tran Phu,Can Tho,Information Technology
Khanh,Ngo,khanh.ngo4310,khanh.ngo4310@student.sims.edu,,2005-08-16,555-3391,668 Tran Phu,Ho Chi Minh,Computer Science
Nga,Le,nga.le4311,nga.le4311@student.sims.edu,,2003-12-06,555-7528,269 Tran Phu,Hue,Information Technology
Thao,Ho,thao.ho4312,thao.ho4312@student.sims.edu,,2004-08-03,555-3777,959 Tran Phu,Ho Chi Minh,Information Technology
Son,Dang,son.dang4313,son.dang4313@student.sims.edu,,2005-11-17,555-3757,175 Hai Ba Trung,Hai Phong,Computer Science
Linh,Pham,linh.pham4314,linh.pham4314@student.sims.edu,,2005-10-15,555-4091,746 Tran Phu,Nha Trang,Information Technology
Mai,Bui,mai.bui4315,mai.bui4315@student.sims.edu,,2002-11-25,555-9932,425 Tran Phu,Hue,Information Technology
Thu,Ly,thu.ly4316,thu.ly4316@student.sims.edu,,2001-03-15,555-3347,214 Le Loi,Da Nang,Mathematics
Thao,Le,thao.le4317,thao.le4317@student.sims.edu,,2004-04-04,555-3341,231 Le Loi,Can Tho,Computer Science
Mai,Huynh,mai.huynh4318,mai.huynh4318@student.sims.edu,,2005-09-25,555-7884,3 Tran Phu,Ho Chi Minh,Electronics
Phong,Nguyen,phong.nguyen4319,phong.nguyen4319@student.sims.edu,,2004-04-14,555-2866,483 Tran Phu,Ho Chi Minh,Electronics
Nga,Pham,nga.pham4320,nga.pham4320@student.sims.edu,,2004-10-09,555-3938,955 Le Loi,Hai Phong,Information Technology
Tam,Bui,tam.bui4321,tam.bui4321@student.sims.edu,,2004-10-20,555-4275,83 Le Loi,Nha Trang,Physics
Mai,Huynh,mai.huynh4322,mai.huynh4322@student.sims.edu,,2002-04-06,555-6204,852 Le Loi,Hai Phong,Physics
Thao,Le,thao.le4323,thao.le4323@student.sims.edu,,2004-03-07,555-3991,541 Tran Phu,Hue,Mathematics
Giang,Dang,giang.dang4324,giang.dang4324@student.sims.edu,,2003-10-22,555-5272,490 Tran Phu,Nha Trang,Information Technology
Vy,Ho,vy.ho4325,vy.ho4325@student.sims.edu,,2002-07-07,555-6079,273 Le Loi,Nha Trang,Mathematics
Khanh,Hoang,khanh.hoang4326,khanh.hoang4326@student.sims.edu,,2004-03-03,555-8998,912 Nguyen Hue,Ho Chi Minh,Business
Trang,Vu,trang.vu4327,trang.vu4327@student.sims.edu,,2005-12-14,555-1276,791 Hai Ba Trung,Da Nang,Business
Giang,Do,giang.do4328,giang.do4328@student.sims.edu,,2003-08-06,555-7798,765 Tran Phu,Da Nang,Electronics
Chi,Duong,chi.duong4329,chi.duong4329@student.sims.edu,,2001-01-13,555-7083,628 Hai Ba Trung,Nha Trang,Physics
Hoa,Pham,hoa.pham4330,hoa.pham4330@student.sims.edu,,2002-10-21,555-9954,903 Hai Ba Trung,Hue,Physics
Ha,Pham,ha.pham4331,ha.pham4331@student.sims.edu,,2001-02-04,555-1012,888 Le Loi,Da Nang,Computer Science
Phong,Vo,phong.vo4332,phong.vo4332@student.sims.edu,,2003-01-22,555-5157,454 Le Loi,Hue,Computer Science
Hai,Pham,hai.pham4333,hai.pham4333@student.sims.edu,,2004-07-21,555-9245,738 Hai Ba Trung,Nha Trang,Mathematics
Yen,Pham,yen.pham4334,yen.pham4334@student.sims.edu,,2001-11-04,555-1445,317 Nguyen Hue,Hai Phong,Computer Science
Binh,Le,binh.le4335,binh.le4335@student.sims.edu,,2002-03-23,555-9196,849 Tran Phu,Hai Phong,Information Technology
Yen,Hoang,yen.hoang4336,yen.hoang4336@student.sims.edu,,2003-07-17,555-5496,762 Hai Ba Trung,Ho Chi Minh,Business
Thao,Ly,thao.ly4337,thao.ly4337@student.sims.edu,,2002-08-21,555-5176,388 Tran Phu,Da Nang,Computer Science
Khanh,Nguyen,khanh.nguyen4338,khanh.nguyen4338@student.sims.edu,,2004-05-28,555-2196,426 Nguyen Hue,Nha Trang,Business
Son,Hoang,son.hoang4339,son.hoang4339@student.sims.edu,,2005-04-28,555-5012,287 Hai Ba Trung,Ha Noi,Physics
Hoa,Vu,hoa.vu4340,hoa.vu4340@student.sims.edu,,2005-01-09,555-5606,891 Hai Ba Trung,Nha Trang,Information Technology
Duc,Duong,duc.duong4341,duc.duong4341@student.sims.edu,,2002-07-11,555-9708,700 Tran Phu,Ha Noi,Business
Quyen,Tran,quyen.tran4342,quyen.tran4342@student.sims.edu,,2003-06-07,555-3486,703 Nguyen Hue,Hue,Business
Tuan,Ngo,tuan.ngo4343,tuan.ngo4343@student.sims.edu,,2002-05-17,555-3562,223 Tran Phu,Da Nang,Electronics
Nam,Do,nam.do4344,nam.do4344@student.sims.edu,,2005-01-26,555-3304,84 Le Loi,Hue,Information Technology
Quang,Vo,quang.vo4345,quang.vo4345@student.sims.edu,,2001-01-04,555-5711,713 Nguyen Hue,Hai Phong,Electronics
Lan,Dang,lan.dang4346,lan.dang4346@student.sims.edu,,2002-01-01,555-8192,599 Nguyen Hue,Ho Chi Minh,Business
Binh,Vu,binh.vu4347,binh.vu4347@student.sims.edu,,2003-07-21,555-2718,524 Le Loi,Hue,Physics
Dung,Do,dung.do4348,dung.do4348@student.sims.edu,,2003-11-01,555-8705,240 Nguyen Hue,Hai Phong,Electronics
Chi,Pham,chi.pham4349,chi.pham4349@student.sims.edu,,2002-05-13,555-3673,675 Nguyen Hue,Nha Trang,Computer Science
Yen,Vo,yen.vo4350,yen.vo4350@student.sims.edu,,2001-10-04,555-5537,321 Nguyen Hue,Nha Trang,Electronics
An,Ngo,an.ngo4351,an.ngo4351@student.sims.edu,,2005-05-23,555-6543,649 Tran Phu,Can Tho,Computer Science
Hung,Ly,hung.ly4352,hung.ly4352@student.sims.edu,,2001-01-08,555-9509,767 Nguyen Hue,Da Nang,Computer Science
Quyen,Duong,quyen.duong4353,quyen.duong4353@student.sims.edu,,2005-03-13,555-2885,595 Nguyen Hue,Da Nang,Business
Giang,Ngo,giang.ngo4354,giang.ngo4354@student.sims.edu,,2001-03-12,555-6186,966 Nguyen Hue,Hai Phong,Information Technology
Quang,Vo,quang.vo4355,quang.vo4355@student.sims.edu,,2003-03-06,555-6155,510 Tran Phu,Da Nang,Computer Science
Vy,Huynh,vy.huynh4356,vy.huynh4356@student.sims.edu,,2005-03-22,555-3990,740 Hai Ba Trung,Hai Phong,Mathematics
Yen,Hoang,yen.hoang4357,yen.hoang4357@student.sims.edu,,2001-07-13,555-9671,754 Tran Phu,Can Tho,Information Technology
Linh,Vo,linh.vo4358,linh.vo4358@student.sims.edu,,2003-08-21,555-3359,963 Nguyen Hue,Nha Trang,Physics
Tam,Ho,tam.ho4359,tam.ho4359@student.sims.edu,,2003-09-08,555-5191,533 Le Loi,Da Nang,Business
An,Ngo,an.ngo4360,an.ngo4360@student.sims.edu,,2004-08-10,555-2660,259 Hai Ba Trung,Hai Phong,Electronics
Son,Hoang,son.hoang4361,son.hoang4361@student.sims.edu,,2002-12-25,555-1280,902 Nguyen Hue,Ho Chi Minh,Mathematics
Mai,Pham,mai.pham4362,mai.pham4362@student.sims.edu,,2003-01-25,555-7660,563 Le Loi,Nha Trang,Mathematics
Tam,Ngo,tam.ngo4363,tam.ngo4363@student.sims.edu,,2001-08-06,555-8556,386 Tran Phu,Da Nang,Electronics
Ha,Do,ha.do4364,ha.do4364@student.sims.edu,,2001-07-09,555-4110,458 Tran Phu,Da Nang,Mathematics
Khanh,Ho,khanh.ho4365,khanh.ho4365@student.sims.edu,,2002-01-23,555-6672,49 Nguyen Hue,Ha Noi,Computer Science
Phong,Duong,phong.duong4366,phong.duong4366@student.sims.edu,,2002-08-03,555-7961,148 Nguyen Hue,Ho Chi Minh,Business
Nga,Hoang,nga.hoang4367,nga.hoang4367@student.sims.edu,,2001-01-28,555-6755,750 Hai Ba Trung,Hue,Business
Chi,Do,chi.do4368,chi.do4368@student.sims.edu,,2001-07-13,555-5433,229 Nguyen Hue,Nha Trang,Information Technology
Hung,Vu,hung.vu4369,hung.vu4369@student.sims.edu,,2003-06-23,555-2652,299 Nguyen Hue,Hai Phong,Mathematics
Hai,Dang,hai.dang4370,hai.dang4370@student.sims.edu,,2002-02-18,555-6231,921 Tran Phu,Ha Noi,Business
Linh,Vu,linh.vu4371,linh.vu4371@student.sims.edu,,2001-12-19,555-3971,544 Le Loi,Nha Trang,Computer Science
Ha,Pham,ha.pham4372,ha.pham4372@student.sims.edu,,2003-03-18,555-2704,619 Le Loi,Da Nang,Mathematics
Binh,Do,binh.do4373,binh.do4373@student.sims.edu,,2003-04-12,555-8865,185 Nguyen Hue,Can Tho,Mathematics
Duc,Tran,duc.tran4374,duc.tran4374@student.sims.edu,,2004-01-12,555-9410,49 Hai Ba Trung,Hue,Information Technology
Tuan,Nguyen,tuan.nguyen4375,tuan.nguyen4375@student.sims.edu,,2003-04-08,555-4104,827 Le Loi,Hai Phong,Electronics
Binh,Hoang,binh.hoang4376,binh.hoang4376@student.sims.edu,,2002-01-12,555-3368,446 Nguyen Hue,Hue,Information Technology
Tuan,Vo,tuan.vo4377,tuan.vo4377@student.sims.edu,,2001-07-12,555-9882,926 Hai Ba Trung,Da Nang,Mathematics
Dung,Vu,dung.vu4378,dung.vu4378@student.sims.edu,,2001-01-13,555-6521,23 Tran Phu,Da Nang,Physics
Thu,Do,thu.do4379,thu.do4379@student.sims.edu,,2003-12-07,555-4485,362 Le Loi,Ho Chi Minh,Business
Phong,Huynh,phong.huynh4380,phong.huynh4380@student.sims.edu,,2004-01-12,555-4577,447 Tran Phu,Hai Phong,Business
Nam,Ngo,nam.ngo4381,nam.ngo4381@student.sims.edu,,2002-08-11,555-4700,141 Hai Ba Trung,Can Tho,Information Technology
Binh,Pham,binh.pham4382,binh.pham4382@student.sims.edu,,2005-01-20,555-8106,886 Nguyen Hue,Can Tho,Physics
Minh,Duong,minh.duong4383,minh.duong4383@student.sims.edu,,2001-03-19,555-5051,957 Tran Phu,Nha Trang,Information Technology
Khanh,Le,khanh.le4384,khanh.le4384@student.sims.edu,,2003-12-28,555-1194,52 Hai Ba Trung,Can Tho,Physics
Linh,Pham,linh.pham4385,linh.pham4385@student.sims.edu,,2002-12-10,555-8155,37 Le Loi,Hai Phong,Information Technology
Linh,Pham,linh.pham4386,linh.pham4386@student.sims.edu,,2001-05-19,555-4320,779 Hai Ba Trung,Ho Chi Minh,Electronics
Tuan,Ngo,tuan.ngo4387,tuan.ngo4387@student.sims.edu,,2003-01-16,555-7053,352 Tran Phu,Da Nang,Information Technology
Thu,Ly,thu.ly4388,thu.ly4388@student.sims.edu,,2001-05-01,555-7529,755 Hai Ba Trung,Can Tho,Mathematics
An,Pham,an.pham4389,an.pham4389@student.sims.edu,,2005-06-01,555-6643,146 Hai Ba Trung,Ha Noi,Business
Thao,Do,thao.do4390,thao.do4390@student.sims.edu,,2005-02-22,555-5574,296 Hai Ba Trung,Nha Trang,Mathematics
Thu,Ho,thu.ho4391,thu.ho4391@student.sims.edu,,2003-09-17,555-5969,799 Le Loi,Ha Noi,Electronics
Yen,Tran,yen.tran4392,yen.tran4392@student.sims.edu,,2003-06-20,555-9793,59 Hai Ba Trung,Hai Phong,Business
Tam,Huynh,tam.huynh4393,tam.huynh4393@student.sims.edu,,2001-05-14,555-2384,578 Le Loi,Ha Noi,Computer Science
Tam,Le,tam.le4394,tam.le4394@student.sims.edu,,2002-03-15,555-7726,896 Tran Phu,Hue,Mathematics
Dung,Tran,dung.tran4395,dung.tran4395@student.sims.edu,,2001-02-15,555-6648,181 Hai Ba Trung,Can Tho,Physics
Linh,Dang,linh.dang4396,linh.dang4396@student.sims.edu,,2004-10-11,555-7161,890 Tran Phu,Hai Phong,Physics
Nam,Hoang,nam.hoang4397,nam.hoang4397@student.sims.edu,,2001-10-09,555-8007,54 Hai Ba Trung,Ha Noi,Mathematics
An,Do,an.do4398,an.do4398@student.sims.edu,,2004-09-21,555-3689,167 Nguyen Hue,Hai Phong,Physics
Khanh,Nguyen,khanh.nguyen4399,khanh.nguyen4399@student.sims.edu,,2002-04-10,555-1950,119 Nguyen Hue,Nha Trang,Business
Nga,Huynh,nga.huynh4400,nga.huynh4400@student.sims.edu,,2001-01-28,555-8470,896 Nguyen Hue,Hai Phong,Physics
Tam,Do,tam.do4401,tam.do4401@student.sims.edu,,2003-07-23,555-8651,111 Nguyen Hue,Nha Trang,Physics
An,Bui,an.bui4402,an.bui4402@student.sims.edu,,2001-03-05,555-3851,385 Nguyen Hue,Hue,Business
Quang,Pham,quang.pham4403,quang.pham4403@student.sims.edu,,2005-05-15,555-4393,973 Hai Ba Trung,Hai Phong,Electronics
An,Le,an.le4404,an.le4404@student.sims.edu,,2003-08-02,555-8761,51 Nguyen Hue,Can Tho,Mathematics
Hoa,Do,hoa.do4405,hoa.do4405@student.sims.edu,,2001-09-10,555-3256,362 Le Loi,Hue,Electronics
Hung,Pham,hung.pham4406,hung.pham4406@student.sims.edu,,2001-11-15,555-7569,657 Nguyen Hue,Hue,Computer Science
Linh,Le,linh.le4407,linh.le4407@student.sims.edu,,2001-11-07,555-3211,381 Hai Ba Trung,Da Nang,Information Technology
Quang,Dang,quang.dang4408,quang.dang4408@student.sims.edu,,2004-02-01,555-7017,291 Nguyen Hue,Da Nang,Mathematics
Chi,Vu,chi.vu4409,chi.vu4409@student.sims.edu,,2004-07-26,555-6553,318 Hai Ba Trung,Can Tho,Physics
Ngoc,Bui,ngoc.bui4410,ngoc.bui4410@student.sims.edu,,2004-05-11,555-1512,681 Tran Phu,Nha Trang,Electronics
Khanh,Vo,khanh.vo4411,khanh.vo4411@student.sims.edu,,2001-02-21,555-9052,247 Nguyen Hue,Ho Chi Minh,Mathematics
Hai,Duong,hai.duong4412,hai.duong4412@student.sims.edu,,2005-09-08,555-3946,317 Hai Ba Trung,Ha Noi,Business
Mai,Le,mai.le4413,mai.le4413@student.sims.edu,,2002-04-15,555-1737,417 Nguyen Hue,Ha Noi,Electronics
Quang,Vo,quang.vo4414,quang.vo4414@student.sims.edu,,2003-11-21,555-7631,92 Nguyen Hue,Ha Noi,Business
Linh,Vu,linh.vu4415,linh.vu4415@student.sims.edu,,2005-05-25,555-6456,660 Nguyen Hue,Hue,Physics
An,Hoang,an.hoang4416,an.hoang4416@student.sims.edu,,2001-08-26,555-1128,737 Hai Ba Trung,Hai Phong,Computer Science
Ha,Le,ha.le4417,ha.le4417@student.sims.edu,,2002-06-24,555-3182,682 Hai Ba Trung,Can Tho,Electronics
Hai,Huynh,hai.huynh4418,hai.huynh4418@student.sims.edu,,2002-04-27,555-9518,505 Le Loi,Nha Trang,Information Technology
Duc,Nguyen,duc.nguyen4419,duc.nguyen4419@student.sims.edu,,2005-10-02,555-5699,500 Le Loi,Da Nang,Mathematics
Khanh,Ho,khanh.ho4420,khanh.ho4420@student.sims.edu,,2005-09-26,555-9458,601 Le Loi,Ho Chi Minh,Electronics
Nam,Vu,nam.vu4421,nam.vu4421@student.sims.edu,,2001-12-26,555-5353,869 Le Loi,Nha Trang,Information Technology
Mai,Vo,mai.vo4422,mai.vo4422@student.sims.edu,,2002-09-12,555-3620,213 Le Loi,Can Tho,Mathematics
Minh,Le,minh.le4423,minh.le4423@student.sims.edu,,2003-07-15,555-4763,948 Hai Ba Trung,Can Tho,Computer Science
Mai,Ho,mai.ho4424,mai.ho4424@student.sims.edu,,2002-10-15,555-8596,227 Hai Ba Trung,Ha Noi,Mathematics
Quyen,Duong,quyen.duong4425,quyen.duong4425@student.sims.edu,,2002-09-05,555-7631,160 Hai Ba Trung,Nha Trang,Business
Khanh,Ho,khanh.ho4426,khanh.ho4426@student.sims.edu,,2001-06-15,555-9712,732 Hai Ba Trung,Hai Phong,Information Technology
Ha,Vo,ha.vo4427,ha.vo4427@student.sims.edu,,2001-09-08,555-9185,628 Nguyen Hue,Can Tho,Computer Science
Trang,Dang,trang.dang4428,trang.dang4428@student.sims.edu,,2005-11-10,555-3497,710 Hai Ba Trung,Ha Noi,Physics
Phong,Le,phong.le4429,phong.le4429@student.sims.edu,,2004-01-06,555-2540,124 Tran Phu,Nha Trang,Physics
Hung,Tran,hung.tran4430,hung.tran4430@student.sims.edu,,2002-02-07,555-9910,669 Le Loi,Ho Chi Minh,Information Technology
Binh,Duong,binh.duong4431,binh.duong4431@student.sims.edu,,2005-08-05,555-2917,554 Nguyen Hue,Hai Phong,Physics
Duc,Ly,duc.ly4432,duc.ly4432@student.sims.edu,,2001-02-20,555-8303,911 Le Loi,Hue,Business
Nga,Ho,nga.ho4433,nga.ho4433@student.sims.edu,,2004-03-15,555-9035,611 Tran Phu,Hai Phong,Physics
Bao,Nguyen,bao.nguyen4434,bao.nguyen4434@student.sims.edu,,2003-08-13,555-1440,941 Hai Ba Trung,Ha Noi,Physics
Nam,Vu,nam.vu4435,nam.vu4435@student.sims.edu,,2004-05-26,555-2738,96 Le Loi,Ha Noi,Physics
Dung,Vo,dung.vo4436,dung.vo4436@student.sims.edu,,2004-07-21,555-5317,487 Tran Phu,Ha Noi,Information Technology
Tuan,Do,tuan.do4437,tuan.do4437@student.sims.edu,,2005-08-09,555-1837,896 Tran Phu,Hai Phong,Information Technology
Ngoc,Pham,ngoc.pham4438,ngoc.pham4438@student.sims.edu,,2005-05-22,555-4646,544 Tran Phu,Ho Chi Minh,Mathematics
Duc,Huynh,duc.huynh4439,duc.huynh4439@student.sims.edu,,2002-01-18,555-3967,918 Hai Ba Trung,Hue,Mathematics
Phong,Vu,phong.vu4440,phong.vu4440@student.sims.edu,,2005-07-28,555-3529,8 Le Loi,Da Nang,Computer Science
Trang,Tran,trang.tran4441,trang.tran4441@student.sims.edu,,2004-04-10,555-6970,976 Tran Phu,Nha Trang,Computer Science
Hung,Le,hung.le4442,hung.le4442@student.sims.edu,,2005-04-17,555-8080,934 Nguyen Hue,Hai Phong,Electronics
Quyen,Tran,quyen.tran4443,quyen.tran4443@student.sims.edu,,2003-07-19,555-5079,837 Hai Ba Trung,Can Tho,Information Technology
Thao,Nguyen,thao.nguyen4444,thao.nguyen4444@student.sims.edu,,2004-05-04,555-1130,382 Tran Phu,Hue,Information Technology
Hung,Tran,hung.tran4445,hung.tran4445@student.sims.edu,,2005-09-12,555-5214,786 Tran Phu,Da Nang,Electronics
Thao,Bui,thao.bui4446,thao.bui4446@student.sims.edu,,2003-11-27,555-9599,291 Hai Ba Trung,Hai Phong,Electronics
Nga,Ho,nga.ho4447,nga.ho4447@student.sims.edu,,2001-04-09,555-7048,159 Tran Phu,Ha Noi,Mathematics
Linh,Huynh,linh.huynh4448,linh.huynh4448@student.sims.edu,,2004-08-08,555-4030,424 Hai Ba Trung,Hai Phong,Electronics
Nga,Ngo,nga.ngo4449,nga.ngo4449@student.sims.edu,,2002-01-24,555-4184,547 Le Loi,Can Tho,Business
Nam,Dang,nam.dang4450,nam.dang4450@student.sims.edu,,2001-03-08,555-8251,974 Le Loi,Hai Phong,Mathematics
Duc,Dang,duc.dang4451,duc.dang4451@student.sims.edu,,2003-06-08,555-2212,336 Nguyen Hue,Ho Chi Minh,Information Technology
Hung,Vu,hung.vu4452,hung.vu4452@student.sims.edu,,2001-02-15,555-9221,359 Le Loi,Da Nang,Physics
Hoa,Ly,hoa.ly4453,hoa.ly4453@student.sims.edu,,2002-10-04,555-1078,511 Nguyen Hue,Ho Chi Minh,Electronics
Linh,Ngo,linh.ngo4454,linh.ngo4454@student.sims.edu,,2004-09-09,555-8459,803 Le Loi,Hue,Computer Science
Yen,Bui,yen.bui4455,yen.bui4455@student.sims.edu,,2003-12-16,555-4959,367 Nguyen Hue,Nha Trang,Business
Yen,Duong,yen.duong4456,yen.duong4456@student.sims.edu,,2003-03-15,555-5474,757 Tran Phu,Hue,Mathematics
Nga,Vu,nga.vu4457,nga.vu4457@student.sims.edu,,2005-09-17,555-7015,218 Le Loi,Can Tho,Business
Lan,Tran,lan.tran4458,lan.tran4458@student.sims.edu,,2002-02-08,555-3671,766 Tran Phu,Da Nang,Electronics
Tuan,Dang,tuan.dang4459,tuan.dang4459@student.sims.edu,,2002-06-04,555-9019,582 Le Loi,Nha Trang,Mathematics
Quang,Duong,quang.duong4460,quang.duong4460@student.sims.edu,,2002-12-18,555-4193,176 Nguyen Hue,Hai Phong,Electronics
Thao,Nguyen,thao.nguyen4461,thao.nguyen4461@student.sims.edu,,2001-08-17,555-4200,252 Hai Ba Trung,Ha Noi,Mathematics
Binh,Le,binh.le4462,binh.le4462@student.sims.edu,,2003-09-02,555-2325,656 Nguyen Hue,Ha Noi,Information Technology
Thao,Duong,thao.duong4463,thao.duong4463@student.sims.edu,,2005-10-25,555-7888,103 Nguyen Hue,Can Tho,Information Technology
Thao,Do,thao.do4464,thao.do4464@student.sims.edu,,2005-09-01,555-7003,804 Nguyen Hue,Da Nang,Information Technology
Quang,Vo,quang.vo4465,quang.vo4465@student.sims.edu,,2004-04-10,555-9997,920 Tran Phu,Hai Phong,Computer Science
Tuan,Ly,tuan.ly4466,tuan.ly4466@student.sims.edu,,2001-10-26,555-8094,92 Hai Ba Trung,Ha Noi,Business
Duc,Do,duc.do4467,duc.do4467@student.sims.edu,,2004-05-19,555-3828,171 Le Loi,Ha Noi,Computer Science
Ha,Le,ha.le4468,ha.le4468@student.sims.edu,,2003-12-18,555-1947,281 Tran Phu,Can Tho,Information Technology
Thu,Ngo,thu.ngo4469,thu.ngo4469@student.sims.edu,,2004-02-15,555-6445,201 Nguyen Hue,Ha Noi,Information Technology
Giang,Bui,giang.bui4470,giang.bui4470@student.sims.edu,,2001-12-13,555-4138,351 Nguyen Hue,Hai Phong,Mathematics
Nga,Dang,nga.dang4471,nga.dang4471@student.sims.edu,,2002-05-20,555-8135,397 Le Loi,Ho Chi Minh,Computer Science
Ngoc,Ly,ngoc.ly4472,ngoc.ly4472@student.sims.edu,,2004-03-15,555-5066,565 Hai Ba Trung,Ho Chi Minh,Information Technology
Quang,Vo,quang.vo4473,quang.vo4473@student.sims.edu,,2005-05-04,555-6819,240 Tran Phu,Hai Phong,Information Technology
Khanh,Tran,khanh.tran4474,khanh.tran4474@student.sims.edu,,2003-06-27,555-3863,731 Nguyen Hue,Hai Phong,Information Technology
Chi,Tran,chi.tran4475,chi.tran4475@student.sims.edu,,2001-01-15,555-1554,429 Hai Ba Trung,Ho Chi Minh,Information Technology
Nam,Hoang,nam.hoang4476,nam.hoang4476@student.sims.edu,,2004-06-07,555-7219,96 Nguyen Hue,Can Tho,Information Technology
Vy,Vo,vy.vo4477,vy.vo4477@student.sims.edu,,2002-07-21,555-5107,157 Le Loi,Da Nang,Information Technology
Son,Duong,son.duong4478,son.duong4478@student.sims.edu,,2003-09-22,555-4492,392 Hai Ba Trung,Ha Noi,Mathematics
Quyen,Hoang,quyen.hoang4479,quyen.hoang4479@student.sims.edu,,2001-03-04,555-9565,532 Le Loi,Can Tho,Physics
Quyen,Huynh,quyen.huynh4480,quyen.huynh4480@student.sims.edu,,2003-02-13,555-1872,694 Hai Ba Trung,Da Nang,Computer Science
Tuan,Huynh,tuan.huynh4481,tuan.huynh4481@student.sims.edu,,2001-04-22,555-5692,81 Le Loi,Hai Phong,Physics
Hai,Vo,hai.vo4482,hai.vo4482@student.sims.edu,,2003-03-25,555-6615,896 Le Loi,Ha Noi,Information Technology
Nga,Vu,nga.vu4483,nga.vu4483@student.sims.edu,,2003-12-20,555-3763,41 Hai Ba Trung,Ho Chi Minh,Mathematics
Duc,Duong,duc.duong4484,duc.duong4484@student.sims.edu,,2002-04-02,555-4705,901 Hai Ba Trung,Nha Trang,Mathematics
Quyen,Dang,quyen.dang4485,quyen.dang4485@student.sims.edu,,2001-05-15,555-3139,572 Hai Ba Trung,Hai Phong,Information Technology
Nam,Ho,nam.ho4486,nam.ho4486@student.sims.edu,,2002-08-04,555-9907,65 Nguyen Hue,Da Nang,Information Technology
Giang,Ho,giang.ho4487,giang.ho4487@student.sims.edu,,2002-10-25,555-1231,811 Hai Ba Trung,Hue,Mathematics
Thao,Ly,thao.ly4488,thao.ly4488@student.sims.edu,,2001-01-05,555-1969,597 Le Loi,Da Nang,Business
Quyen,Vo,quyen.vo4489,quyen.vo4489@student.sims.edu,,2001-02-14,555-8385,541 Nguyen Hue,Hue,Business
Ngoc,Duong,ngoc.duong4490,ngoc.duong4490@student.sims.edu,,2004-05-19,555-8966,761 Tran Phu,Nha Trang,Computer Science
Quang,Le,quang.le4491,quang.le4491@student.sims.edu,,2002-12-02,555-1434,421 Nguyen Hue,Nha Trang,Mathematics
Trang,Duong,trang.duong4492,trang.duong4492@student.sims.edu,,2001-08-21,555-4789,548 Hai Ba Trung,Nha Trang,Physics
Duc,Vu,duc.vu4493,duc.vu4493@student.sims.edu,,2004-07-13,555-9718,965 Nguyen Hue,Ha Noi,Computer Science
Quang,Vo,quang.vo4494,quang.vo4494@student.sims.edu,,2001-08-21,555-4547,773 Tran Phu,Da Nang,Electronics
Ha,Ly,ha.ly4495,ha.ly4495@student.sims.edu,,2004-03-07,555-8837,278 Tran Phu,Can Tho,Mathematics
An,Hoang,an.hoang4496,an.hoang4496@student.sims.edu,,2004-04-20,555-6702,297 Le Loi,Hue,Electronics
Lan,Ly,lan.ly4497,lan.ly4497@student.sims.edu,,2001-07-26,555-7948,674 Tran Phu,Nha Trang,Business
Hoa,Dang,hoa.dang4498,hoa.dang4498@student.sims.edu,,2003-11-28,555-6504,461 Nguyen Hue,Hue,Physics
Quyen,Ngo,quyen.ngo4499,quyen.ngo4499@student.sims.edu,,2004-12-23,555-6883,279 Le Loi,Da Nang,Business
Tam,Vu,tam.vu4500,tam.vu4500@student.sims.edu,,2004-05-05,555-7797,136 Tran Phu,Da Nang,Information Technology
Tuan,Nguyen,tuan.nguyen4501,tuan.nguyen4501@student.sims.edu,,2001-10-16,555-9225,25 Tran Phu,Da Nang,Computer Science
Thu,Hoang,thu.hoang4502,thu.hoang4502@student.sims.edu,,2004-09-19,555-2597,563 Le Loi,Ha Noi,Business
Minh,Bui,minh.bui4503,minh.bui4503@student.sims.edu,,2002-02-04,555-7904,433 Hai Ba Trung,Da Nang,Electronics
Binh,Dang,binh.dang4504,binh.dang4504@student.sims.edu,,2003-11-17,555-2961,191 Nguyen Hue,Hue,Computer Science
Dung,Hoang,dung.hoang4505,dung.hoang4505@student.sims.edu,,2003-10-13,555-8683,374 Hai Ba Trung,Ha Noi,Physics
Tuan,Ly,tuan.ly4506,tuan.ly4506@student.sims.edu,,2004-04-19,555-7635,731 Hai Ba Trung,Hai Phong,Electronics
Minh,Vu,minh.vu4507,minh.vu4507@student.sims.edu,,2003-04-23,555-7675,551 Nguyen Hue,Ho Chi Minh,Information Technology
Chi,Hoang,chi.hoang4508,chi.hoang4508@student.sims.edu,,2005-07-16,555-3067,955 Le Loi,Ho Chi Minh,Information Technology
Vy,Do,vy.do4509,vy.do4509@student.sims.edu,,2003-06-01,555-9838,831 Le Loi,Hue,Information Technology
Ha,Duong,ha.duong4510,ha.duong4510@student.sims.edu,,2005-09-15,555-1458,559 Tran Phu,Da Nang,Electronics
Quyen,Ly,quyen.ly4511,quyen.ly4511@student.sims.edu,,2001-07-23,555-8420,859 Tran Phu,Nha Trang,Electronics
Quang,Ly,quang.ly4512,quang.ly4512@student.sims.edu,,2005-05-07,555-1362,438 Nguyen Hue,Da Nang,Computer Science
Giang,Ho,giang.ho4513,giang.ho4513@student.sims.edu,,2001-05-05,555-8031,228 Hai Ba Trung,Hue,Electronics
Yen,Hoang,yen.hoang4514,yen.hoang4514@student.sims.edu,,2005-05-19,555-7725,596 Le Loi,Ho Chi Minh,Electronics
Ngoc,Tran,ngoc.tran4515,ngoc.tran4515@student.sims.edu,,2005-06-27,555-8800,321 Le Loi,Nha Trang,Physics
Quyen,Ho,quyen.ho4516,quyen.ho4516@student.sims.edu,,2004-01-16,555-2001,909 Nguyen Hue,Can Tho,Computer Science
Binh,Bui,binh.bui4517,binh.bui4517@student.sims.edu,,2003-04-08,555-6952,737 Hai Ba Trung,Hai Phong,Mathematics
Tuan,Duong,tuan.duong4518,tuan.duong4518@student.sims.edu,,2004-12-14,555-4561,542 Le Loi,Hue,Business
Trang,Dang,trang.dang4519,trang.dang4519@student.sims.edu,,2005-11-27,555-7176,812 Nguyen Hue,Hue,Electronics
An,Nguyen,an.nguyen4520,an.nguyen4520@student.sims.edu,,2001-05-21,555-4548,426 Hai Ba Trung,Nha Trang,Computer Science
Son,Nguyen,son.nguyen4521,son.nguyen4521@student.sims.edu,,2003-04-04,555-9760,622 Nguyen Hue,Ho Chi Minh,Business
Nga,Do,nga.do4522,nga.do4522@student.sims.edu,,2005-05-12,555-1837,774 Le Loi,Ha Noi,Information Technology
Nga,Ly,nga.ly4523,nga.ly4523@student.sims.edu,,2004-10-14,555-9890,132 Hai Ba Trung,Ha Noi,Mathematics
Tuan,Dang,tuan.dang4524,tuan.dang4524@student.sims.edu,,2001-05-26,555-7966,728 Le Loi,Da Nang,Computer Science
Binh,Ho,binh.ho4525,binh.ho4525@student.sims.edu,,2003-12-01,555-5407,886 Hai Ba Trung,Nha Trang,Mathematics
Hung,Duong,hung.duong4526,hung.duong4526@student.sims.edu,,2004-05-19,555-4726,940 Nguyen Hue,Ho Chi Minh,Mathematics
Chi,Ngo,chi.ngo4527,chi.ngo4527@student.sims.edu,,2003-04-09,555-6327,129 Hai Ba Trung,Hai Phong,Mathematics
Ngoc,Vo,ngoc.vo4528,ngoc.vo4528@student.sims.edu,,2003-02-12,555-8985,389 Hai Ba Trung,Ha Noi,Information Technology
Ngoc,Le,ngoc.le4529,ngoc.le4529@student.sims.edu,,2003-03-08,555-3160,214 Le Loi,Nha Trang,Information Technology
Vy,Ho,vy.ho4530,vy.ho4530@student.sims.edu,,2002-11-06,555-6022,801 Nguyen Hue,Can Tho,Business
Lan,Vo,lan.vo4531,lan.vo4531@student.sims.edu,,2005-05-14,555-2762,998 Nguyen Hue,Ha Noi,Computer Science
Duc,Vo,duc.vo4532,duc.vo4532@student.sims.edu,,2001-04-06,555-6229,567 Hai Ba Trung,Can Tho,Mathematics
Ngoc,Hoang,ngoc.hoang4533,ngoc.hoang4533@student.sims.edu,,2004-03-25,555-5566,974 Nguyen Hue,Ha Noi,Physics
Dung,Pham,dung.pham4534,dung.pham4534@student.sims.edu,,2002-06-07,555-1808,549 Hai Ba Trung,Can Tho,Electronics
Dung,Dang,dung.dang4535,dung.dang4535@student.sims.edu,,2005-09-22,555-2125,365 Nguyen Hue,Hue,Electronics
Minh,Hoang,minh.hoang4536,minh.hoang4536@student.sims.edu,,2005-11-08,555-7551,965 Nguyen Hue,Hai Phong,Physics
Chi,Do,chi.do4537,chi.do4537@student.sims.edu,,2001-07-06,555-3115,928 Le Loi,Ho Chi Minh,Electronics
Nam,Vu,nam.vu4538,nam.vu4538@student.sims.edu,,2001-11-23,555-6731,640 Tran Phu,Hue,Computer Science
Mai,Vo,mai.vo4539,mai.vo4539@student.sims.edu,,2001-11-04,555-1320,943 Hai Ba Trung,Can Tho,Electronics
Lan,Vo,lan.vo4540,lan.vo4540@student.sims.edu,,2004-09-17,555-9084,185 Tran Phu,Nha Trang,Business
Nam,Le,nam.le4541,nam.le4541@student.sims.edu,,2005-06-13,555-7587,109 Le Loi,Nha Trang,Information Technology
Thao,Ho,thao.ho4542,thao.ho4542@student.sims.edu,,2004-11-06,555-6235,111 Hai Ba Trung,Can Tho,Physics
Quang,Ho,quang.ho4543,quang.ho4543@student.sims.edu,,2003-02-14,555-1526,721 Nguyen Hue,Ha Noi,Mathematics
Mai,Duong,mai.duong4544,mai.duong4544@student.sims.edu,,2005-03-13,555-7796,504 Nguyen Hue,Ho Chi Minh,Information Technology
Quyen,Nguyen,quyen.nguyen4545,quyen.nguyen4545@student.sims.edu,,2002-06-14,555-9027,893 Hai Ba Trung,Hue,Computer Science
Nam,Ngo,nam.ngo4546,nam.ngo4546@student.sims.edu,,2005-03-12,555-1826,279 Tran Phu,Da Nang,Information Technology
Son,Ngo,son.ngo4547,son.ngo4547@student.sims.edu,,2001-10-28,555-9222,845 Hai Ba Trung,Nha Trang,Physics
Tuan,Hoang,tuan.hoang4548,tuan.hoang4548@student.sims.edu,,2005-05-28,555-4644,75 Nguyen Hue,Ha Noi,Business
Linh,Dang,linh.dang4549,linh.dang4549@student.sims.edu,,2003-10-07,555-2542,329 Le Loi,Ha Noi,Computer Science
Lan,Le,lan.le4550,lan.le4550@student.sims.edu,,2002-05-15,555-9279,841 Tran Phu,Hue,Physics
Quang,Dang,quang.dang4551,quang.dang4551@student.sims.edu,,2005-12-15,555-3068,274 Le Loi,Ho Chi Minh,Computer Science
Chi,Ly,chi.ly4552,chi.ly4552@student.sims.edu,,2004-11-09,555-4696,74 Tran Phu,Da Nang,Electronics
Vy,Tran,vy.tran4553,vy.tran4553@student.sims.edu,,2002-07-16,555-2591,65 Tran Phu,Da Nang,Electronics
Hung,Do,hung.do4554,hung.do4554@student.sims.edu,,2002-02-25,555-9378,224 Le Loi,Can Tho,Electronics
Tuan,Ly,tuan.ly4555,tuan.ly4555@student.sims.edu,,2002-08-08,555-7515,30 Tran Phu,Can Tho,Physics
Ha,Le,ha.le4556,ha.le4556@student.sims.edu,,2001-07-20,555-8309,87 Le Loi,Nha Trang,Business
Phong,Vo,phong.vo4557,phong.vo4557@student.sims.edu,,2001-02-14,555-8223,280 Hai Ba Trung,Da Nang,Business
Yen,Nguyen,yen.nguyen4558,yen.nguyen4558@student.sims.edu,,2001-06-05,555-8375,512 Le Loi,Hai Phong,Computer Science
Duc,Duong,duc.duong4559,duc.duong4559@student.sims.edu,,2005-11-17,555-5079,225 Nguyen Hue,Ho Chi Minh,Business
Thao,Le,thao.le4560,thao.le4560@student.sims.edu,,2001-02-11,555-7791,858 Tran Phu,Ho Chi Minh,Electronics
Vy,Hoang,vy.hoang4561,vy.hoang4561@student.sims.edu,,2005-10-17,555-5460,735 Hai Ba Trung,Ho Chi Minh,Mathematics
Giang,Do,giang.do4562,giang.do4562@student.sims.edu,,2005-09-15,555-3294,55 Hai Ba Trung,Da Nang,Computer Science
Khanh,Ho,khanh.ho4563,khanh.ho4563@student.sims.edu,,2002-11-20,555-1482,677 Nguyen Hue,Nha Trang,Mathematics
Khanh,Ly,khanh.ly4564,khanh.ly4564@student.sims.edu,,2001-11-11,555-1881,521 Tran Phu,Hue,Mathematics
Phong,Bui,phong.bui4565,phong.bui4565@student.sims.edu,,2001-10-05,555-1460,582 Le Loi,Hai Phong,Mathematics
Mai,Hoang,mai.hoang4566,mai.hoang4566@student.sims.edu,,2001-01-26,555-7987,719 Nguyen Hue,Da Nang,Information Technology
Phong,Bui,phong.bui4567,phong.bui4567@student.sims.edu,,2004-06-23,555-2551,35 Hai Ba Trung,Can Tho,Information Technology
Tam,Vu,tam.vu4568,tam.vu4568@student.sims.edu,,2002-08-04,555-7803,273 Tran Phu,Nha Trang,Electronics
Nga,Tran,nga.tran4569,nga.tran4569@student.sims.edu,,2004-06-07,555-8312,910 Le Loi,Ho Chi Minh,Electronics
Thao,Vo,thao.vo4570,thao.vo4570@student.sims.edu,,2001-09-09,555-7702,787 Tran Phu,Can Tho,Computer Science
Bao,Vu,bao.vu4571,bao.vu4571@student.sims.edu,,2001-09-14,555-2997,906 Nguyen Hue,Da Nang,Computer Science
Ha,Duong,ha.duong4572,ha.duong4572@student.sims.edu,,2003-08-26,555-6677,299 Le Loi,Ho Chi Minh,Physics
Nga,Do,nga.do4573,nga.do4573@student.sims.edu,,2004-04-05,555-2975,490 Hai Ba Trung,Nha Trang,Business
Nam,Huynh,nam.huynh4574,nam.huynh4574@student.sims.edu,,2003-10-23,555-3978,603 Tran Phu,Da Nang,Information Technology
Hung,Vu,hung.vu4575,hung.vu4575@student.sims.edu,,2001-05-24,555-7411,387 Nguyen Hue,Da Nang,Electronics
Tuan,Bui,tuan.bui4576,tuan.bui4576@student.sims.edu,,2004-12-17,555-2460,474 Le Loi,Can Tho,Computer Science
Trang,Vo,trang.vo4577,trang.vo4577@student.sims.edu,,2002-08-24,555-7048,475 Hai Ba Trung,Hue,Physics
Phong,Ngo,phong.ngo4578,phong.ngo4578@student.sims.edu,,2005-10-26,555-6683,412 Tran Phu,Ha Noi,Computer Science
Duc,Vo,duc.vo4579,duc.vo4579@student.sims.edu,,2001-06-18,555-1005,308 Hai Ba Trung,Hai Phong,Information Technology
Hung,Vu,hung.vu4580,hung.vu4580@student.sims.edu,,2005-12-05,555-8635,691 Hai Ba Trung,Can Tho,Information Technology
Yen,Ngo,yen.ngo4581,yen.ngo4581@student.sims.edu,,2005-08-13,555-8505,876 Tran Phu,Ho Chi Minh,Computer Science
Phong,Le,phong.le4582,phong.le4582@student.sims.edu,,2005-11-24,555-9354,855 Nguyen Hue,Ho Chi Minh,Information Technology
Thu,Tran,thu.tran4583,thu.tran4583@student.sims.edu,,2003-06-21,555-2928,103 Tran Phu,Ha Noi,Information Technology
Giang,Bui,giang.bui4584,giang.bui4584@student.sims.edu,,2002-09-17,555-7962,105 Le Loi,Nha Trang,Physics
Binh,Ngo,binh.ngo4585,binh.ngo4585@student.sims.edu,,2001-09-12,555-9196,254 Tran Phu,Nha Trang,Mathematics
Mai,Pham,mai.pham4586,mai.pham4586@student.sims.edu,,2001-02-16,555-9898,635 Nguyen Hue,Nha Trang,Computer Science
Khanh,Nguyen,khanh.nguyen4587,khanh.nguyen4587@student.sims.edu,,2002-08-24,555-8293,866 Tran Phu,Nha Trang,Information Technology
Minh,Le,minh.le4588,minh.le4588@student.sims.edu,,2003-06-24,555-9096,20 Tran Phu,Ho Chi Minh,Information Technology
Hung,Vu,hung.vu4589,hung.vu4589@student.sims.edu,,2001-05-26,555-8847,115 Tran Phu,Hue,Physics
Binh,Ly,binh.ly4590,binh.ly4590@student.sims.edu,,2005-08-16,555-7760,76 Hai Ba Trung,Nha Trang,Business
Yen,Duong,yen.duong4591,yen.duong4591@student.sims.edu,,2001-02-07,555-5516,595 Hai Ba Trung,Hai Phong,Information Technology
Khanh,Ngo,khanh.ngo4592,khanh.ngo4592@student.sims.edu,,2001-05-21,555-1803,13 Hai Ba Trung,Hai Phong,Information Technology
Lan,Tran,lan.tran4593,lan.tran4593@student.sims.edu,,2002-06-25,555-1805,68 Hai Ba Trung,Da Nang,Mathematics
An,Bui,an.bui4594,an.bui4594@student.sims.edu,,2005-12-17,555-5129,681 Tran Phu,Ho Chi Minh,Physics
Thu,Do,thu.do4595,thu.do4595@student.sims.edu,,2003-08-17,555-8452,285 Le Loi,Da Nang,Physics
Chi,Ho,chi.ho4596,chi.ho4596@student.sims.edu,,2001-07-13,555-9072,390 Hai Ba Trung,Hai Phong,Business
Quyen,Tran,quyen.tran4597,quyen.tran4597@student.sims.edu,,2004-07-20,555-1728,245 Tran Phu,Ho Chi Minh,Electronics
Son,Huynh,son.huynh4598,son.huynh4598@student.sims.edu,,2002-06-15,555-1309,136 Nguyen Hue,Ho Chi Minh,Electronics
Hung,Pham,hung.pham4599,hung.pham4599@student.sims.edu,,2005-06-17,555-8662,388 Nguyen Hue,Ha Noi,Information Technology
Phong,Do,phong.do4600,phong.do4600@student.sims.edu,,2003-09-01,555-8745,760 Hai Ba Trung,Hai Phong,Electronics
Lan,Tran,lan.tran4601,lan.tran4601@student.sims.edu,,2004-12-01,555-6662,686 Nguyen Hue,Hue,Computer Science
Thao,Tran,thao.tran4602,thao.tran4602@student.sims.edu,,2004-05-13,555-7319,923 Nguyen Hue,Hue,Business
Yen,Huynh,yen.huynh4603,yen.huynh4603@student.sims.edu,,2005-10-11,555-7019,317 Tran Phu,Ho Chi Minh,Electronics
Tuan,Vo,tuan.vo4604,tuan.vo4604@student.sims.edu,,2001-05-11,555-9487,196 Le Loi,Da Nang,Computer Science
Dung,Le,dung.le4605,dung.le4605@student.sims.edu,,2001-09-18,555-6909,330 Nguyen Hue,Nha Trang,Electronics
Hung,Tran,hung.tran4606,hung.tran4606@student.sims.edu,,2005-07-17,555-9568,769 Nguyen Hue,Ho Chi Minh,Physics
Linh,Le,linh.le4607,linh.le4607@student.sims.edu,,2004-04-01,555-2892,860 Tran Phu,Ha Noi,Physics
Giang,Ly,giang.ly4608,giang.ly4608@student.sims.edu,,2003-04-11,555-5489,969 Nguyen Hue,Da Nang,Physics
Son,Vo,son.vo4609,son.vo4609@student.sims.edu,,2001-07-28,555-2167,581 Le Loi,Hue,Physics
Yen,Dang,yen.dang4610,yen.dang4610@student.sims.edu,,2004-08-27,555-7674,264 Le Loi,Can Tho,Computer Science
Hoa,Ly,hoa.ly4611,hoa.ly4611@student.sims.edu,,2002-04-11,555-7024,741 Hai Ba Trung,Hue,Information Technology
Vy,Tran,vy.tran4612,vy.tran4612@student.sims.edu,,2003-08-24,555-2346,328 Tran Phu,Ha Noi,Business
Giang,Nguyen,giang.nguyen4613,giang.nguyen4613@student.sims.edu,,2001-09-02,555-5902,721 Le Loi,Ha Noi,Electronics
Phong,Bui,phong.bui4614,phong.bui4614@student.sims.edu,,2001-12-25,555-8336,524 Nguyen Hue,Ho Chi Minh,Information Technology
Vy,Nguyen,vy.nguyen4615,vy.nguyen4615@student.sims.edu,,2003-01-28,555-8564,918 Hai Ba Trung,Ha Noi,Physics
Nga,Bui,nga.bui4616,nga.bui4616@student.sims.edu,,2004-01-26,555-7369,19 Nguyen Hue,Can Tho,Physics
Binh,Hoang,binh.hoang4617,binh.hoang4617@student.sims.edu,,2004-12-10,555-6649,879 Hai Ba Trung,Ha Noi,Physics
Ha,Duong,ha.duong4618,ha.duong4618@student.sims.edu,,2005-10-14,555-7107,358 Nguyen Hue,Hai Phong,Information Technology
Son,Ngo,son.ngo4619,son.ngo4619@student.sims.edu,,2003-08-02,555-9891,389 Le Loi,Can Tho,Information Technology
Chi,Huynh,chi.huynh4620,chi.huynh4620@student.sims.edu,,2005-08-01,555-1441,913 Nguyen Hue,Da Nang,Mathematics
Binh,Do,binh.do4621,binh.do4621@student.sims.edu,,2001-12-12,555-3365,577 Nguyen Hue,Hai Phong,Physics
Son,Nguyen,son.nguyen4622,son.nguyen4622@student.sims.edu,,2004-10-12,555-6717,562 Hai Ba Trung,Ho Chi Minh,Computer Science
Nga,Pham,nga.pham4623,nga.pham4623@student.sims.edu,,2004-11-03,555-4745,388 Tran Phu,Ho Chi Minh,Computer Science
Linh,Le,linh.le4624,linh.le4624@student.sims.edu,,2004-06-25,555-6816,825 Tran Phu,Ho Chi Minh,Business
Tuan,Vo,tuan.vo4625,tuan.vo4625@student.sims.edu,,2004-01-08,555-6452,390 Tran Phu,Hai Phong,Mathematics
Linh,Huynh,linh.huynh4626,linh.huynh4626@student.sims.edu,,2002-06-16,555-1284,197 Hai Ba Trung,Nha Trang,Physics
Phong,Do,phong.do4627,phong.do4627@student.sims.edu,,2004-03-02,555-5543,101 Nguyen Hue,Nha Trang,Mathematics
Thu,Nguyen,thu.nguyen4628,thu.nguyen4628@student.sims.edu,,2001-03-13,555-8750,922 Nguyen Hue,Ho Chi Minh,Physics
Bao,Vo,bao.vo4629,bao.vo4629@student.sims.edu,,2002-04-23,555-3144,162 Tran Phu,Ho Chi Minh,Computer Science
Son,Hoang,son.hoang4630,son.hoang4630@student.sims.edu,,2001-05-03,555-3821,397 Nguyen Hue,Hai Phong,Business
Yen,Nguyen,yen.nguyen4631,yen.nguyen4631@student.sims.edu,,2001-03-10,555-9905,776 Le Loi,Hue,Computer Science
Son,Pham,son.pham4632,son.pham4632@student.sims.edu,,2005-04-13,555-1492,876 Hai Ba Trung,Can Tho,Business
Minh,Pham,minh.pham4633,minh.pham4633@student.sims.edu,,2003-12-06,555-8487,386 Le Loi,Ho Chi Minh,Computer Science
Ha,Ly,ha.ly4634,ha.ly4634@student.sims.edu,,2005-06-23,555-6825,499 Hai Ba Trung,Hue,Computer Science
Trang,Hoang,trang.hoang4635,trang.hoang4635@student.sims.edu,,2002-01-27,555-5022,875 Tran Phu,Ho Chi Minh,Business
Bao,Vu,bao.vu4636,bao.vu4636@student.sims.edu,,2002-06-24,555-3586,380 Tran Phu,Can Tho,Physics
Khanh,Do,khanh.do4637,khanh.do4637@student.sims.edu,,2005-07-03,555-6525,496 Nguyen Hue,Hue,Information Technology
Linh,Do,linh.do4638,linh.do4638@student.sims.edu,,2001-03-03,555-3004,324 Hai Ba Trung,Hue,Business
Hai,Do,hai.do4639,hai.do4639@student.sims.edu,,2003-04-19,555-9386,834 Hai Ba Trung,Da Nang,Computer Science
Tam,Tran,tam.tran4640,tam.tran4640@student.sims.edu,,2001-06-09,555-6177,24 Hai Ba Trung,Ha Noi,Business
Trang,Dang,trang.dang4641,trang.dang4641@student.sims.edu,,2003-03-22,555-8512,720 Le Loi,Hai Phong,Physics
Quyen,Ly,quyen.ly4642,quyen.ly4642@student.sims.edu,,2004-12-08,555-8611,754 Hai Ba Trung,Nha Trang,Computer Science
Yen,Tran,yen.tran4643,yen.tran4643@student.sims.edu,,2003-11-05,555-5839,737 Hai Ba Trung,Can Tho,Electronics
Trang,Vu,trang.vu4644,trang.vu4644@student.sims.edu,,2001-06-02,555-8368,266 Nguyen Hue,Hue,Computer Science
Mai,Dang,mai.dang4645,mai.dang4645@student.sims.edu,,2005-04-27,555-6403,603 Le Loi,Ha Noi,Computer Science
Thao,Huynh,thao.huynh4646,thao.huynh4646@student.sims.edu,,2001-09-05,555-5673,402 Nguyen Hue,Hai Phong,Computer Science
Hung,Duong,hung.duong4647,hung.duong4647@student.sims.edu,,2003-06-19,555-8546,591 Le Loi,Ho Chi Minh,Business
Ha,Dang,ha.dang4648,ha.dang4648@student.sims.edu,,2001-09-27,555-2064,931 Tran Phu,Hue,Computer Science
Khanh,Vu,khanh.vu4649,khanh.vu4649@student.sims.edu,,2002-02-25,555-8783,819 Le Loi,Ho Chi Minh,Mathematics
Lan,Vo,lan.vo4650,lan.vo4650@student.sims.edu,,2002-03-21,555-1080,108 Nguyen Hue,Hue,Electronics
Minh,Duong,minh.duong4651,minh.duong4651@student.sims.edu,,2001-12-17,555-3083,412 Tran Phu,Can Tho,Business
Tuan,Nguyen,tuan.nguyen4652,tuan.nguyen4652@student.sims.edu,,2002-01-08,555-2748,880 Hai Ba Trung,Ho Chi Minh,Physics
Quyen,Tran,quyen.tran4653,quyen.tran4653@student.sims.edu,,2002-12-01,555-5671,17 Le Loi,Hue,Mathematics
Quyen,Tran,quyen.tran4654,quyen.tran4654@student.sims.edu,,2003-01-22,555-7873,926 Nguyen Hue,Ho Chi Minh,Mathematics
Lan,Ngo,lan.ngo4655,lan.ngo4655@student.sims.edu,,2004-02-05,555-4181,783 Nguyen Hue,Hue,Business
Binh,Dang,binh.dang4656,binh.dang4656@student.sims.edu,,2002-11-15,555-7137,413 Nguyen Hue,Da Nang,Mathematics
Vy,Huynh,vy.huynh4657,vy.huynh4657@student.sims.edu,,2004-08-03,555-7481,873 Le Loi,Hai Phong,Computer Science
Giang,Do,giang.do4658,giang.do4658@student.sims.edu,,2003-08-26,555-9721,405 Le Loi,Hai Phong,Electronics
Duc,Pham,duc.pham4659,duc.pham4659@student.sims.edu,,2002-10-24,555-8070,236 Nguyen Hue,Can Tho,Mathematics
Thu,Ngo,thu.ngo4660,thu.ngo4660@student.sims.edu,,2001-10-16,555-4301,981 Nguyen Hue,Ha Noi,Computer Science
Nga,Vu,nga.vu4661,nga.vu4661@student.sims.edu,,2002-06-20,555-4958,602 Le Loi,Ho Chi Minh,Electronics
Tam,Tran,tam.tran4662,tam.tran4662@student.sims.edu,,2003-12-28,555-1975,433 Hai Ba Trung,Can Tho,Electronics
Mai,Bui,mai.bui4663,mai.bui4663@student.sims.edu,,2004-09-26,555-2457,481 Le Loi,Ho Chi Minh,Mathematics
Duc,Bui,duc.bui4664,duc.bui4664@student.sims.edu,,2003-12-26,555-7239,10 Tran Phu,Hai Phong,Computer Science
Bao,Hoang,bao.hoang4665,bao.hoang4665@student.sims.edu,,2003-01-07,555-9668,693 Le Loi,Nha Trang,Physics
Nam,Huynh,nam.huynh4666,nam.huynh4666@student.sims.edu,,2001-04-21,555-2839,348 Nguyen Hue,Ha Noi,Physics
Nam,Dang,nam.dang4667,nam.dang4667@student.sims.edu,,2001-12-07,555-2437,279 Le Loi,Ha Noi,Electronics
Thao,Vu,thao.vu4668,thao.vu4668@student.sims.edu,,2004-03-02,555-6802,795 Tran Phu,Da Nang,Mathematics
Quang,Ngo,quang.ngo4669,quang.ngo4669@student.sims.edu,,2003-07-27,555-7860,838 Nguyen Hue,Hai Phong,Electronics
Nam,Vo,nam.vo4670,nam.vo4670@student.sims.edu,,2005-11-14,555-8668,705 Le Loi,Ha Noi,Information Technology
Nam,Ho,nam.ho4671,nam.ho4671@student.sims.edu,,2005-07-23,555-5971,289 Le Loi,Hue,Mathematics
Quang,Dang,quang.dang4672,quang.dang4672@student.sims.edu,,2005-01-27,555-6636,215 Hai Ba Trung,Da Nang,Business
Lan,Vo,lan.vo4673,lan.vo4673@student.sims.edu,,2002-09-19,555-4511,182 Le Loi,Hai Phong,Business
Phong,Le,phong.le4674,phong.le4674@student.sims.edu,,2005-12-06,555-7267,67 Le Loi,Hai Phong,Electronics
Hung,Le,hung.le4675,hung.le4675@student.sims.edu,,2005-03-15,555-4806,333 Nguyen Hue,Ha Noi,Information Technology
Binh,Hoang,binh.hoang4676,binh.hoang4676@student.sims.edu,,2003-03-03,555-8908,615 Le Loi,Hue,Information Technology
Quyen,Hoang,quyen.hoang4677,quyen.hoang4677@student.sims.edu,,2005-06-01,555-2124,418 Nguyen Hue,Hai Phong,Electronics
Tuan,Vu,tuan.vu4678,tuan.vu4678@student.sims.edu,,2004-05-23,555-4485,312 Nguyen Hue,Hue,Business
Hung,Bui,hung.bui4679,hung.bui4679@student.sims.edu,,2001-01-19,555-4369,198 Tran Phu,Can Tho,Information Technology
Tam,Bui,tam.bui4680,tam.bui4680@student.sims.edu,,2002-04-07,555-8296,86 Nguyen Hue,Hai Phong,Mathematics
Vy,Ho,vy.ho4681,vy.ho4681@student.sims.edu,,2005-11-16,555-7411,6 Tran Phu,Can Tho,Electronics
Yen,Nguyen,yen.nguyen4682,yen.nguyen4682@student.sims.edu,,2001-06-19,555-6587,447 Tran Phu,Can Tho,Information Technology
Thao,Tran,thao.tran4683,thao.tran4683@student.sims.edu,,2001-11-22,555-9919,760 Hai Ba Trung,Ha Noi,Electronics
Hoa,Do,hoa.do4684,hoa.do4684@student.sims.edu,,2005-09-26,555-7506,195 Tran Phu,Nha Trang,Electronics
Lan,Le,lan.le4685,lan.le4685@student.sims.edu,,2002-02-25,555-5408,184 Hai Ba Trung,Hai Phong,Business
Thu,Tran,thu.tran4686,thu.tran4686@student.sims.edu,,2005-10-09,555-6101,600 Nguyen Hue,Hue,Physics
Minh,Bui,minh.bui4687,minh.bui4687@student.sims.edu,,2005-08-26,555-1892,278 Le Loi,Hue,Information Technology
Vy,Bui,vy.bui4688,vy.bui4688@student.sims.edu,,2005-07-07,555-8879,579 Tran Phu,Nha Trang,Mathematics
Binh,Nguyen,binh.nguyen4689,binh.nguyen4689@student.sims.edu,,2004-08-06,555-5849,788 Nguyen Hue,Can Tho,Electronics
Ngoc,Le,ngoc.le4690,ngoc.le4690@student.sims.edu,,2004-02-26,555-7481,844 Tran Phu,Ha Noi,Computer Science
An,Dang,an.dang4691,an.dang4691@student.sims.edu,,2001-05-23,555-2522,503 Tran Phu,Nha Trang,Electronics
Chi,Duong,chi.duong4692,chi.duong4692@student.sims.edu,,2002-01-13,555-8745,990 Hai Ba Trung,Ha Noi,Mathematics
Nam,Huynh,nam.huynh4693,nam.huynh4693@student.sims.edu,,2002-12-13,555-4200,39 Tran Phu,Hue,Electronics
Bao,Ngo,bao.ngo4694,bao.ngo4694@student.sims.edu,,2003-09-05,555-8516,614 Nguyen Hue,Ho Chi Minh,Business
Giang,Vo,giang.vo4695,giang.vo4695@student.sims.edu,,2003-01-10,555-2781,19 Hai Ba Trung,Can Tho,Business
Phong,Tran,phong.tran4696,phong.tran4696@student.sims.edu,,2004-01-05,555-7285,649 Tran Phu,Hue,Computer Science
Mai,Nguyen,mai.nguyen4697,mai.nguyen4697@student.sims.edu,,2002-01-08,555-3737,292 Le Loi,Ha Noi,Information Technology
Hoa,Do,hoa.do4698,hoa.do4698@student.sims.edu,,2002-01-23,555-3580,641 Le Loi,Hue,Information Technology
Lan,Huynh,lan.huynh4699,lan.huynh4699@student.sims.edu,,2001-09-07,555-8094,514 Tran Phu,Da Nang,Information Technology
Thu,Do,thu.do4700,thu.do4700@student.sims.edu,,2003-10-19,555-4749,382 Tran Phu,Can Tho,Business
An,Ho,an.ho4701,an.ho4701@student.sims.edu,,2003-02-26,555-2649,992 Nguyen Hue,Ho Chi Minh,Information Technology
Thao,Huynh,thao.huynh4702,thao.huynh4702@student.sims.edu,,2001-05-08,555-3114,176 Hai Ba Trung,Ha Noi,Information Technology
Minh,Ho,minh.ho4703,minh.ho4703@student.sims.edu,,2004-07-13,555-4762,429 Hai Ba Trung,Can Tho,Mathematics
Trang,Huynh,trang.huynh4704,trang.huynh4704@student.sims.edu,,2005-08-05,555-9156,792 Hai Ba Trung,Ha Noi,Computer Science
An,Vu,an.vu4705,an.vu4705@student.sims.edu,,2003-02-15,555-9234,812 Hai Ba Trung,Hue,Information Technology
Minh,Huynh,minh.huynh4706,minh.huynh4706@student.sims.edu,,2002-09-08,555-8345,495 Hai Ba Trung,Nha Trang,Computer Science
Thu,Huynh,thu.huynh4707,thu.huynh4707@student.sims.edu,,2003-10-01,555-2921,920 Le Loi,Ho Chi Minh,Computer Science
Thao,Le,thao.le4708,thao.le4708@student.sims.edu,,2004-08-15,555-1644,609 Nguyen Hue,Can Tho,Physics
Linh,Ly,linh.ly4709,linh.ly4709@student.sims.edu,,2001-02-01,555-6993,623 Nguyen Hue,Ha Noi,Electronics
Yen,Ly,yen.ly4710,yen.ly4710@student.sims.edu,,2005-05-26,555-5104,160 Le Loi,Can Tho,Computer Science
Dung,Ho,dung.ho4711,dung.ho4711@student.sims.edu,,2002-03-04,555-4965,87 Hai Ba Trung,Hue,Business
Giang,Ho,giang.ho4712,giang.ho4712@student.sims.edu,,2005-08-12,555-5335,227 Le Loi,Hue,Physics
Giang,Hoang,giang.hoang4713,giang.hoang4713@student.sims.edu,,2005-05-22,555-5119,735 Hai Ba Trung,Ho Chi Minh,Electronics
Son,Hoang,son.hoang4714,son.hoang4714@student.sims.edu,,2004-02-27,555-4405,490 Hai Ba Trung,Da Nang,Electronics
Quyen,Ly,quyen.ly4715,quyen.ly4715@student.sims.edu,,2005-08-05,555-2691,312 Hai Ba Trung,Da Nang,Business
Lan,Dang,lan.dang4716,lan.dang4716@student.sims.edu,,2005-09-12,555-4194,275 Nguyen Hue,Can Tho,Physics
Ha,Tran,ha.tran4717,ha.tran4717@student.sims.edu,,2001-04-26,555-9428,987 Hai Ba Trung,Da Nang,Physics
Bao,Do,bao.do4718,bao.do4718@student.sims.edu,,2005-08-09,555-4310,650 Hai Ba Trung,Nha Trang,Electronics
Lan,Le,lan.le4719,lan.le4719@student.sims.edu,,2004-04-13,555-1751,815 Nguyen Hue,Can Tho,Mathematics
Vy,Duong,vy.duong4720,vy.duong4720@student.sims.edu,,2004-02-21,555-3355,119 Le Loi,Can Tho,Electronics
Khanh,Do,khanh.do4721,khanh.do4721@student.sims.edu,,2002-12-15,555-1797,839 Tran Phu,Can Tho,Electronics
Ngoc,Tran,ngoc.tran4722,ngoc.tran4722@student.sims.edu,,2005-08-20,555-7468,808 Tran Phu,Ha Noi,Business
Tam,Dang,tam.dang4723,tam.dang4723@student.sims.edu,,2004-06-22,555-1951,985 Hai Ba Trung,Nha Trang,Electronics
Khanh,Le,khanh.le4724,khanh.le4724@student.sims.edu,,2005-03-26,555-7906,982 Hai Ba Trung,Nha Trang,Electronics
Giang,Dang,giang.dang4725,giang.dang4725@student.sims.edu,,2003-10-04,555-7129,534 Hai Ba Trung,Da Nang,Electronics
Phong,Hoang,phong.hoang4726,phong.hoang4726@student.sims.edu,,2004-04-02,555-9340,170 Le Loi,Hai Phong,Information Technology
Quyen,Le,quyen.le4727,quyen.le4727@student.sims.edu,,2004-09-12,555-4987,859 Hai Ba Trung,Can Tho,Computer Science
Giang,Bui,giang.bui4728,giang.bui4728@student.sims.edu,,2003-04-02,555-1776,279 Nguyen Hue,Hai Phong,Mathematics
Giang,Pham,giang.pham4729,giang.pham4729@student.sims.edu,,2003-01-20,555-6191,572 Hai Ba Trung,Ha Noi,Business
Dung,Ngo,dung.ngo4730,dung.ngo4730@student.sims.edu,,2004-07-11,555-4561,122 Hai Ba Trung,Hue,Electronics
Lan,Dang,lan.dang4731,lan.dang4731@student.sims.edu,,2003-02-11,555-3987,160 Nguyen Hue,Ho Chi Minh,Business
Trang,Hoang,trang.hoang4732,trang.hoang4732@student.sims.edu,,2001-08-08,555-3847,459 Le Loi,Ha Noi,Electronics
Hai,Ngo,hai.ngo4733,hai.ngo4733@student.sims.edu,,2004-11-21,555-3782,684 Tran Phu,Da Nang,Physics
Giang,Duong,giang.duong4734,giang.duong4734@student.sims.edu,,2003-10-20,555-4622,795 Le Loi,Ha Noi,Business
Tuan,Do,tuan.do4735,tuan.do4735@student.sims.edu,,2003-12-03,555-5591,383 Nguyen Hue,Ha Noi,Information Technology
Binh,Pham,binh.pham4736,binh.pham4736@student.sims.edu,,2003-11-15,555-3851,220 Tran Phu,Ha Noi,Electronics
An,Ngo,an.ngo4737,an.ngo4737@student.sims.edu,,2002-07-06,555-8895,625 Tran Phu,Hue,Business
Linh,Vu,linh.vu4738,linh.vu4738@student.sims.edu,,2003-02-08,555-7946,9 Le Loi,Hai Phong,Information Technology
Vy,Le,vy.le4739,vy.le4739@student.sims.edu,,2002-09-05,555-2665,911 Nguyen Hue,Ha Noi,Physics
Mai,Tran,mai.tran4740,mai.tran4740@student.sims.edu,,2005-01-03,555-7442,381 Hai Ba Trung,Nha Trang,Business
Thao,Hoang,thao.hoang4741,thao.hoang4741@student.sims.edu,,2005-10-05,555-9301,793 Tran Phu,Ha Noi,Mathematics
Thu,Ly,thu.ly4742,thu.ly4742@student.sims.edu,,2002-06-10,555-6770,701 Nguyen Hue,Ho Chi Minh,Mathematics
Minh,Le,minh.le4743,minh.le4743@student.sims.edu,,2001-06-25,555-7545,638 Hai Ba Trung,Hue,Electronics
Nga,Do,nga.do4744,nga.do4744@student.sims.edu,,2003-04-24,555-3783,49 Le Loi,Ha Noi,Mathematics
Giang,Tran,giang.tran4745,giang.tran4745@student.sims.edu,,2003-09-24,555-6379,959 Le Loi,Nha Trang,Information Technology
Linh,Bui,linh.bui4746,linh.bui4746@student.sims.edu,,2002-09-02,555-9777,582 Nguyen Hue,Ha Noi,Mathematics
Tam,Vu,tam.vu4747,tam.vu4747@student.sims.edu,,2003-09-24,555-3444,642 Hai Ba Trung,Can Tho,Computer Science
Hoa,Dang,hoa.dang4748,hoa.dang4748@student.sims.edu,,2004-12-04,555-7091,92 Le Loi,Hai Phong,Information Technology
Hoa,Ngo,hoa.ngo4749,hoa.ngo4749@student.sims.edu,,2002-01-09,555-7352,118 Le Loi,Hai Phong,Information Technology
Phong,Vu,phong.vu4750,phong.vu4750@student.sims.edu,,2003-10-12,555-4426,513 Hai Ba Trung,Can Tho,Business
Quang,Vu,quang.vu4751,quang.vu4751@student.sims.edu,,2005-06-13,555-8581,606 Le Loi,Ha Noi,Computer Science
Nam,Do,nam.do4752,nam.do4752@student.sims.edu,,2003-07-11,555-3129,759 Nguyen Hue,Nha Trang,Mathematics
Linh,Nguyen,linh.nguyen4753,linh.nguyen4753@student.sims.edu,,2001-11-01,555-1773,610 Le Loi,Hue,Information Technology
Quang,Vu,quang.vu4754,quang.vu4754@student.sims.edu,,2003-02-04,555-9216,703 Le Loi,Hai Phong,Electronics
Hai,Nguyen,hai.nguyen4755,hai.nguyen4755@student.sims.edu,,2005-04-02,555-5241,717 Nguyen Hue,Da Nang,Computer Science
Phong,Vu,phong.vu4756,phong.vu4756@student.sims.edu,,2004-10-28,555-2145,37 Tran Phu,Ho Chi Minh,Electronics
Binh,Pham,binh.pham4757,binh.pham4757@student.sims.edu,,2001-09-10,555-8758,254 Tran Phu,Ha Noi,Mathematics
Son,Nguyen,son.nguyen4758,son.nguyen4758@student.sims.edu,,2003-12-01,555-4425,603 Le Loi,Ha Noi,Business
Thu,Pham,thu.pham4759,thu.pham4759@student.sims.edu,,2004-03-11,555-7929,295 Nguyen Hue,Da Nang,Information Technology
Hai,Tran,hai.tran4760,hai.tran4760@student.sims.edu,,2004-06-06,555-6843,893 Nguyen Hue,Da Nang,Information Technology
Son,Bui,son.bui4761,son.bui4761@student.sims.edu,,2001-07-27,555-5545,657 Tran Phu,Can Tho,Computer Science
Quang,Pham,quang.pham4762,quang.pham4762@student.sims.edu,,2001-02-19,555-8794,869 Nguyen Hue,Hai Phong,Business
Dung,Do,dung.do4763,dung.do4763@student.sims.edu,,2004-05-01,555-2851,125 Hai Ba Trung,Hai Phong,Electronics
Thu,Hoang,thu.hoang4764,thu.hoang4764@student.sims.edu,,2005-04-18,555-3163,917 Le Loi,Hue,Information Technology
Son,Le,son.le4765,son.le4765@student.sims.edu,,2003-08-16,555-6615,556 Le Loi,Hai Phong,Physics
Binh,Vo,binh.vo4766,binh.vo4766@student.sims.edu,,2001-05-05,555-3451,143 Nguyen Hue,Nha Trang,Electronics
Hai,Ly,hai.ly4767,hai.ly4767@student.sims.edu,,2001-05-28,555-1039,389 Le Loi,Nha Trang,Electronics
Hoa,Ly,hoa.ly4768,hoa.ly4768@student.sims.edu,,2004-03-23,555-1634,366 Nguyen Hue,Hue,Electronics
Ha,Tran,ha.tran4769,ha.tran4769@student.sims.edu,,2005-11-04,555-9976,998 Nguyen Hue,Ho Chi Minh,Computer Science
Tuan,Do,tuan.do4770,tuan.do4770@student.sims.edu,,2005-12-14,555-9354,652 Le Loi,Da Nang,Electronics
Vy,Hoang,vy.hoang4771,vy.hoang4771@student.sims.edu,,2002-07-05,555-6255,771 Hai Ba Trung,Nha Trang,Information Technology
Vy,Duong,vy.duong4772,vy.duong4772@student.sims.edu,,2002-10-07,555-6539,213 Hai Ba Trung,Can Tho,Mathematics
Nga,Duong,nga.duong4773,nga.duong4773@student.sims.edu,,2005-10-14,555-9277,558 Hai Ba Trung,Hue,Electronics
Hung,Bui,hung.bui4774,hung.bui4774@student.sims.edu,,2003-11-27,555-8422,602 Nguyen Hue,Hai Phong,Physics
Son,Bui,son.bui4775,son.bui4775@student.sims.edu,,2003-11-20,555-7580,958 Le Loi,Nha Trang,Computer Science
Tuan,Ly,tuan.ly4776,tuan.ly4776@student.sims.edu,,2003-11-13,555-6240,8 Nguyen Hue,Can Tho,Electronics
Hoa,Vo,hoa.vo4777,hoa.vo4777@student.sims.edu,,2005-01-24,555-7788,430 Tran Phu,Da Nang,Information Technology
Mai,Nguyen,mai.nguyen4778,mai.nguyen4778@student.sims.edu,,2002-06-12,555-1822,654 Tran Phu,Hue,Business
Thao,Le,thao.le4779,thao.le4779@student.sims.edu,,2003-04-08,555-9576,822 Nguyen Hue,Ha Noi,Computer Science
Binh,Pham,binh.pham4780,binh.pham4780@student.sims.edu,,2004-12-01,555-1612,916 Le Loi,Ha Noi,Electronics
Phong,Vu,phong.vu4781,phong.vu4781@student.sims.edu,,2004-07-06,555-5567,930 Tran Phu,Da Nang,Mathematics
An,Tran,an.tran4782,an.tran4782@student.sims.edu,,2002-05-28,555-6874,801 Hai Ba Trung,Ha Noi,Mathematics
Tam,Dang,tam.dang4783,tam.dang4783@student.sims.edu,,2004-02-27,555-9473,749 Le Loi,Ha Noi,Physics
Hai,Huynh,hai.huynh4784,hai.huynh4784@student.sims.edu,,2001-08-26,555-3429,713 Tran Phu,Ho Chi Minh,Business
Vy,Do,vy.do4785,vy.do4785@student.sims.edu,,2003-10-24,555-9622,903 Nguyen Hue,Ha Noi,Business
Khanh,Nguyen,khanh.nguyen4786,khanh.nguyen4786@student.sims.edu,,2004-04-09,555-8886,588 Hai Ba Trung,Hue,Physics
Ngoc,Ly,ngoc.ly4787,ngoc.ly4787@student.sims.edu,,2004-08-05,555-4514,91 Le Loi,Ha Noi,Mathematics
Hoa,Vu,hoa.vu4788,hoa.vu4788@student.sims.edu,,2005-07-26,555-7594,623 Le Loi,Ho Chi Minh,Mathematics
Hoa,Le,hoa.le4789,hoa.le4789@student.sims.edu,,2004-01-12,555-9660,561 Le Loi,Can Tho,Mathematics
Linh,Huynh,linh.huynh4790,linh.huynh4790@student.sims.edu,,2005-12-08,555-5352,966 Hai Ba Trung,Hai Phong,Electronics
Ngoc,Ho,ngoc.ho4791,ngoc.ho4791@student.sims.edu,,2003-01-11,555-1243,80 Le Loi,Hue,Information Technology
Thu,Ho,thu.ho4792,thu.ho4792@student.sims.edu,,2002-04-18,555-7278,625 Le Loi,Da Nang,Business
Mai,Ly,mai.ly4793,mai.ly4793@student.sims.edu,,2004-10-06,555-2193,30 Tran Phu,Hai Phong,Information Technology
Mai,Le,mai.le4794,mai.le4794@student.sims.edu,,2004-02-09,555-3200,839 Hai Ba Trung,Ho Chi Minh,Mathematics
Khanh,Ngo,khanh.ngo4795,khanh.ngo4795@student.sims.edu,,2005-08-24,555-5706,395 Tran Phu,Hue,Information Technology
Tuan,Do,tuan.do4796,tuan.do4796@student.sims.edu,,2004-06-04,555-1217,963 Hai Ba Trung,Hue,Information Technology
Quyen,Le,quyen.le4797,quyen.le4797@student.sims.edu,,2003-07-18,555-4886,987 Hai Ba Trung,Ho Chi Minh,Information Technology
Dung,Do,dung.do4798,dung.do4798@student.sims.edu,,2005-04-25,555-9280,740 Hai Ba Trung,Can Tho,Computer Science
Ha,Pham,ha.pham4799,ha.pham4799@student.sims.edu,,2001-04-23,555-6189,999 Nguyen Hue,Can Tho,Mathematics
Son,Duong,son.duong4800,son.duong4800@student.sims.edu,,2005-03-18,555-7555,596 Hai Ba Trung,Hai Phong,Computer Science
An,Vo,an.vo4801,an.vo4801@student.sims.edu,,2004-05-06,555-4908,694 Tran Phu,Hue,Electronics
Hung,Le,hung.le4802,hung.le4802@student.sims.edu,,2001-10-07,555-6179,46 Le Loi,Nha Trang,Mathematics
Phong,Do,phong.do4803,phong.do4803@student.sims.edu,,2004-01-15,555-8294,343 Le Loi,Can Tho,Business
Hai,Bui,hai.bui4804,hai.bui4804@student.sims.edu,,2004-06-24,555-2856,466 Le Loi,Nha Trang,Electronics
Tuan,Le,tuan.le4805,tuan.le4805@student.sims.edu,,2005-09-01,555-3527,120 Le Loi,Da Nang,Electronics
Quyen,Duong,quyen.duong4806,quyen.duong4806@student.sims.edu,,2005-01-18,555-3373,387 Hai Ba Trung,Can Tho,Physics
Mai,Vo,mai.vo4807,mai.vo4807@student.sims.edu,,2005-07-14,555-7497,301 Tran Phu,Ha Noi,Mathematics
Minh,Le,minh.le4808,minh.le4808@student.sims.edu,,2001-11-26,555-1846,296 Hai Ba Trung,Hue,Computer Science
Ha,Huynh,ha.huynh4809,ha.huynh4809@student.sims.edu,,2005-01-12,555-3406,623 Nguyen Hue,Nha Trang,Mathematics
Giang,Le,giang.le4810,giang.le4810@student.sims.edu,,2003-08-06,555-6747,922 Hai Ba Trung,Hai Phong,Mathematics
Hai,Ngo,hai.ngo4811,hai.ngo4811@student.sims.edu,,2001-11-28,555-1122,296 Hai Ba Trung,Hue,Physics
Linh,Do,linh.do4812,linh.do4812@student.sims.edu,,2001-12-09,555-1108,72 Tran Phu,Da Nang,Mathematics
Bao,Vu,bao.vu4813,bao.vu4813@student.sims.edu,,2004-09-04,555-1309,935 Hai Ba Trung,Hue,Information Technology
Trang,Ho,trang.ho4814,trang.ho4814@student.sims.edu,,2002-05-05,555-8312,668 Hai Ba Trung,Da Nang,Physics
Quyen,Hoang,quyen.hoang4815,quyen.hoang4815@student.sims.edu,,2005-03-13,555-6746,738 Hai Ba Trung,Hai Phong,Electronics
Vy,Tran,vy.tran4816,vy.tran4816@student.sims.edu,,2002-01-02,555-8202,182 Nguyen Hue,Nha Trang,Electronics
Quyen,Duong,quyen.duong4817,quyen.duong4817@student.sims.edu,,2004-10-17,555-6977,197 Hai Ba Trung,Can Tho,Business
Nam,Le,nam.le4818,nam.le4818@student.sims.edu,,2005-07-07,555-9825,827 Le Loi,Can Tho,Electronics
Hoa,Ho,hoa.ho4819,hoa.ho4819@student.sims.edu,,2002-01-15,555-9853,696 Tran Phu,Nha Trang,Computer Science
Ha,Tran,ha.tran4820,ha.tran4820@student.sims.edu,,2002-12-01,555-8093,856 Nguyen Hue,Ho Chi Minh,Physics
Bao,Tran,bao.tran4821,bao.tran4821@student.sims.edu,,2001-08-26,555-2976,185 Nguyen Hue,Da Nang,Electronics
An,Le,an.le4822,an.le4822@student.sims.edu,,2002-01-02,555-6712,846 Tran Phu,Hue,Information Technology
Nam,Hoang,nam.hoang4823,nam.hoang4823@student.sims.edu,,2004-10-09,555-8114,807 Le Loi,Nha Trang,Computer Science
Khanh,Bui,khanh.bui4824,khanh.bui4824@student.sims.edu,,2002-02-19,555-9180,692 Tran Phu,Hue,Information Technology
Lan,Bui,lan.bui4825,lan.bui4825@student.sims.edu,,2004-03-13,555-6140,447 Tran Phu,Ha Noi,Electronics
Hoa,Ngo,hoa.ngo4826,hoa.ngo4826@student.sims.edu,,2004-08-08,555-5369,926 Hai Ba Trung,Nha Trang,Information Technology
Thu,Vu,thu.vu4827,thu.vu4827@student.sims.edu,,2005-04-05,555-2653,876 Nguyen Hue,Ha Noi,Electronics
Tuan,Ly,tuan.ly4828,tuan.ly4828@student.sims.edu,,2002-06-27,555-5584,941 Tran Phu,Ho Chi Minh,Physics
An,Duong,an.duong4829,an.duong4829@student.sims.edu,,2004-11-17,555-8568,972 Hai Ba Trung,Ho Chi Minh,Mathematics
Tam,Vu,tam.vu4830,tam.vu4830@student.sims.edu,,2003-04-10,555-9615,973 Tran Phu,Da Nang,Business
Hung,Pham,hung.pham4831,hung.pham4831@student.sims.edu,,2005-10-03,555-6640,304 Hai Ba Trung,Nha Trang,Physics
Quyen,Pham,quyen.pham4832,quyen.pham4832@student.sims.edu,,2004-08-15,555-5821,451 Tran Phu,Ho Chi Minh,Business
Son,Le,son.le4833,son.le4833@student.sims.edu,,2001-05-05,555-1624,687 Nguyen Hue,Can Tho,Physics
Phong,Vu,phong.vu4834,phong.vu4834@student.sims.edu,,2004-01-16,555-4076,718 Tran Phu,Ha Noi,Information Technology
Son,Dang,son.dang4835,son.dang4835@student.sims.edu,,2005-10-15,555-3557,535 Le Loi,Nha Trang,Computer Science
Thu,Nguyen,thu.nguyen4836,thu.nguyen4836@student.sims.edu,,2005-11-20,555-5372,658 Nguyen Hue,Da Nang,Mathematics
Duc,Bui,duc.bui4837,duc.bui4837@student.sims.edu,,2002-04-20,555-5940,45 Le Loi,Hai Phong,Physics
Khanh,Tran,khanh.tran4838,khanh.tran4838@student.sims.edu,,2001-12-07,555-8366,937 Le Loi,Nha Trang,Information Technology
Lan,Vo,lan.vo4839,lan.vo4839@student.sims.edu,,2002-06-23,555-7477,970 Hai Ba Trung,Nha Trang,Physics
Khanh,Bui,khanh.bui4840,khanh.bui4840@student.sims.edu,,2004-10-14,555-4448,171 Hai Ba Trung,Ha Noi,Information Technology
Khanh,Tran,khanh.tran4841,khanh.tran4841@student.sims.edu,,2003-12-26,555-2554,700 Le Loi,Can Tho,Computer Science
Ngoc,Bui,ngoc.bui4842,ngoc.bui4842@student.sims.edu,,2003-11-18,555-2960,283 Le Loi,Ho Chi Minh,Information Technology
Son,Ngo,son.ngo4843,son.ngo4843@student.sims.edu,,2003-08-18,555-9650,686 Tran Phu,Da Nang,Electronics
Thao,Le,thao.le4844,thao.le4844@student.sims.edu,,2001-09-24,555-5494,815 Tran Phu,Da Nang,Computer Science
Son,Ly,son.ly4845,son.ly4845@student.sims.edu,,2002-07-20,555-1153,381 Le Loi,Ha Noi,Electronics
Linh,Pham,linh.pham4846,linh.pham4846@student.sims.edu,,2004-10-22,555-5035,960 Tran Phu,Da Nang,Information Technology
Thu,Ngo,thu.ngo4847,thu.ngo4847@student.sims.edu,,2003-07-21,555-6465,856 Hai Ba Trung,Hue,Electronics
Dung,Bui,dung.bui4848,dung.bui4848@student.sims.edu,,2003-07-25,555-9735,241 Le Loi,Nha Trang,Information Technology
Giang,Vo,giang.vo4849,giang.vo4849@student.sims.edu,,2004-12-19,555-4557,555 Le Loi,Hai Phong,Computer Science
Chi,Ho,chi.ho4850,chi.ho4850@student.sims.edu,,2001-07-25,555-9659,694 Le Loi,Ha Noi,Physics
Tuan,Hoang,tuan.hoang4851,tuan.hoang4851@student.sims.edu,,2003-08-22,555-2749,909 Hai Ba Trung,Can Tho,Physics
Quyen,Dang,quyen.dang4852,quyen.dang4852@student.sims.edu,,2005-12-22,555-5435,993 Hai Ba Trung,Da Nang,Electronics
Hoa,Do,hoa.do4853,hoa.do4853@student.sims.edu,,2003-01-08,555-4096,943 Le Loi,Ha Noi,Mathematics
Mai,Bui,mai.bui4854,mai.bui4854@student.sims.edu,,2001-07-15,555-5311,775 Nguyen Hue,Can Tho,Information Technology
Minh,Dang,minh.dang4855,minh.dang4855@student.sims.edu,,2001-04-02,555-4554,674 Le Loi,Ho Chi Minh,Physics
Mai,Nguyen,mai.nguyen4856,mai.nguyen4856@student.sims.edu,,2002-05-11,555-8221,115 Tran Phu,Hue,Physics
Yen,Le,yen.le4857,yen.le4857@student.sims.edu,,2001-08-14,555-7559,96 Hai Ba Trung,Hue,Business
An,Pham,an.pham4858,an.pham4858@student.sims.edu,,2002-02-24,555-1304,324 Hai Ba Trung,Can Tho,Electronics
Mai,Tran,mai.tran4859,mai.tran4859@student.sims.edu,,2001-11-21,555-5696,809 Hai Ba Trung,Hai Phong,Business
Bao,Ho,bao.ho4860,bao.ho4860@student.sims.edu,,2004-09-07,555-8767,25 Le Loi,Hai Phong,Information Technology
Thao,Ho,thao.ho4861,thao.ho4861@student.sims.edu,,2004-01-19,555-8702,619 Tran Phu,Nha Trang,Business
Thu,Hoang,thu.hoang4862,thu.hoang4862@student.sims.edu,,2001-12-08,555-2866,527 Le Loi,Ho Chi Minh,Physics
Quyen,Le,quyen.le4863,quyen.le4863@student.sims.edu,,2003-11-24,555-3801,402 Le Loi,Hai Phong,Business
An,Tran,an.tran4864,an.tran4864@student.sims.edu,,2001-09-04,555-4945,812 Hai Ba Trung,Hai Phong,Computer Science
Yen,Huynh,yen.huynh4865,yen.huynh4865@student.sims.edu,,2003-05-02,555-6632,275 Hai Ba Trung,Hue,Mathematics
Yen,Dang,yen.dang4866,yen.dang4866@student.sims.edu,,2002-06-06,555-7431,197 Hai Ba Trung,Hai Phong,Electronics
Nga,Ngo,nga.ngo4867,nga.ngo4867@student.sims.edu,,2004-05-27,555-7839,265 Nguyen Hue,Can Tho,Mathematics
Quang,Ngo,quang.ngo4868,quang.ngo4868@student.sims.edu,,2002-01-13,555-4928,828 Tran Phu,Ha Noi,Physics
Bao,Vo,bao.vo4869,bao.vo4869@student.sims.edu,,2004-05-08,555-7260,864 Le Loi,Can Tho,Mathematics
Bao,Ho,bao.ho4870,bao.ho4870@student.sims.edu,,2002-05-15,555-6521,28 Le Loi,Ha Noi,Business
Nam,Dang,nam.dang4871,nam.dang4871@student.sims.edu,,2003-10-11,555-3486,692 Tran Phu,Hue,Physics
Tam,Nguyen,tam.nguyen4872,tam.nguyen4872@student.sims.edu,,2001-10-27,555-4318,20 Tran Phu,Can Tho,Business
Son,Pham,son.pham4873,son.pham4873@student.sims.edu,,2005-09-03,555-2264,934 Le Loi,Hue,Information Technology
Son,Nguyen,son.nguyen4874,son.nguyen4874@student.sims.edu,,2004-03-02,555-4059,97 Tran Phu,Can Tho,Physics
Hung,Vu,hung.vu4875,hung.vu4875@student.sims.edu,,2002-01-17,555-1574,753 Nguyen Hue,Can Tho,Computer Science
Ngoc,Hoang,ngoc.hoang4876,ngoc.hoang4876@student.sims.edu,,2005-12-02,555-6676,25 Hai Ba Trung,Da Nang,Physics
Yen,Le,yen.le4877,yen.le4877@student.sims.edu,,2001-10-22,555-5629,613 Le Loi,Ha Noi,Mathematics
Linh,Vo,linh.vo4878,linh.vo4878@student.sims.edu,,2001-03-16,555-3671,424 Hai Ba Trung,Hai Phong,Electronics
Quyen,Bui,quyen.bui4879,quyen.bui4879@student.sims.edu,,2004-04-06,555-6218,728 Nguyen Hue,Hue,Information Technology
Nam,Nguyen,nam.nguyen4880,nam.nguyen4880@student.sims.edu,,2002-08-21,555-8769,51 Tran Phu,Can Tho,Mathematics
Trang,Ngo,trang.ngo4881,trang.ngo4881@student.sims.edu,,2003-06-25,555-4106,765 Le Loi,Ho Chi Minh,Physics
Mai,Vu,mai.vu4882,mai.vu4882@student.sims.edu,,2005-08-28,555-1409,711 Tran Phu,Can Tho,Physics
Mai,Vo,mai.vo4883,mai.vo4883@student.sims.edu,,2005-02-18,555-4954,597 Tran Phu,Da Nang,Information Technology
Son,Ngo,son.ngo4884,son.ngo4884@student.sims.edu,,2003-07-19,555-3165,420 Tran Phu,Ho Chi Minh,Physics
Linh,Vo,linh.vo4885,linh.vo4885@student.sims.edu,,2001-11-16,555-4969,589 Le Loi,Hai Phong,Electronics
Trang,Vo,trang.vo4886,trang.vo4886@student.sims.edu,,2004-09-28,555-4425,15 Nguyen Hue,Da Nang,Information Technology
Hai,Nguyen,hai.nguyen4887,hai.nguyen4887@student.sims.edu,,2004-03-20,555-8150,892 Hai Ba Trung,Hai Phong,Physics
Tam,Bui,tam.bui4888,tam.bui4888@student.sims.edu,,2002-09-01,555-1130,940 Le Loi,Ho Chi Minh,Information Technology
Hung,Vu,hung.vu4889,hung.vu4889@student.sims.edu,,2003-05-11,555-1700,742 Nguyen Hue,Nha Trang,Business
Trang,Do,trang.do4890,trang.do4890@student.sims.edu,,2001-05-09,555-9845,930 Tran Phu,Ha Noi,Electronics
Giang,Vo,giang.vo4891,giang.vo4891@student.sims.edu,,2001-02-17,555-1311,945 Hai Ba Trung,Hai Phong,Business
Hai,Le,hai.le4892,hai.le4892@student.sims.edu,,2004-03-14,555-6445,260 Le Loi,Hai Phong,Information Technology
Duc,Huynh,duc.huynh4893,duc.huynh4893@student.sims.edu,,2002-03-22,555-6670,331 Nguyen Hue,Nha Trang,Mathematics
Bao,Nguyen,bao.nguyen4894,bao.nguyen4894@student.sims.edu,,2002-11-01,555-7543,11 Tran Phu,Hai Phong,Business
Khanh,Duong,khanh.duong4895,khanh.duong4895@student.sims.edu,,2002-04-12,555-9608,139 Nguyen Hue,Da Nang,Business
Thu,Le,thu.le4896,thu.le4896@student.sims.edu,,2003-01-13,555-9245,622 Le Loi,Ho Chi Minh,Computer Science
Quyen,Vo,quyen.vo4897,quyen.vo4897@student.sims.edu,,2003-06-13,555-9723,186 Le Loi,Ho Chi Minh,Mathematics
Nam,Dang,nam.dang4898,nam.dang4898@student.sims.edu,,2005-11-10,555-3910,561 Hai Ba Trung,Ha Noi,Computer Science
Hai,Pham,hai.pham4899,hai.pham4899@student.sims.edu,,2003-05-18,555-3188,921 Hai Ba Trung,Nha Trang,Electronics
Ngoc,Ho,ngoc.ho4900,ngoc.ho4900@student.sims.edu,,2004-08-05,555-8934,618 Le Loi,Da Nang,Physics
Ngoc,Ho,ngoc.ho4901,ngoc.ho4901@student.sims.edu,,2004-05-03,555-6479,65 Tran Phu,Ha Noi,Business
Linh,Duong,linh.duong4902,linh.duong4902@student.sims.edu,,2005-07-05,555-9998,990 Hai Ba Trung,Hue,Business
Nga,Duong,nga.duong4903,nga.duong4903@student.sims.edu,,2001-04-13,555-8673,938 Le Loi,Da Nang,Business
Nam,Ly,nam.ly4904,nam.ly4904@student.sims.edu,,2002-08-03,555-8392,632 Tran Phu,Can Tho,Physics
Tuan,Pham,tuan.pham4905,tuan.pham4905@student.sims.edu,,2005-02-14,555-1834,407 Tran Phu,Ho Chi Minh,Information Technology
Binh,Ngo,binh.ngo4906,binh.ngo4906@student.sims.edu,,2003-01-14,555-5971,304 Nguyen Hue,Nha Trang,Information Technology
Hoa,Ho,hoa.ho4907,hoa.ho4907@student.sims.edu,,2005-08-11,555-1422,873 Tran Phu,Hai Phong,Mathematics
Hoa,Vo,hoa.vo4908,hoa.vo4908@student.sims.edu,,2004-02-09,555-6237,9 Nguyen Hue,Hai Phong,Mathematics
Trang,Le,trang.le4909,trang.le4909@student.sims.edu,,2004-09-28,555-9360,503 Tran Phu,Hue,Physics
Hung,Dang,hung.dang4910,hung.dang4910@student.sims.edu,,2004-03-23,555-3411,954 Nguyen Hue,Da Nang,Computer Science
Hoa,Nguyen,hoa.nguyen4911,hoa.nguyen4911@student.sims.edu,,2003-07-17,555-9002,153 Le Loi,Hue,Electronics
Nga,Vu,nga.vu4912,nga.vu4912@student.sims.edu,,2004-04-25,555-9617,314 Nguyen Hue,Da Nang,Mathematics
Thao,Do,thao.do4913,thao.do4913@student.sims.edu,,2005-12-21,555-1374,412 Hai Ba Trung,Ho Chi Minh,Physics
Quang,Ly,quang.ly4914,quang.ly4914@student.sims.edu,,2005-07-02,555-9641,779 Hai Ba Trung,Can Tho,Computer Science
Ha,Hoang,ha.hoang4915,ha.hoang4915@student.sims.edu,,2003-08-10,555-5365,186 Hai Ba Trung,Nha Trang,Physics
Trang,Pham,trang.pham4916,trang.pham4916@student.sims.edu,,2001-04-02,555-4074,358 Hai Ba Trung,Hai Phong,Mathematics
Hai,Vu,hai.vu4917,hai.vu4917@student.sims.edu,,2004-12-18,555-8987,269 Le Loi,Nha Trang,Electronics
Ha,Ho,ha.ho4918,ha.ho4918@student.sims.edu,,2003-05-14,555-9215,675 Le Loi,Nha Trang,Physics
Ngoc,Tran,ngoc.tran4919,ngoc.tran4919@student.sims.edu,,2005-08-19,555-3734,159 Tran Phu,Nha Trang,Mathematics
Hung,Vu,hung.vu4920,hung.vu4920@student.sims.edu,,2004-02-25,555-4712,831 Nguyen Hue,Can Tho,Information Technology
Trang,Bui,trang.bui4921,trang.bui4921@student.sims.edu,,2001-08-14,555-4534,281 Le Loi,Ha Noi,Business
Hoa,Pham,hoa.pham4922,hoa.pham4922@student.sims.edu,,2005-03-06,555-3267,325 Nguyen Hue,Nha Trang,Information Technology
Son,Do,son.do4923,son.do4923@student.sims.edu,,2001-03-19,555-8290,878 Tran Phu,Hai Phong,Electronics
Linh,Vu,linh.vu4924,linh.vu4924@student.sims.edu,,2005-01-15,555-7744,123 Tran Phu,Nha Trang,Information Technology
Ha,Bui,ha.bui4925,ha.bui4925@student.sims.edu,,2002-02-04,555-6797,570 Le Loi,Hue,Physics
Giang,Tran,giang.tran4926,giang.tran4926@student.sims.edu,,2002-12-24,555-3133,418 Le Loi,Ho Chi Minh,Physics
Khanh,Le,khanh.le4927,khanh.le4927@student.sims.edu,,2005-06-20,555-8353,259 Hai Ba Trung,Nha Trang,Computer Science
Dung,Ho,dung.ho4928,dung.ho4928@student.sims.edu,,2003-07-27,555-3238,224 Nguyen Hue,Nha Trang,Information Technology
Tam,Do,tam.do4929,tam.do4929@student.sims.edu,,2005-12-22,555-4577,145 Hai Ba Trung,Ho Chi Minh,Information Technology
Nga,Tran,nga.tran4930,nga.tran4930@student.sims.edu,,2004-03-15,555-7315,421 Nguyen Hue,Ho Chi Minh,Electronics
Dung,Tran,dung.tran4931,dung.tran4931@student.sims.edu,,2004-12-11,555-4546,252 Hai Ba Trung,Can Tho,Business
Thu,Le,thu.le4932,thu.le4932@student.sims.edu,,2001-05-06,555-5988,331 Nguyen Hue,Ha Noi,Computer Science
An,Bui,an.bui4933,an.bui4933@student.sims.edu,,2002-06-10,555-4103,246 Tran Phu,Hai Phong,Business
Hai,Huynh,hai.huynh4934,hai.huynh4934@student.sims.edu,,2005-03-24,555-6859,305 Nguyen Hue,Ha Noi,Physics
Quang,Ly,quang.ly4935,quang.ly4935@student.sims.edu,,2005-06-16,555-1313,494 Le Loi,Ho Chi Minh,Physics
Hai,Do,hai.do4936,hai.do4936@student.sims.edu,,2004-11-04,555-5275,951 Hai Ba Trung,Da Nang,Electronics
Duc,Hoang,duc.hoang4937,duc.hoang4937@student.sims.edu,,2002-05-23,555-9275,558 Tran Phu,Ha Noi,Electronics
Dung,Ly,dung.ly4938,dung.ly4938@student.sims.edu,,2004-10-01,555-8081,631 Le Loi,Nha Trang,Computer Science
Hung,Vu,hung.vu4939,hung.vu4939@student.sims.edu,,2004-06-23,555-4464,758 Hai Ba Trung,Nha Trang,Information Technology
Mai,Ly,mai.ly4940,mai.ly4940@student.sims.edu,,2004-05-19,555-2937,302 Nguyen Hue,Nha Trang,Electronics
Quang,Dang,quang.dang4941,quang.dang4941@student.sims.edu,,2004-11-23,555-8672,779 Nguyen Hue,Da Nang,Physics
Quang,Ngo,quang.ngo4942,quang.ngo4942@student.sims.edu,,2005-12-18,555-4029,719 Le Loi,Da Nang,Electronics
Quyen,Do,quyen.do4943,quyen.do4943@student.sims.edu,,2004-11-26,555-8764,93 Nguyen Hue,Hai Phong,Information Technology
Thu,Vo,thu.vo4944,thu.vo4944@student.sims.edu,,2001-05-18,555-1395,754 Hai Ba Trung,Nha Trang,Information Technology
Phong,Vu,phong.vu4945,phong.vu4945@student.sims.edu,,2001-07-06,555-2068,942 Le Loi,Hue,Computer Science
Hoa,Ngo,hoa.ngo4946,hoa.ngo4946@student.sims.edu,,2002-06-07,555-3804,247 Tran Phu,Can Tho,Business
Thao,Ngo,thao.ngo4947,thao.ngo4947@student.sims.edu,,2004-07-11,555-7535,572 Hai Ba Trung,Da Nang,Information Technology
Thao,Bui,thao.bui4948,thao.bui4948@student.sims.edu,,2002-02-24,555-3338,604 Le Loi,Can Tho,Mathematics
Ngoc,Bui,ngoc.bui4949,ngoc.bui4949@student.sims.edu,,2005-06-09,555-7503,647 Le Loi,Ho Chi Minh,Physics
Quyen,Nguyen,quyen.nguyen4950,quyen.nguyen4950@student.sims.edu,,2005-09-13,555-5003,268 Nguyen Hue,Ha Noi,Information Technology
Quang,Vu,quang.vu4951,quang.vu4951@student.sims.edu,,2005-08-02,555-4900,363 Tran Phu,Ha Noi,Electronics
Dung,Dang,dung.dang4952,dung.dang4952@student.sims.edu,,2004-10-18,555-8183,427 Hai Ba Trung,Nha Trang,Electronics
Thu,Pham,thu.pham4953,thu.pham4953@student.sims.edu,,2005-07-14,555-6536,370 Tran Phu,Hue,Computer Science
Mai,Le,mai.le4954,mai.le4954@student.sims.edu,,2001-05-02,555-3379,996 Nguyen Hue,Ho Chi Minh,Physics
Ngoc,Huynh,ngoc.huynh4955,ngoc.huynh4955@student.sims.edu,,2005-11-08,555-9944,463 Nguyen Hue,Da Nang,Computer Science
Hoa,Dang,hoa.dang4956,hoa.dang4956@student.sims.edu,,2001-12-04,555-3563,517 Tran Phu,Can Tho,Electronics
Nam,Dang,nam.dang4957,nam.dang4957@student.sims.edu,,2001-02-27,555-7320,866 Le Loi,Hue,Information Technology
Khanh,Nguyen,khanh.nguyen4958,khanh.nguyen4958@student.sims.edu,,2002-07-26,555-2020,170 Nguyen Hue,Nha Trang,Electronics
Tuan,Do,tuan.do4959,tuan.do4959@student.sims.edu,,2001-12-26,555-6306,245 Nguyen Hue,Hue,Business
Hai,Pham,hai.pham4960,hai.pham4960@student.sims.edu,,2001-02-03,555-5019,856 Hai Ba Trung,Ho Chi Minh,Business
Chi,Bui,chi.bui4961,chi.bui4961@student.sims.edu,,2001-11-10,555-3961,311 Le Loi,Hue,Business
Dung,Bui,dung.bui4962,dung.bui4962@student.sims.edu,,2003-08-10,555-6530,312 Nguyen Hue,Nha Trang,Information Technology
Tuan,Duong,tuan.duong4963,tuan.duong4963@student.sims.edu,,2001-06-09,555-4517,614 Hai Ba Trung,Ho Chi Minh,Computer Science
Ha,Huynh,ha.huynh4964,ha.huynh4964@student.sims.edu,,2004-09-03,555-6846,621 Hai Ba Trung,Ho Chi Minh,Mathematics
Vy,Bui,vy.bui4965,vy.bui4965@student.sims.edu,,2002-11-21,555-8740,694 Hai Ba Trung,Hai Phong,Computer Science
Yen,Vu,yen.vu4966,yen.vu4966@student.sims.edu,,2005-06-06,555-4157,393 Nguyen Hue,Ha Noi,Physics
Phong,Tran,phong.tran4967,phong.tran4967@student.sims.edu,,2005-07-12,555-1262,447 Hai Ba Trung,Ha Noi,Electronics
Quang,Ngo,quang.ngo4968,quang.ngo4968@student.sims.edu,,2003-06-14,555-9194,954 Le Loi,Ho Chi Minh,Mathematics
Minh,Nguyen,minh.nguyen4969,minh.nguyen4969@student.sims.edu,,2001-05-01,555-6859,237 Tran Phu,Ho Chi Minh,Computer Science
Quang,Dang,quang.dang4970,quang.dang4970@student.sims.edu,,2001-06-14,555-5991,967 Tran Phu,Nha Trang,Business
Dung,Ho,dung.ho4971,dung.ho4971@student.sims.edu,,2001-04-18,555-4641,560 Le Loi,Ha Noi,Mathematics
Ha,Vo,ha.vo4972,ha.vo4972@student.sims.edu,,2003-05-04,555-1369,642 Hai Ba Trung,Nha Trang,Business
Quang,Do,quang.do4973,quang.do4973@student.sims.edu,,2003-01-20,555-1844,869 Hai Ba Trung,Ho Chi Minh,Business
Son,Vo,son.vo4974,son.vo4974@student.sims.edu,,2005-09-22,555-2927,925 Tran Phu,Hai Phong,Computer Science
Quang,Do,quang.do4975,quang.do4975@student.sims.edu,,2001-07-25,555-8729,744 Tran Phu,Can Tho,Electronics
Nam,Ngo,nam.ngo4976,nam.ngo4976@student.sims.edu,,2004-07-03,555-6819,578 Le Loi,Ha Noi,Computer Science
Giang,Ho,giang.ho4977,giang.ho4977@student.sims.edu,,2003-06-13,555-5210,458 Le Loi,Da Nang,Mathematics
Mai,Le,mai.le4978,mai.le4978@student.sims.edu,,2003-12-19,555-5419,166 Tran Phu,Da Nang,Information Technology
Tuan,Vo,tuan.vo4979,tuan.vo4979@student.sims.edu,,2005-12-21,555-3367,491 Le Loi,Can Tho,Information Technology
Ngoc,Vu,ngoc.vu4980,ngoc.vu4980@student.sims.edu,,2004-03-01,555-1718,206 Le Loi,Hai Phong,Physics
Duc,Bui,duc.bui4981,duc.bui4981@student.sims.edu,,2005-05-05,555-8035,370 Nguyen Hue,Ha Noi,Information Technology
An,Vu,an.vu4982,an.vu4982@student.sims.edu,,2001-05-26,555-9414,910 Tran Phu,Can Tho,Electronics
Hai,Vo,hai.vo4983,hai.vo4983@student.sims.edu,,2005-09-25,555-6246,476 Nguyen Hue,Hue,Business
Phong,Pham,phong.pham4984,phong.pham4984@student.sims.edu,,2005-07-25,555-9591,934 Hai Ba Trung,Hue,Business
Hung,Dang,hung.dang4985,hung.dang4985@student.sims.edu,,2005-05-14,555-5818,663 Le Loi,Da Nang,Electronics
Nga,Ho,nga.ho4986,nga.ho4986@student.sims.edu,,2002-06-13,555-2615,117 Tran Phu,Nha Trang,Physics
Duc,Pham,duc.pham4987,duc.pham4987@student.sims.edu,,2004-06-01,555-6574,401 Nguyen Hue,Can Tho,Electronics
Lan,Huynh,lan.huynh4988,lan.huynh4988@student.sims.edu,,2002-08-08,555-3823,60 Tran Phu,Hue,Electronics
Quang,Vu,quang.vu4989,quang.vu4989@student.sims.edu,,2002-10-27,555-4965,644 Le Loi,Da Nang,Computer Science
Hai,Duong,hai.duong4990,hai.duong4990@student.sims.edu,,2005-01-17,555-6163,674 Le Loi,Ho Chi Minh,Information Technology
Binh,Ho,binh.ho4991,binh.ho4991@student.sims.edu,,2004-09-15,555-6441,536 Tran Phu,Ho Chi Minh,Business
Duc,Dang,duc.dang4992,duc.dang4992@student.sims.edu,,2002-12-10,555-3894,115 Nguyen Hue,Nha Trang,Physics
Tam,Bui,tam.bui4993,tam.bui4993@student.sims.edu,,2003-01-02,555-3884,450 Tran Phu,Ho Chi Minh,Physics
Quang,Pham,quang.pham4994,quang.pham4994@student.sims.edu,,2003-09-24,555-1531,798 Tran Phu,Ho Chi Minh,Computer Science
Vy,Do,vy.do4995,vy.do4995@student.sims.edu,,2003-09-02,555-7414,622 Hai Ba Trung,Hue,Information Technology
Linh,Do,linh.do4996,linh.do4996@student.sims.edu,,2003-04-03,555-5868,305 Hai Ba Trung,Can Tho,Information Technology
Quyen,Nguyen,quyen.nguyen4997,quyen.nguyen4997@student.sims.edu,,2001-09-15,555-7889,236 Tran Phu,Nha Trang,Information Technology
Dung,Vo,dung.vo4998,dung.vo4998@student.sims.edu,,2004-05-01,555-4886,768 Hai Ba Trung,Hue,Mathematics
Dung,Ly,dung.ly4999,dung.ly4999@student.sims.edu,,2002-01-02,555-9992,372 Tran Phu,Hai Phong,Computer Science
Nga,Le,nga.le5000,nga.le5000@student.sims.edu,,2005-04-16,555-1857,303 Hai Ba Trung,Can Tho,Business
